img_rel_path,label_rel_path,has_label_file,category_label,detection_label,environment_label
images/pyronear_salaunes_1_1_2023_08_09T18_11_59.jpg,labels/pyronear_salaunes_1_1_2023_08_09T18_11_59.txt,True,nuagesbas,['nuagesbas'],[]
images/pyronear_courmettes_1_2023_11_07T14_03_17.jpg,labels/pyronear_courmettes_1_2023_11_07T14_03_17.txt,True,nuagesbas,['nuagesbas'],[]
images/pyronear_brison_3_2023_08_29T06_13_44.jpg,labels/pyronear_brison_3_2023_08_29T06_13_44.txt,True,montagne,['montagne'],[]
images/pyronear_valbonne_2_2023_11_05T15_54_38.jpg,labels/pyronear_valbonne_2_2023_11_05T15_54_38.txt,True,nuagesbas,['nuagesbas'],[]
images/pyronear_marguerite_1_2023_09_16T12_39_29.jpg,labels/pyronear_marguerite_1_2023_09_16T12_39_29.txt,True,nuagesbas,['nuagesbas'],[]
images/pyronear_brison_2_2023_10_30T08_14_22.jpg,labels/pyronear_brison_2_2023_10_30T08_14_22.txt,True,brume,"['batiment', 'brume']",['brume']
images/pyronear_marguerite_2_2023_09_10T18_10_50.jpg,labels/pyronear_marguerite_2_2023_09_10T18_10_50.txt,True,nuagesbas,['nuagesbas'],['soleilcouchant']
images/pyronear_marguerite_1_2023_09_10T16_17_43.jpg,labels/pyronear_marguerite_1_2023_09_10T16_17_43.txt,True,glare,['glare'],[]
images/pyronear_courmettes_1_2023_10_05T05_11_09.jpg,labels/pyronear_courmettes_1_2023_10_05T05_11_09.txt,True,nuagesbas,['nuagesfiligranes'],[]
images/pyronear_courmettes_1_2023_09_29T06_19_14.jpg,labels/pyronear_courmettes_1_2023_09_29T06_19_14.txt,True,glare,"['glaretacherouge', 'soleilrefletslac']",[]
images/pyronear_salaunes_1_4_2023_10_02T17_20_49.jpg,labels/pyronear_salaunes_1_4_2023_10_02T17_20_49.txt,True,glare,['glareptjaune'],[]
images/pyronear_courmettes_4_2023_09_29T17_03_16.jpg,labels/pyronear_courmettes_4_2023_09_29T17_03_16.txt,True,soleil,['soleil'],['batiment']
images/pyronear_brison_2_2023_10_30T13_43_27.jpg,labels/pyronear_brison_2_2023_10_30T13_43_27.txt,True,brume,"['batiment', 'brume']",['brume']
images/pyronear_brison_4_2023_10_28T06_12_52.jpg,labels/pyronear_brison_4_2023_10_28T06_12_52.txt,True,nuagesbas,['nuagesbas'],[]
images/pyronear_marguerite_1_2023_06_27T03_32_35.jpg,labels/pyronear_marguerite_1_2023_06_27T03_32_35.txt,True,nuagesbas,['nuagesbas'],['nuit']
images/pyronear_salaunes_2_4_2023_08_19T04_59_04.jpg,labels/pyronear_salaunes_2_4_2023_08_19T04_59_04.txt,True,tuyau,['tuyau'],[]
images/pyronear_courmettes_1_2023_11_07T13_50_16.jpg,labels/pyronear_courmettes_1_2023_11_07T13_50_16.txt,True,nuagesbas,['nuagesbas'],[]
images/pyronear_valbonne_4_2023_10_29T09_47_23.jpg,labels/pyronear_valbonne_4_2023_10_29T09_47_23.txt,True,nuagesbas,['nuagesbas'],[]
images/pyronear_salaunes_2_1_2023_06_06T18_06_58.jpg,labels/pyronear_salaunes_2_1_2023_06_06T18_06_58.txt,True,grosnuages,['grosnuages'],[]
images/pyronear_courmettes_2_2023_10_20T09_50_36.jpg,labels/pyronear_courmettes_2_2023_10_20T09_50_36.txt,True,grosnuages,['grosnuages'],['brume']
images/pyronear_cabanelle_1_2023_10_10T14_55_22.jpg,labels/pyronear_cabanelle_1_2023_10_10T14_55_22.txt,True,grosnuages,"['grosnuages', 'nuagesbas']",[]
images/pyronear_valbonne_3_2023_10_20T10_43_09.jpg,labels/pyronear_valbonne_3_2023_10_20T10_43_09.txt,True,nuagesbas,['nuagesbas'],[]
images/pyronear_salaunes_2_2_2023_09_03T05_14_31.jpg,labels/pyronear_salaunes_2_2_2023_09_03T05_14_31.txt,True,panneausolaire,['panneausolaire'],[]
images/pyronear_marguerite_1_2023_08_22T13_58_45.jpg,labels/pyronear_marguerite_1_2023_08_22T13_58_45.txt,True,soleil,['soleilrayons'],[]
images/pyronear_marguerite_4_2023_10_29T13_26_14.jpg,labels/pyronear_marguerite_4_2023_10_29T13_26_14.txt,True,batiment,['batiment'],"['brume', 'pluie']"
images/pyronear_ferion_2_2023_10_17T14_29_45.jpg,labels/pyronear_ferion_2_2023_10_17T14_29_45.txt,True,nuagesbas,['nuagesbas'],['brume']
images/pyronear_marguerite_3_2023_09_18T09_00_27.jpg,labels/pyronear_marguerite_3_2023_09_18T09_00_27.txt,True,arbre,['arbre'],['brume']
images/pyronear_brison_2_2023_10_30T08_17_55.jpg,labels/pyronear_brison_2_2023_10_30T08_17_55.txt,True,brume,"['batiment', 'brume']",['brume']
images/pyronear_marguerite_3_2023_09_18T10_27_31.jpg,labels/pyronear_marguerite_3_2023_09_18T10_27_31.txt,True,arbre,['arbre'],['brume']
images/pyronear_brison_1_2023_09_13T07_40_49.jpg,labels/pyronear_brison_1_2023_09_13T07_40_49.txt,True,nuagesbas,['nuagesbas'],[]
images/pyronear_brison_2_2023_09_18T08_36_46.jpg,labels/pyronear_brison_2_2023_09_18T08_36_46.txt,True,brume,"['batiment', 'brume']",['brume']
images/pyronear_ferion_2_2023_10_29T15_01_14.jpg,labels/pyronear_ferion_2_2023_10_29T15_01_14.txt,True,grosnuages,['grosnuages'],[]
images/pyronear_valbonne_4_2023_11_02T08_56_10.jpg,labels/pyronear_valbonne_4_2023_11_02T08_56_10.txt,True,nuagesbas,['nuagesbas'],[]
images/pyronear_salaunes_1_4_2023_09_29T17_06_57.jpg,labels/pyronear_salaunes_1_4_2023_09_29T17_06_57.txt,True,glare,['glareptjaune'],[]
images/pyronear_salaunes_1_4_2023_10_04T17_16_47.jpg,labels/pyronear_salaunes_1_4_2023_10_04T17_16_47.txt,True,glare,['glareptjaune'],[]
images/pyronear_marguerite_4_2023_09_21T12_38_35.jpg,labels/pyronear_marguerite_4_2023_09_21T12_38_35.txt,True,tache,"['batiment', 'tache']","['brume', 'pluie']"
images/pyronear_cabanelle_1_2023_10_10T09_12_43.jpg,labels/pyronear_cabanelle_1_2023_10_10T09_12_43.txt,True,grosnuages,"['grosnuages', 'nuagesbas']",[]
images/pyronear_valbonne_4_2023_10_28T16_34_07.jpg,labels/pyronear_valbonne_4_2023_10_28T16_34_07.txt,True,nuagesbas,['nuagesbas'],[]
images/pyronear_valbonne_2_2023_11_05T16_07_08.jpg,labels/pyronear_valbonne_2_2023_11_05T16_07_08.txt,True,nuagesbas,['nuagesbas'],[]
images/pyronear_marguerite_2_2023_08_15T18_43_50.jpg,labels/pyronear_marguerite_2_2023_08_15T18_43_50.txt,True,nuagesbas,['nuagesbas'],['soleilcouchant']
images/pyronear_marguerite_1_2023_08_22T16_11_47.jpg,labels/pyronear_marguerite_1_2023_08_22T16_11_47.txt,True,soleil,['soleilrayons'],[]
images/pyronear_valbonne_4_2023_10_29T07_03_17.jpg,labels/pyronear_valbonne_4_2023_10_29T07_03_17.txt,True,nuagesbas,['nuagesbas'],[]
images/pyronear_ferion_2_2023_10_17T14_42_06.jpg,labels/pyronear_ferion_2_2023_10_17T14_42_06.txt,True,nuagesbas,['nuagesbas'],['brume']
images/pyronear_courmettes_4_2023_10_03T17_24_28.jpg,labels/pyronear_courmettes_4_2023_10_03T17_24_28.txt,True,nuagesbas,['nuagesbas'],"['antenne', 'soleilcouchant']"
images/pyronear_st_peray_1_2023_06_30T09_33_36.jpg,labels/pyronear_st_peray_1_2023_06_30T09_33_36.txt,True,nuagesbas,['nuagesbas'],[]
images/pyronear_brison_4_2023_08_17T10_03_51.jpg,labels/pyronear_brison_4_2023_08_17T10_03_51.txt,True,grosnuages,['grosnuages'],"['insecte', 'tache']"
images/pyronear_courmettes_4_2023_10_03T17_14_54.jpg,labels/pyronear_courmettes_4_2023_10_03T17_14_54.txt,True,nuagesbas,['nuagesbas'],"['antenne', 'soleilcouchant']"
images/pyronear_brison_2_2023_07_10T05_14_17.jpg,labels/pyronear_brison_2_2023_07_10T05_14_17.txt,True,glare,['glare'],[]
images/pyronear_brison_4_2023_08_17T10_18_23.jpg,labels/pyronear_brison_4_2023_08_17T10_18_23.txt,True,grosnuages,['grosnuages'],"['insecte', 'tache']"
images/pyronear_courmettes_4_2023_10_20T16_21_59.jpg,labels/pyronear_courmettes_4_2023_10_20T16_21_59.txt,True,grosnuages,['grosnuages'],"['antenne', 'soleilcontrejour']"
images/pyronear_brison_2_2023_09_21T09_32_26.jpg,labels/pyronear_brison_2_2023_09_21T09_32_26.txt,True,brume,"['batiment', 'brume']",['brume']
images/pyronear_brison_2_2023_09_14T15_01_33.jpg,labels/pyronear_brison_2_2023_09_14T15_01_33.txt,True,grosnuages,['grosnuages'],['batiment']
images/pyronear_cabanelle_1_2023_10_10T14_44_50.jpg,labels/pyronear_cabanelle_1_2023_10_10T14_44_50.txt,True,grosnuages,"['grosnuages', 'nuagesbas']",[]
images/pyronear_brison_1_2023_06_23T04_03_51.jpg,labels/pyronear_brison_1_2023_06_23T04_03_51.txt,True,soleil,['soleil'],[]
images/pyronear_marguerite_1_2023_08_22T13_44_46.jpg,labels/pyronear_marguerite_1_2023_08_22T13_44_46.txt,True,soleil,['soleilrayons'],[]
images/pyronear_marguerite_1_2023_09_16T16_56_36.jpg,labels/pyronear_marguerite_1_2023_09_16T16_56_36.txt,True,nuagesbas,['nuagesbas'],[]
images/pyronear_marguerite_4_2023_10_17T14_52_49.jpg,labels/pyronear_marguerite_4_2023_10_17T14_52_49.txt,True,batiment,['batiment'],"['brume', 'pluie']"
images/pyronear_courmettes_1_2023_09_26T04_54_11.jpg,labels/pyronear_courmettes_1_2023_09_26T04_54_11.txt,True,soleil,"['refletslac', 'soleil']",['soleilcouchant']
images/pyronear_marguerite_4_2023_09_21T06_48_44.jpg,labels/pyronear_marguerite_4_2023_09_21T06_48_44.txt,True,tache,"['batiment', 'tache']","['brume', 'pluie']"
images/pyronear_brison_2_2023_06_09T14_34_45.jpg,labels/pyronear_brison_2_2023_06_09T14_34_45.txt,True,nuagesbas,['nuagesbas'],['batiment']
images/pyronear_marguerite_3_2023_09_18T07_33_24.jpg,labels/pyronear_marguerite_3_2023_09_18T07_33_24.txt,True,arbre,['arbre'],['brume']
images/pyronear_courmettes_1_2023_11_07T14_01_16.jpg,labels/pyronear_courmettes_1_2023_11_07T14_01_16.txt,True,nuagesbas,['nuagesbas'],[]
images/pyronear_brison_2_2023_10_30T06_45_53.jpg,labels/pyronear_brison_2_2023_10_30T06_45_53.txt,True,brume,"['batiment', 'brume']",['brume']
images/pyronear_ferion_2_2023_10_17T14_31_06.jpg,labels/pyronear_ferion_2_2023_10_17T14_31_06.txt,True,nuagesbas,['nuagesbas'],['brume']
images/pyronear_brison_4_2023_06_12T12_05_35.jpg,labels/pyronear_brison_4_2023_06_12T12_05_35.txt,True,nuagesbas,['nuagesbas'],['brume']
images/pyronear_salaunes_1_4_2023_10_05T17_14_07.jpg,labels/pyronear_salaunes_1_4_2023_10_05T17_14_07.txt,True,glare,['glareptjaune'],[]
images/pyronear_brison_2_2023_10_30T07_27_23.jpg,labels/pyronear_brison_2_2023_10_30T07_27_23.txt,True,brume,"['batiment', 'brume']",['brume']
images/pyronear_brison_2_2023_10_30T06_58_52.jpg,labels/pyronear_brison_2_2023_10_30T06_58_52.txt,True,brume,"['batiment', 'brume']",['brume']
images/pyronear_valbonne_4_2023_10_02T05_48_27.jpg,labels/pyronear_valbonne_4_2023_10_02T05_48_27.txt,True,soleil,['soleil'],['batiment']
images/pyronear_courmettes_1_2023_11_07T13_42_46.jpg,labels/pyronear_courmettes_1_2023_11_07T13_42_46.txt,True,nuagesbas,['nuagesbas'],[]
images/pyronear_valbonne_2_2023_11_06T15_29_45.jpg,labels/pyronear_valbonne_2_2023_11_06T15_29_45.txt,True,nuagesbas,['nuagesbas'],[]
images/pyronear_salaunes_1_1_2023_11_03T15_27_05.jpg,labels/pyronear_salaunes_1_1_2023_11_03T15_27_05.txt,True,grosnuages,['grosnuages'],[]
images/pyronear_courmettes_4_2023_11_02T09_32_06.jpg,labels/pyronear_courmettes_4_2023_11_02T09_32_06.txt,True,arbre,['arbre'],['brume']
images/pyronear_cabanelle_2_2023_10_04T06_24_01.jpg,labels/pyronear_cabanelle_2_2023_10_04T06_24_01.txt,True,soleil,"['refletslac', 'soleil']",[]
images/pyronear_brison_2_2023_08_26T11_50_37.jpg,labels/pyronear_brison_2_2023_08_26T11_50_37.txt,True,brume,"['batiment', 'brume']",['brume']
images/pyronear_cabanelle_2_2023_10_02T06_04_04.jpg,labels/pyronear_cabanelle_2_2023_10_02T06_04_04.txt,True,soleil,"['glare', 'refletslac', 'soleil', 'tacherouge']",[]
images/pyronear_salaunes_2_4_2023_08_17T04_46_09.jpg,labels/pyronear_salaunes_2_4_2023_08_17T04_46_09.txt,True,tuyau,['tuyau'],['tache']
images/pyronear_brison_2_2023_09_22T09_00_14.jpg,labels/pyronear_brison_2_2023_09_22T09_00_14.txt,True,nuagesbas,['nuagesbas'],['batiment']
images/pyronear_courmettes_4_2023_11_02T09_05_38.jpg,labels/pyronear_courmettes_4_2023_11_02T09_05_38.txt,True,arbre,['arbre'],['brume']
images/pyronear_courmettes_1_2023_09_29T06_21_14.jpg,labels/pyronear_courmettes_1_2023_09_29T06_21_14.txt,True,glare,"['glaretacherouge', 'soleilrefletslac']",[]
images/pyronear_valbonne_4_2023_11_02T09_54_06.jpg,labels/pyronear_valbonne_4_2023_11_02T09_54_06.txt,True,nuagesbas,['nuagesbas'],[]
images/pyronear_valbonne_4_2023_10_18T10_41_13.jpg,labels/pyronear_valbonne_4_2023_10_18T10_41_13.txt,True,nuagesbas,['nuagesbas'],[]
images/pyronear_marguerite_1_2023_09_10T16_04_44.jpg,labels/pyronear_marguerite_1_2023_09_10T16_04_44.txt,True,glare,['glare'],[]
images/pyronear_marguerite_4_2023_10_17T14_50_41.jpg,labels/pyronear_marguerite_4_2023_10_17T14_50_41.txt,True,batiment,['batiment'],"['brume', 'pluie']"
images/pyronear_courmettes_1_2023_11_07T13_32_15.jpg,labels/pyronear_courmettes_1_2023_11_07T13_32_15.txt,True,nuagesbas,['nuagesbas'],[]
images/pyronear_brison_3_2023_10_01T15_39_46.jpg,labels/pyronear_brison_3_2023_10_01T15_39_46.txt,True,montagne,['montagne'],[]
images/pyronear_valbonne_4_2023_10_02T05_43_25.jpg,labels/pyronear_valbonne_4_2023_10_02T05_43_25.txt,True,soleil,['soleil'],['batiment']
images/pyronear_marguerite_3_2023_09_18T05_26_15.jpg,labels/pyronear_marguerite_3_2023_09_18T05_26_15.txt,True,arbre,['arbre'],['brume']
images/pyronear_courmettes_4_2023_11_02T07_57_36.jpg,labels/pyronear_courmettes_4_2023_11_02T07_57_36.txt,True,arbre,['arbre'],['brume']
images/pyronear_salaunes_2_1_2023_08_11T04_52_34.jpg,labels/pyronear_salaunes_2_1_2023_08_11T04_52_34.txt,True,arbre,['arbre'],['brume']
images/pyronear_courmettes_1_2023_09_27T05_50_11.jpg,labels/pyronear_courmettes_1_2023_09_27T05_50_11.txt,True,glare,['glareptjaune'],[]
images/pyronear_valbonne_4_2023_10_01T05_51_47.jpg,labels/pyronear_valbonne_4_2023_10_01T05_51_47.txt,True,soleil,['soleil'],['batiment']
images/pyronear_courmettes_1_2023_11_07T14_00_16.jpg,labels/pyronear_courmettes_1_2023_11_07T14_00_16.txt,True,nuagesbas,['nuagesbas'],[]
images/pyronear_brison_2_2023_09_24T06_00_43.jpg,labels/pyronear_brison_2_2023_09_24T06_00_43.txt,True,glare,['glare'],[]
images/pyronear_courmettes_4_2023_11_02T09_56_08.jpg,labels/pyronear_courmettes_4_2023_11_02T09_56_08.txt,True,arbre,['arbre'],['brume']
images/pyronear_valbonne_2_2023_11_05T16_07_37.jpg,labels/pyronear_valbonne_2_2023_11_05T16_07_37.txt,True,nuagesbas,['nuagesbas'],[]
images/pyronear_cabanelle_1_2023_10_13T09_42_34.jpg,labels/pyronear_cabanelle_1_2023_10_13T09_42_34.txt,True,grosnuages,['grosnuages'],[]
images/pyronear_marguerite_1_2023_09_14T16_03_35.jpg,labels/pyronear_marguerite_1_2023_09_14T16_03_35.txt,True,glare,['glaresoleilrayons'],[]
images/pyronear_salaunes_2_1_2023_08_11T04_52_04.jpg,labels/pyronear_salaunes_2_1_2023_08_11T04_52_04.txt,True,arbre,['arbre'],['brume']
images/pyronear_st_peray_1_2023_07_21T08_43_30.jpg,labels/pyronear_st_peray_1_2023_07_21T08_43_30.txt,True,grosnuages,['grosnuages'],[]
images/pyronear_ferion_3_2023_10_19T15_47_21.jpg,labels/pyronear_ferion_3_2023_10_19T15_47_21.txt,True,brume,['brume'],[]
images/pyronear_courmettes_1_2023_09_27T05_52_33.jpg,labels/pyronear_courmettes_1_2023_09_27T05_52_33.txt,True,glare,['glareptjaune'],[]
images/pyronear_valbonne_3_2023_10_14T17_20_43.jpg,labels/pyronear_valbonne_3_2023_10_14T17_20_43.txt,True,batiment,['batimentloin'],['soleilcouchant']
images/pyronear_courmettes_1_2023_09_29T06_25_14.jpg,labels/pyronear_courmettes_1_2023_09_29T06_25_14.txt,True,glare,"['glaretacherouge', 'soleilrefletslac']",[]
images/pyronear_courmettes_4_2023_11_02T09_26_06.jpg,labels/pyronear_courmettes_4_2023_11_02T09_26_06.txt,True,arbre,['arbre'],['brume']
images/pyronear_cabanelle_1_2023_10_13T08_31_02.jpg,labels/pyronear_cabanelle_1_2023_10_13T08_31_02.txt,True,grosnuages,['grosnuages'],[]
images/pyronear_brison_4_2023_06_12T12_03_03.jpg,labels/pyronear_brison_4_2023_06_12T12_03_03.txt,True,nuagesbas,['nuagesbas'],['brume']
images/pyronear_marguerite_3_2023_09_18T05_37_45.jpg,labels/pyronear_marguerite_3_2023_09_18T05_37_45.txt,True,arbre,['arbre'],['brume']
images/pyronear_ferion_2_2023_10_24T16_04_31.jpg,labels/pyronear_ferion_2_2023_10_24T16_04_31.txt,True,grosnuages,['grosnuages'],[]
images/pyronear_brison_4_2023_08_17T10_13_21.jpg,labels/pyronear_brison_4_2023_08_17T10_13_21.txt,True,grosnuages,['grosnuages'],"['insecte', 'tache']"
images/pyronear_brison_2_2023_10_30T07_56_54.jpg,labels/pyronear_brison_2_2023_10_30T07_56_54.txt,True,brume,"['batiment', 'brume']",['brume']
images/pyronear_cabanelle_1_2023_10_13T08_03_03.jpg,labels/pyronear_cabanelle_1_2023_10_13T08_03_03.txt,True,grosnuages,['grosnuages'],[]
images/pyronear_marguerite_3_2023_09_18T05_41_47.jpg,labels/pyronear_marguerite_3_2023_09_18T05_41_47.txt,True,arbre,['arbre'],['brume']
images/pyronear_ferion_2_2023_10_28T15_20_06.jpg,labels/pyronear_ferion_2_2023_10_28T15_20_06.txt,True,grosnuages,['grosnuages'],[]
images/pyronear_marguerite_4_2023_10_29T13_31_45.jpg,labels/pyronear_marguerite_4_2023_10_29T13_31_45.txt,True,batiment,['batiment'],"['brume', 'pluie']"
images/pyronear_salaunes_1_2_2023_08_15T08_11_52.jpg,labels/pyronear_salaunes_1_2_2023_08_15T08_11_52.txt,True,pluie,['pluie'],[]
images/pyronear_marguerite_3_2023_09_18T09_16_57.jpg,labels/pyronear_marguerite_3_2023_09_18T09_16_57.txt,True,arbre,['arbre'],['brume']
images/pyronear_brison_4_2023_08_17T10_13_51.jpg,labels/pyronear_brison_4_2023_08_17T10_13_51.txt,True,grosnuages,['grosnuages'],"['insecte', 'tache']"
images/pyronear_brison_4_2023_08_17T09_59_21.jpg,labels/pyronear_brison_4_2023_08_17T09_59_21.txt,True,grosnuages,['grosnuages'],"['insecte', 'tache']"
images/pyronear_valbonne_2_2023_11_05T15_44_37.jpg,labels/pyronear_valbonne_2_2023_11_05T15_44_37.txt,True,nuagesbas,['nuagesbas'],[]
images/pyronear_marguerite_1_2023_08_10T16_01_54.jpg,labels/pyronear_marguerite_1_2023_08_10T16_01_54.txt,True,soleil,['soleilrayons'],[]
images/pyronear_brison_1_2023_06_13T05_59_50.jpg,labels/pyronear_brison_1_2023_06_13T05_59_50.txt,True,grosnuages,['grosnuages'],[]
images/pyronear_marguerite_4_2023_06_09T13_53_16.jpg,labels/pyronear_marguerite_4_2023_06_09T13_53_16.txt,True,tache,"['batiment', 'tache']","['brume', 'pluie']"
images/pyronear_courmettes_4_2023_10_20T16_06_24.jpg,labels/pyronear_courmettes_4_2023_10_20T16_06_24.txt,True,grosnuages,['grosnuages'],"['antenne', 'soleilcontrejour']"
images/pyronear_brison_2_2023_10_30T08_14_09.jpg,labels/pyronear_brison_2_2023_10_30T08_14_09.txt,True,brume,"['batiment', 'brume']",['brume']
images/pyronear_valbonne_2_2023_11_05T15_29_39.jpg,labels/pyronear_valbonne_2_2023_11_05T15_29_39.txt,True,nuagesbas,['nuagesbas'],[]
images/pyronear_salaunes_1_4_2023_10_02T17_27_19.jpg,labels/pyronear_salaunes_1_4_2023_10_02T17_27_19.txt,True,glare,['glareptjaune'],[]
images/pyronear_courmettes_1_2023_11_07T13_09_14.jpg,labels/pyronear_courmettes_1_2023_11_07T13_09_14.txt,True,nuagesbas,['nuagesbas'],[]
images/pyronear_brison_2_2023_10_30T07_19_20.jpg,labels/pyronear_brison_2_2023_10_30T07_19_20.txt,True,brume,"['batiment', 'brume']",['brume']
images/pyronear_brison_2_2023_10_30T06_55_53.jpg,labels/pyronear_brison_2_2023_10_30T06_55_53.txt,True,brume,"['batiment', 'brume']",['brume']
images/pyronear_valbonne_2_2023_11_06T15_16_44.jpg,labels/pyronear_valbonne_2_2023_11_06T15_16_44.txt,True,nuagesbas,['nuagesbas'],[]
images/pyronear_ferion_2_2023_10_29T15_33_38.jpg,labels/pyronear_ferion_2_2023_10_29T15_33_38.txt,True,grosnuages,['grosnuages'],[]
images/pyronear_brison_3_2023_09_30T15_32_52.jpg,labels/pyronear_brison_3_2023_09_30T15_32_52.txt,True,montagne,['montagne'],[]
images/pyronear_brison_2_2023_11_01T10_06_29.jpg,labels/pyronear_brison_2_2023_11_01T10_06_29.txt,True,brume,"['batiment', 'brume']",['brume']
images/pyronear_courmettes_4_2023_11_02T09_55_37.jpg,labels/pyronear_courmettes_4_2023_11_02T09_55_37.txt,True,arbre,['arbre'],['brume']
images/pyronear_brison_4_2023_08_17T08_29_17.jpg,labels/pyronear_brison_4_2023_08_17T08_29_17.txt,True,grosnuages,['grosnuages'],"['insecte', 'tache']"
images/pyronear_salaunes_2_4_2023_08_14T18_56_02.jpg,labels/pyronear_salaunes_2_4_2023_08_14T18_56_02.txt,True,nuagesbas,['nuagesfiligranes'],[]
images/pyronear_valbonne_3_2023_09_28T17_51_08.jpg,labels/pyronear_valbonne_3_2023_09_28T17_51_08.txt,True,batiment,['batimentloin'],['soleilcouchant']
images/pyronear_brison_2_2023_09_21T06_46_51.jpg,labels/pyronear_brison_2_2023_09_21T06_46_51.txt,True,brume,"['batiment', 'brume']",['brume']
images/pyronear_valbonne_4_2023_11_03T15_36_04.jpg,labels/pyronear_valbonne_4_2023_11_03T15_36_04.txt,True,nuagesbas,['nuagesbas'],[]
images/pyronear_brison_4_2023_10_28T07_33_10.jpg,labels/pyronear_brison_4_2023_10_28T07_33_10.txt,True,nuagesbas,['nuagesbas'],[]
images/pyronear_brison_1_2023_06_13T06_21_50.jpg,labels/pyronear_brison_1_2023_06_13T06_21_50.txt,True,grosnuages,['grosnuages'],[]
images/pyronear_marguerite_3_2023_06_09T08_53_02.jpg,labels/pyronear_marguerite_3_2023_06_09T08_53_02.txt,True,arbre,['arbre'],['brume']
images/pyronear_salaunes_1_1_2023_08_05T05_19_50.jpg,labels/pyronear_salaunes_1_1_2023_08_05T05_19_50.txt,True,glare,['glareptjaune'],[]
images/pyronear_salaunes_2_4_2023_08_18T06_30_09.jpg,labels/pyronear_salaunes_2_4_2023_08_18T06_30_09.txt,True,tuyau,['tuyau'],[]
images/pyronear_brison_1_2023_06_16T04_04_13.jpg,labels/pyronear_brison_1_2023_06_16T04_04_13.txt,True,soleil,['soleil'],[]
images/pyronear_cabanelle_1_2023_10_10T11_56_15.jpg,labels/pyronear_cabanelle_1_2023_10_10T11_56_15.txt,True,grosnuages,"['grosnuages', 'nuagesbas']",[]
images/pyronear_marguerite_1_2023_09_18T16_07_35.jpg,labels/pyronear_marguerite_1_2023_09_18T16_07_35.txt,True,glare,['glare'],[]
images/pyronear_marguerite_3_2023_09_18T05_35_46.jpg,labels/pyronear_marguerite_3_2023_09_18T05_35_46.txt,True,arbre,['arbre'],['brume']
images/pyronear_salaunes_2_1_2023_08_27T08_59_06.jpg,labels/pyronear_salaunes_2_1_2023_08_27T08_59_06.txt,True,grosnuages,['grosnuages'],[]
images/pyronear_valbonne_3_2023_09_30T17_43_33.jpg,labels/pyronear_valbonne_3_2023_09_30T17_43_33.txt,True,batiment,['batimentloin'],['soleilcouchant']
images/pyronear_st_peray_1_2023_07_21T08_44_30.jpg,labels/pyronear_st_peray_1_2023_07_21T08_44_30.txt,True,grosnuages,['grosnuages'],[]
images/pyronear_brison_2_2023_10_30T06_40_52.jpg,labels/pyronear_brison_2_2023_10_30T06_40_52.txt,True,brume,"['batiment', 'brume']",['brume']
images/pyronear_marguerite_1_2023_08_22T15_51_47.jpg,labels/pyronear_marguerite_1_2023_08_22T15_51_47.txt,True,soleil,['soleilrayons'],[]
images/pyronear_valbonne_2_2023_11_05T16_43_09.jpg,labels/pyronear_valbonne_2_2023_11_05T16_43_09.txt,True,nuagesbas,['nuagesbas'],[]
images/pyronear_cabanelle_1_2023_10_13T08_17_04.jpg,labels/pyronear_cabanelle_1_2023_10_13T08_17_04.txt,True,grosnuages,['grosnuages'],[]
images/pyronear_marguerite_3_2023_09_18T07_38_54.jpg,labels/pyronear_marguerite_3_2023_09_18T07_38_54.txt,True,arbre,['arbre'],['brume']
images/pyronear_valbonne_4_2023_10_29T09_50_23.jpg,labels/pyronear_valbonne_4_2023_10_29T09_50_23.txt,True,nuagesbas,['nuagesbas'],[]
images/pyronear_brison_1_2023_07_10T04_11_12.jpg,labels/pyronear_brison_1_2023_07_10T04_11_12.txt,True,soleil,['soleil'],[]
images/pyronear_cabanelle_1_2023_10_13T08_17_32.jpg,labels/pyronear_cabanelle_1_2023_10_13T08_17_32.txt,True,grosnuages,['grosnuages'],[]
images/pyronear_marguerite_2_2023_09_10T18_13_20.jpg,labels/pyronear_marguerite_2_2023_09_10T18_13_20.txt,True,nuagesbas,['nuagesbas'],['soleilcouchant']
images/pyronear_brison_2_2023_10_30T07_28_23.jpg,labels/pyronear_brison_2_2023_10_30T07_28_23.txt,True,brume,"['batiment', 'brume']",['brume']
images/pyronear_marguerite_1_2023_06_27T03_32_05.jpg,labels/pyronear_marguerite_1_2023_06_27T03_32_05.txt,True,nuagesbas,['nuagesbas'],['nuit']
images/pyronear_cabanelle_2_2023_10_02T06_03_03.jpg,labels/pyronear_cabanelle_2_2023_10_02T06_03_03.txt,True,soleil,"['glare', 'refletslac', 'soleil', 'tacherouge']",[]
images/pyronear_courmettes_1_2023_09_26T05_21_45.jpg,labels/pyronear_courmettes_1_2023_09_26T05_21_45.txt,True,soleil,['soleil'],[]
images/pyronear_marguerite_1_2023_09_10T16_05_42.jpg,labels/pyronear_marguerite_1_2023_09_10T16_05_42.txt,True,glare,['glare'],[]
images/pyronear_brison_2_2023_09_21T08_22_24.jpg,labels/pyronear_brison_2_2023_09_21T08_22_24.txt,True,brume,"['batiment', 'brume']",['brume']
images/pyronear_ferion_4_2023_11_06T15_21_07.jpg,labels/pyronear_ferion_4_2023_11_06T15_21_07.txt,True,nuagesbas,['nuagesbas'],['soleilcouchant']
images/pyronear_salaunes_1_4_2023_10_04T17_19_47.jpg,labels/pyronear_salaunes_1_4_2023_10_04T17_19_47.txt,True,glare,['glareptjaune'],[]
images/pyronear_valbonne_3_2023_10_20T11_03_10.jpg,labels/pyronear_valbonne_3_2023_10_20T11_03_10.txt,True,nuagesbas,['nuagesbas'],[]
images/pyronear_brison_1_2023_06_12T13_27_58.jpg,labels/pyronear_brison_1_2023_06_12T13_27_58.txt,True,nuagesbas,['nuagesbas'],[]
images/pyronear_st_peray_1_2023_07_21T08_45_30.jpg,labels/pyronear_st_peray_1_2023_07_21T08_45_30.txt,True,grosnuages,['grosnuages'],[]
images/pyronear_courmettes_4_2023_11_02T08_37_34.jpg,labels/pyronear_courmettes_4_2023_11_02T08_37_34.txt,True,arbre,['arbre'],['brume']
images/pyronear_ferion_4_2023_11_06T16_03_08.jpg,labels/pyronear_ferion_4_2023_11_06T16_03_08.txt,True,nuagesbas,['nuagesbas'],['soleilcouchant']
images/pyronear_valbonne_4_2023_10_01T05_52_17.jpg,labels/pyronear_valbonne_4_2023_10_01T05_52_17.txt,True,soleil,['soleil'],['batiment']
images/pyronear_ferion_2_2023_10_17T14_43_39.jpg,labels/pyronear_ferion_2_2023_10_17T14_43_39.txt,True,nuagesbas,['nuagesbas'],['brume']
images/pyronear_salaunes_2_1_2023_11_05T07_27_44.jpg,labels/pyronear_salaunes_2_1_2023_11_05T07_27_44.txt,True,grosnuages,['grosnuagesrefletssoleil'],[]
images/pyronear_marguerite_1_2023_09_14T16_11_36.jpg,labels/pyronear_marguerite_1_2023_09_14T16_11_36.txt,True,glare,['glaresoleilrayons'],[]
images/pyronear_marguerite_3_2023_09_18T08_21_59.jpg,labels/pyronear_marguerite_3_2023_09_18T08_21_59.txt,True,arbre,['arbre'],['brume']
images/pyronear_valbonne_2_2023_11_05T15_16_06.jpg,labels/pyronear_valbonne_2_2023_11_05T15_16_06.txt,True,nuagesbas,['nuagesbas'],[]
images/pyronear_st_peray_1_2023_07_21T08_54_30.jpg,labels/pyronear_st_peray_1_2023_07_21T08_54_30.txt,True,grosnuages,['grosnuages'],[]
images/pyronear_brison_3_2023_08_29T06_12_44.jpg,labels/pyronear_brison_3_2023_08_29T06_12_44.txt,True,montagne,['montagne'],[]
images/pyronear_salaunes_1_1_2023_11_03T15_34_35.jpg,labels/pyronear_salaunes_1_1_2023_11_03T15_34_35.txt,True,grosnuages,['grosnuages'],[]
images/pyronear_marguerite_1_2023_09_16T12_34_28.jpg,labels/pyronear_marguerite_1_2023_09_16T12_34_28.txt,True,nuagesbas,['nuagesbas'],[]
images/pyronear_salaunes_1_4_2023_09_29T17_07_24.jpg,labels/pyronear_salaunes_1_4_2023_09_29T17_07_24.txt,True,glare,['glareptjaune'],[]
images/pyronear_brison_4_2023_08_17T07_37_21.jpg,labels/pyronear_brison_4_2023_08_17T07_37_21.txt,True,grosnuages,['grosnuages'],"['insecte', 'tache']"
images/pyronear_courmettes_4_2023_11_02T11_07_40.jpg,labels/pyronear_courmettes_4_2023_11_02T11_07_40.txt,True,arbre,['arbre'],['brume']
images/pyronear_marguerite_3_2023_09_18T05_32_45.jpg,labels/pyronear_marguerite_3_2023_09_18T05_32_45.txt,True,arbre,['arbre'],['brume']
images/pyronear_brison_2_2023_10_30T06_44_23.jpg,labels/pyronear_brison_2_2023_10_30T06_44_23.txt,True,brume,"['batiment', 'brume']",['brume']
images/pyronear_salaunes_2_4_2023_08_19T05_04_33.jpg,labels/pyronear_salaunes_2_4_2023_08_19T05_04_33.txt,True,tuyau,['tuyau'],[]
images/pyronear_marguerite_2_2023_09_01T18_24_50.jpg,labels/pyronear_marguerite_2_2023_09_01T18_24_50.txt,True,nuagesbas,['nuagesbas'],['soleilcouchant']
images/pyronear_brison_4_2023_06_28T19_10_05.jpg,labels/pyronear_brison_4_2023_06_28T19_10_05.txt,True,soleil,['soleil'],[]
images/pyronear_valbonne_4_2023_11_02T10_08_36.jpg,labels/pyronear_valbonne_4_2023_11_02T10_08_36.txt,True,nuagesbas,['nuagesbas'],[]
images/pyronear_valbonne_2_2023_11_05T15_43_37.jpg,labels/pyronear_valbonne_2_2023_11_05T15_43_37.txt,True,nuagesbas,['nuagesbas'],[]
images/pyronear_marguerite_1_2023_09_18T16_05_05.jpg,labels/pyronear_marguerite_1_2023_09_18T16_05_05.txt,True,glare,['glare'],[]
images/pyronear_marguerite_4_2023_10_29T13_33_15.jpg,labels/pyronear_marguerite_4_2023_10_29T13_33_15.txt,True,batiment,['batiment'],"['brume', 'pluie']"
images/pyronear_marguerite_3_2023_09_18T08_36_33.jpg,labels/pyronear_marguerite_3_2023_09_18T08_36_33.txt,True,arbre,['arbre'],['brume']
images/pyronear_marguerite_1_2023_09_06T18_10_16.jpg,labels/pyronear_marguerite_1_2023_09_06T18_10_16.txt,True,soleil,['soleil'],[]
images/pyronear_courmettes_4_2023_10_20T16_10_25.jpg,labels/pyronear_courmettes_4_2023_10_20T16_10_25.txt,True,grosnuages,['grosnuages'],"['antenne', 'soleilcontrejour']"
images/pyronear_cabanelle_1_2023_10_11T14_50_58.jpg,labels/pyronear_cabanelle_1_2023_10_11T14_50_58.txt,True,brume,['brume'],[]
images/pyronear_brison_1_2023_08_19T04_55_19.jpg,labels/pyronear_brison_1_2023_08_19T04_55_19.txt,True,soleil,['soleil'],[]
images/pyronear_brison_4_2023_11_01T13_26_55.jpg,labels/pyronear_brison_4_2023_11_01T13_26_55.txt,True,nuagesbas,['nuagesbas'],[]
images/pyronear_cabanelle_2_2023_10_02T05_58_33.jpg,labels/pyronear_cabanelle_2_2023_10_02T05_58_33.txt,True,soleil,"['glare', 'refletslac', 'soleil', 'tacherouge']",[]
images/pyronear_valbonne_4_2023_10_29T07_48_49.jpg,labels/pyronear_valbonne_4_2023_10_29T07_48_49.txt,True,nuagesbas,['nuagesbas'],[]
images/pyronear_brison_2_2023_09_21T09_53_29.jpg,labels/pyronear_brison_2_2023_09_21T09_53_29.txt,True,brume,"['batiment', 'brume']",['brume']
images/pyronear_brison_1_2023_06_10T12_39_34.jpg,labels/pyronear_brison_1_2023_06_10T12_39_34.txt,True,nuagesbas,['nuagesbas'],[]
images/pyronear_cabanelle_1_2023_10_13T09_20_33.jpg,labels/pyronear_cabanelle_1_2023_10_13T09_20_33.txt,True,grosnuages,['grosnuages'],[]
images/pyronear_marguerite_1_2023_09_14T05_33_43.jpg,labels/pyronear_marguerite_1_2023_09_14T05_33_43.txt,True,grosnuages,['grosnuages'],[]
images/pyronear_brison_1_2023_09_13T06_27_14.jpg,labels/pyronear_brison_1_2023_09_13T06_27_14.txt,True,nuagesbas,['nuagesbas'],[]
images/pyronear_marguerite_2_2023_09_10T18_25_20.jpg,labels/pyronear_marguerite_2_2023_09_10T18_25_20.txt,True,nuagesbas,['nuagesbas'],['soleilcouchant']
images/pyronear_ferion_2_2023_10_28T15_25_36.jpg,labels/pyronear_ferion_2_2023_10_28T15_25_36.txt,True,grosnuages,['grosnuages'],[]
images/pyronear_brison_2_2023_10_29T06_21_28.jpg,labels/pyronear_brison_2_2023_10_29T06_21_28.txt,True,brume,"['batiment', 'brume']",['brume']
images/pyronear_marguerite_3_2023_09_18T05_49_46.jpg,labels/pyronear_marguerite_3_2023_09_18T05_49_46.txt,True,arbre,['arbre'],['brume']
images/pyronear_brison_2_2023_10_19T09_37_39.jpg,labels/pyronear_brison_2_2023_10_19T09_37_39.txt,True,brume,"['batiment', 'brume']",['brume']
images/pyronear_brison_2_2023_09_21T08_27_54.jpg,labels/pyronear_brison_2_2023_09_21T08_27_54.txt,True,brume,"['batiment', 'brume']",['brume']
images/pyronear_brison_2_2023_09_21T09_55_58.jpg,labels/pyronear_brison_2_2023_09_21T09_55_58.txt,True,brume,"['batiment', 'brume']",['brume']
images/pyronear_courmettes_1_2023_10_05T05_11_39.jpg,labels/pyronear_courmettes_1_2023_10_05T05_11_39.txt,True,nuagesbas,['nuagesfiligranes'],[]
images/pyronear_cabanelle_1_2023_10_13T08_19_31.jpg,labels/pyronear_cabanelle_1_2023_10_13T08_19_31.txt,True,grosnuages,['grosnuages'],[]
images/pyronear_brison_1_2023_06_16T04_02_42.jpg,labels/pyronear_brison_1_2023_06_16T04_02_42.txt,True,soleil,['soleil'],[]
images/pyronear_salaunes_2_4_2023_08_19T05_28_34.jpg,labels/pyronear_salaunes_2_4_2023_08_19T05_28_34.txt,True,tuyau,['tuyau'],[]
images/pyronear_brison_2_2023_10_30T13_48_31.jpg,labels/pyronear_brison_2_2023_10_30T13_48_31.txt,True,brume,"['batiment', 'brume']",['brume']
images/pyronear_marguerite_1_2023_08_22T15_52_17.jpg,labels/pyronear_marguerite_1_2023_08_22T15_52_17.txt,True,soleil,['soleilrayons'],[]
images/pyronear_marguerite_1_2023_09_14T05_48_13.jpg,labels/pyronear_marguerite_1_2023_09_14T05_48_13.txt,True,grosnuages,['grosnuages'],[]
images/pyronear_valbonne_3_2023_09_29T17_48_26.jpg,labels/pyronear_valbonne_3_2023_09_29T17_48_26.txt,True,batiment,['batimentloin'],['soleilcouchant']
images/pyronear_brison_3_2023_06_14T08_29_57.jpg,labels/pyronear_brison_3_2023_06_14T08_29_57.txt,True,grosnuages,['grosnuages'],['brume']
images/pyronear_brison_3_2023_10_07T17_25_44.jpg,labels/pyronear_brison_3_2023_10_07T17_25_44.txt,True,zonenoire,['zonenoire'],['soleilcouchant']
images/pyronear_cabanelle_1_2023_10_13T09_14_03.jpg,labels/pyronear_cabanelle_1_2023_10_13T09_14_03.txt,True,grosnuages,['grosnuages'],[]
images/pyronear_brison_4_2023_10_28T05_58_37.jpg,labels/pyronear_brison_4_2023_10_28T05_58_37.txt,True,nuagesbas,['nuagesbas'],[]
images/pyronear_brison_2_2023_09_22T08_45_43.jpg,labels/pyronear_brison_2_2023_09_22T08_45_43.txt,True,nuagesbas,['nuagesbas'],['batiment']
images/pyronear_brison_3_2023_08_27T07_22_36.jpg,labels/pyronear_brison_3_2023_08_27T07_22_36.txt,True,grosnuages,"['grosnuages', 'nuagesbas']",[]
images/pyronear_courmettes_1_2023_09_28T06_00_32.jpg,labels/pyronear_courmettes_1_2023_09_28T06_00_32.txt,True,glare,['glaretache'],[]
images/pyronear_cabanelle_1_2023_10_13T08_30_32.jpg,labels/pyronear_cabanelle_1_2023_10_13T08_30_32.txt,True,grosnuages,['grosnuages'],[]
images/pyronear_valbonne_4_2023_10_08T05_57_54.jpg,labels/pyronear_valbonne_4_2023_10_08T05_57_54.txt,True,soleil,['soleil'],['batiment']
images/pyronear_cabanelle_1_2023_10_13T08_58_03.jpg,labels/pyronear_cabanelle_1_2023_10_13T08_58_03.txt,True,grosnuages,['grosnuages'],[]
images/pyronear_brison_4_2023_10_31T17_07_29.jpg,labels/pyronear_brison_4_2023_10_31T17_07_29.txt,True,nuagesbas,['nuagesbas'],[]
images/pyronear_brison_2_2023_10_07T05_51_19.jpg,labels/pyronear_brison_2_2023_10_07T05_51_19.txt,True,soleil,"['nuagesbas', 'soleil']",['batiment']
images/pyronear_courmettes_1_2023_11_07T06_29_31.jpg,labels/pyronear_courmettes_1_2023_11_07T06_29_31.txt,True,glare,['glaresoleilptrouge'],['soleilcouchant']
images/pyronear_valbonne_2_2023_11_05T16_16_40.jpg,labels/pyronear_valbonne_2_2023_11_05T16_16_40.txt,True,nuagesbas,['nuagesbas'],[]
images/pyronear_brison_4_2023_08_17T10_04_22.jpg,labels/pyronear_brison_4_2023_08_17T10_04_22.txt,True,grosnuages,['grosnuages'],"['insecte', 'tache']"
images/pyronear_salaunes_1_2_2023_09_25T06_46_30.jpg,labels/pyronear_salaunes_1_2_2023_09_25T06_46_30.txt,True,insecte,['insecte'],[]
images/pyronear_brison_1_2023_07_24T11_32_07.jpg,labels/pyronear_brison_1_2023_07_24T11_32_07.txt,True,tache,['tachenoire'],[]
images/pyronear_marguerite_1_2023_09_15T16_15_36.jpg,labels/pyronear_marguerite_1_2023_09_15T16_15_36.txt,True,glare,['glare'],[]
images/pyronear_courmettes_1_2023_11_07T07_31_33.jpg,labels/pyronear_courmettes_1_2023_11_07T07_31_33.txt,True,soleil,"['refletslac', 'soleil']",[]
images/pyronear_courmettes_1_2023_11_07T14_05_46.jpg,labels/pyronear_courmettes_1_2023_11_07T14_05_46.txt,True,nuagesbas,['nuagesbas'],[]
images/pyronear_brison_4_2023_10_29T12_06_28.jpg,labels/pyronear_brison_4_2023_10_29T12_06_28.txt,True,grosnuages,['grosnuages'],['brume']
images/pyronear_brison_2_2023_06_08T05_57_42.jpg,labels/pyronear_brison_2_2023_06_08T05_57_42.txt,True,grosnuages,['grosnuages'],['batiment']
images/pyronear_valbonne_4_2023_10_18T10_56_43.jpg,labels/pyronear_valbonne_4_2023_10_18T10_56_43.txt,True,nuagesbas,['nuagesbas'],[]
images/pyronear_courmettes_4_2023_11_02T09_43_06.jpg,labels/pyronear_courmettes_4_2023_11_02T09_43_06.txt,True,arbre,['arbre'],['brume']
images/pyronear_brison_3_2023_09_25T18_02_37.jpg,labels/pyronear_brison_3_2023_09_25T18_02_37.txt,True,glare,['glareptrouge'],['soleilcouchant']
images/pyronear_cabanelle_1_2023_10_11T14_01_28.jpg,labels/pyronear_cabanelle_1_2023_10_11T14_01_28.txt,True,brume,['brume'],[]
images/pyronear_cabanelle_1_2023_10_10T11_23_44.jpg,labels/pyronear_cabanelle_1_2023_10_10T11_23_44.txt,True,grosnuages,"['grosnuages', 'nuagesbas']",[]
images/pyronear_brison_4_2023_08_17T08_01_20.jpg,labels/pyronear_brison_4_2023_08_17T08_01_20.txt,True,grosnuages,['grosnuages'],"['insecte', 'tache']"
images/pyronear_marguerite_3_2023_09_18T08_11_55.jpg,labels/pyronear_marguerite_3_2023_09_18T08_11_55.txt,True,arbre,['arbre'],['brume']
images/pyronear_brison_2_2023_10_19T07_57_06.jpg,labels/pyronear_brison_2_2023_10_19T07_57_06.txt,True,brume,"['batiment', 'brume']",['brume']
images/pyronear_marguerite_3_2023_09_18T08_13_26.jpg,labels/pyronear_marguerite_3_2023_09_18T08_13_26.txt,True,arbre,['arbre'],['brume']
images/pyronear_brison_2_2023_10_30T13_54_15.jpg,labels/pyronear_brison_2_2023_10_30T13_54_15.txt,True,brume,"['batiment', 'brume']",['brume']
images/pyronear_courmettes_1_2023_11_07T12_53_44.jpg,labels/pyronear_courmettes_1_2023_11_07T12_53_44.txt,True,nuagesbas,['nuagesbas'],[]
images/pyronear_brison_2_2023_09_27T05_48_17.jpg,labels/pyronear_brison_2_2023_09_27T05_48_17.txt,True,glare,['glare'],[]
images/pyronear_courmettes_2_2023_11_04T06_55_32.jpg,labels/pyronear_courmettes_2_2023_11_04T06_55_32.txt,True,glare,['glare'],[]
images/pyronear_courmettes_2_2023_10_06T07_10_11.jpg,labels/pyronear_courmettes_2_2023_10_06T07_10_11.txt,True,soleil,['soleil'],[]
images/pyronear_brison_4_2023_08_17T08_33_18.jpg,labels/pyronear_brison_4_2023_08_17T08_33_18.txt,True,grosnuages,['grosnuages'],"['insecte', 'tache']"
images/pyronear_brison_4_2023_10_28T06_02_51.jpg,labels/pyronear_brison_4_2023_10_28T06_02_51.txt,True,nuagesbas,['nuagesbas'],[]
images/pyronear_marguerite_1_2023_07_30T16_22_01.jpg,labels/pyronear_marguerite_1_2023_07_30T16_22_01.txt,True,soleil,['soleilrayons'],[]
images/pyronear_brison_2_2023_10_19T07_40_04.jpg,labels/pyronear_brison_2_2023_10_19T07_40_04.txt,True,brume,"['batiment', 'brume']",['brume']
images/pyronear_brison_2_2023_10_30T08_17_25.jpg,labels/pyronear_brison_2_2023_10_30T08_17_25.txt,True,brume,"['batiment', 'brume']",['brume']
images/pyronear_brison_3_2023_09_21T14_40_30.jpg,labels/pyronear_brison_3_2023_09_21T14_40_30.txt,True,grosnuages,['grosnuages'],['brume']
images/pyronear_valbonne_4_2023_11_02T10_08_38.jpg,labels/pyronear_valbonne_4_2023_11_02T10_08_38.txt,True,nuagesbas,['nuagesbas'],[]
images/pyronear_marguerite_3_2023_09_18T10_39_30.jpg,labels/pyronear_marguerite_3_2023_09_18T10_39_30.txt,True,arbre,['arbre'],['brume']
images/pyronear_brison_2_2023_10_30T07_51_24.jpg,labels/pyronear_brison_2_2023_10_30T07_51_24.txt,True,brume,"['batiment', 'brume']",['brume']
images/pyronear_valbonne_4_2023_11_07T06_15_37.jpg,labels/pyronear_valbonne_4_2023_11_07T06_15_37.txt,True,soleil,['soleil'],['batiment']
images/pyronear_courmettes_1_2023_11_07T13_32_45.jpg,labels/pyronear_courmettes_1_2023_11_07T13_32_45.txt,True,nuagesbas,['nuagesbas'],[]
images/pyronear_courmettes_1_2023_09_27T05_55_33.jpg,labels/pyronear_courmettes_1_2023_09_27T05_55_33.txt,True,glare,['glare'],[]
images/pyronear_brison_4_2023_08_17T10_12_21.jpg,labels/pyronear_brison_4_2023_08_17T10_12_21.txt,True,grosnuages,['grosnuages'],"['insecte', 'tache']"
images/pyronear_cabanelle_1_2023_10_10T15_18_21.jpg,labels/pyronear_cabanelle_1_2023_10_10T15_18_21.txt,True,grosnuages,"['grosnuages', 'nuagesbas']",[]
images/pyronear_brison_1_2023_06_13T06_13_50.jpg,labels/pyronear_brison_1_2023_06_13T06_13_50.txt,True,grosnuages,['grosnuages'],[]
images/pyronear_courmettes_2_2023_10_06T07_06_14.jpg,labels/pyronear_courmettes_2_2023_10_06T07_06_14.txt,True,soleil,['soleil'],[]
images/pyronear_salaunes_2_1_2023_08_27T09_19_08.jpg,labels/pyronear_salaunes_2_1_2023_08_27T09_19_08.txt,True,grosnuages,['grosnuages'],[]
images/pyronear_brison_2_2023_11_02T06_17_12.jpg,labels/pyronear_brison_2_2023_11_02T06_17_12.txt,True,brume,"['batiment', 'brume']",['brume']
images/pyronear_marguerite_4_2023_10_24T11_13_29.jpg,labels/pyronear_marguerite_4_2023_10_24T11_13_29.txt,True,nuagesbas,['nuagesbas'],[]
images/pyronear_courmettes_1_2023_09_27T05_32_32.jpg,labels/pyronear_courmettes_1_2023_09_27T05_32_32.txt,True,soleil,['soleil'],[]
images/pyronear_salaunes_2_1_2023_08_27T09_39_07.jpg,labels/pyronear_salaunes_2_1_2023_08_27T09_39_07.txt,True,grosnuages,['grosnuages'],[]
images/pyronear_cabanelle_2_2023_10_02T06_04_34.jpg,labels/pyronear_cabanelle_2_2023_10_02T06_04_34.txt,True,soleil,"['glare', 'refletslac', 'soleil', 'tacherouge']",[]
images/pyronear_valbonne_4_2023_10_29T08_55_51.jpg,labels/pyronear_valbonne_4_2023_10_29T08_55_51.txt,True,nuagesbas,['nuagesbas'],[]
images/pyronear_salaunes_2_1_2023_08_27T09_36_36.jpg,labels/pyronear_salaunes_2_1_2023_08_27T09_36_36.txt,True,grosnuages,['grosnuages'],[]
images/pyronear_brison_2_2023_11_04T11_00_53.jpg,labels/pyronear_brison_2_2023_11_04T11_00_53.txt,True,brume,"['batiment', 'brume']",['brume']
images/pyronear_salaunes_1_4_2023_09_29T17_26_24.jpg,labels/pyronear_salaunes_1_4_2023_09_29T17_26_24.txt,True,glare,['glareptjaune'],[]
images/pyronear_cabanelle_1_2023_10_13T09_07_04.jpg,labels/pyronear_cabanelle_1_2023_10_13T09_07_04.txt,True,grosnuages,['grosnuages'],[]
images/pyronear_salaunes_2_2_2023_10_24T06_59_14.jpg,labels/pyronear_salaunes_2_2_2023_10_24T06_59_14.txt,True,grosnuages,['grosnuagesrefletssoleil'],[]
images/pyronear_salaunes_2_1_2023_08_28T18_33_52.jpg,labels/pyronear_salaunes_2_1_2023_08_28T18_33_52.txt,True,grosnuages,['grosnuagesrefletssoleil'],[]
images/pyronear_cabanelle_1_2023_10_11T14_01_27.jpg,labels/pyronear_cabanelle_1_2023_10_11T14_01_27.txt,True,brume,['brume'],[]
images/pyronear_marguerite_1_2023_08_22T16_35_18.jpg,labels/pyronear_marguerite_1_2023_08_22T16_35_18.txt,True,soleil,['soleilrayons'],[]
images/pyronear_brison_2_2023_10_30T09_11_27.jpg,labels/pyronear_brison_2_2023_10_30T09_11_27.txt,True,brume,"['batiment', 'brume']",['brume']
images/pyronear_courmettes_1_2023_09_27T06_26_35.jpg,labels/pyronear_courmettes_1_2023_09_27T06_26_35.txt,True,soleil,"['glare', 'refletslac', 'soleil', 'tacherouge']",[]
images/pyronear_salaunes_2_2_2023_10_31T07_53_47.jpg,labels/pyronear_salaunes_2_2_2023_10_31T07_53_47.txt,True,grosnuages,['grosnuagesrefletssoleil'],[]
images/pyronear_courmettes_4_2023_10_03T17_25_54.jpg,labels/pyronear_courmettes_4_2023_10_03T17_25_54.txt,True,nuagesbas,['nuagesbas'],"['antenne', 'soleilcouchant']"
images/pyronear_ferion_2_2023_10_29T14_05_49.jpg,labels/pyronear_ferion_2_2023_10_29T14_05_49.txt,True,grosnuages,['grosnuages'],[]
images/pyronear_brison_2_2023_10_30T13_42_35.jpg,labels/pyronear_brison_2_2023_10_30T13_42_35.txt,True,brume,"['batiment', 'brume']",['brume']
images/pyronear_ferion_4_2023_11_06T15_32_07.jpg,labels/pyronear_ferion_4_2023_11_06T15_32_07.txt,True,nuagesbas,['nuagesbas'],['soleilcouchant']
images/pyronear_cabanelle_1_2023_10_11T14_45_59.jpg,labels/pyronear_cabanelle_1_2023_10_11T14_45_59.txt,True,brume,['brume'],[]
images/pyronear_marguerite_1_2023_09_13T16_55_11.jpg,labels/pyronear_marguerite_1_2023_09_13T16_55_11.txt,True,soleil,['soleilrayons'],[]
images/pyronear_courmettes_1_2023_11_07T07_36_33.jpg,labels/pyronear_courmettes_1_2023_11_07T07_36_33.txt,True,soleil,"['refletslac', 'soleil']",[]
images/pyronear_brison_4_2023_08_17T08_28_27.jpg,labels/pyronear_brison_4_2023_08_17T08_28_27.txt,True,grosnuages,['grosnuages'],"['insecte', 'tache']"
images/pyronear_cabanelle_1_2023_10_13T06_14_28.jpg,labels/pyronear_cabanelle_1_2023_10_13T06_14_28.txt,True,grosnuages,['grosnuages'],['brume']
images/pyronear_courmettes_4_2023_11_02T09_47_38.jpg,labels/pyronear_courmettes_4_2023_11_02T09_47_38.txt,True,arbre,['arbre'],['brume']
images/pyronear_brison_4_2023_08_17T07_28_12.jpg,labels/pyronear_brison_4_2023_08_17T07_28_12.txt,True,grosnuages,['grosnuages'],"['insecte', 'tache']"
images/pyronear_brison_1_2023_11_02T16_03_06.jpg,labels/pyronear_brison_1_2023_11_02T16_03_06.txt,True,brume,['brume'],[]
images/pyronear_cabanelle_1_2023_10_13T08_03_02.jpg,labels/pyronear_cabanelle_1_2023_10_13T08_03_02.txt,True,grosnuages,['grosnuages'],[]
images/pyronear_brison_1_2023_08_19T04_53_50.jpg,labels/pyronear_brison_1_2023_08_19T04_53_50.txt,True,soleil,['soleil'],[]
images/pyronear_courmettes_4_2023_11_02T11_58_15.jpg,labels/pyronear_courmettes_4_2023_11_02T11_58_15.txt,True,arbre,['arbre'],['brume']
images/pyronear_cabanelle_2_2023_10_02T05_59_03.jpg,labels/pyronear_cabanelle_2_2023_10_02T05_59_03.txt,True,soleil,"['glare', 'refletslac', 'soleil', 'tacherouge']",[]
images/pyronear_brison_4_2023_11_02T10_55_57.jpg,labels/pyronear_brison_4_2023_11_02T10_55_57.txt,True,nuagesbas,['nuagesbas'],[]
images/pyronear_brison_4_2023_10_29T12_06_55.jpg,labels/pyronear_brison_4_2023_10_29T12_06_55.txt,True,grosnuages,['grosnuages'],['brume']
images/pyronear_marguerite_2_2023_09_01T18_25_33.jpg,labels/pyronear_marguerite_2_2023_09_01T18_25_33.txt,True,nuagesbas,['nuagesbas'],['soleilcouchant']
images/pyronear_brison_2_2023_10_19T09_51_38.jpg,labels/pyronear_brison_2_2023_10_19T09_51_38.txt,True,brume,"['batiment', 'brume']",['brume']
images/pyronear_valbonne_2_2023_11_05T16_09_08.jpg,labels/pyronear_valbonne_2_2023_11_05T16_09_08.txt,True,nuagesbas,['nuagesbas'],[]
images/pyronear_brison_3_2023_09_07T07_08_41.jpg,labels/pyronear_brison_3_2023_09_07T07_08_41.txt,True,montagne,['montagne'],[]
images/pyronear_brison_2_2023_09_21T06_50_51.jpg,labels/pyronear_brison_2_2023_09_21T06_50_51.txt,True,brume,"['batiment', 'brume']",['brume']
images/pyronear_marguerite_3_2023_06_09T09_58_05.jpg,labels/pyronear_marguerite_3_2023_06_09T09_58_05.txt,True,arbre,['arbre'],['brume']
images/pyronear_valbonne_4_2023_10_01T06_06_15.jpg,labels/pyronear_valbonne_4_2023_10_01T06_06_15.txt,True,soleil,['soleil'],['batiment']
images/pyronear_brison_2_2023_11_02T06_23_35.jpg,labels/pyronear_brison_2_2023_11_02T06_23_35.txt,True,brume,"['batiment', 'brume']",['brume']
images/pyronear_courmettes_4_2023_10_03T17_13_54.jpg,labels/pyronear_courmettes_4_2023_10_03T17_13_54.txt,True,nuagesbas,['nuagesbas'],"['antenne', 'soleilcouchant']"
images/pyronear_salaunes_2_1_2023_07_04T04_47_37.jpg,labels/pyronear_salaunes_2_1_2023_07_04T04_47_37.txt,True,arbre,['arbre'],['brume']
images/pyronear_valbonne_2_2023_11_05T14_52_35.jpg,labels/pyronear_valbonne_2_2023_11_05T14_52_35.txt,True,nuagesbas,['nuagesbas'],[]
images/pyronear_marguerite_4_2023_10_26T10_53_04.jpg,labels/pyronear_marguerite_4_2023_10_26T10_53_04.txt,True,batiment,['batiment'],"['brume', 'pluie']"
images/pyronear_brison_2_2023_08_27T09_04_35.jpg,labels/pyronear_brison_2_2023_08_27T09_04_35.txt,True,grosnuages,['grosnuages'],['batiment']
images/pyronear_brison_2_2023_09_21T06_00_20.jpg,labels/pyronear_brison_2_2023_09_21T06_00_20.txt,True,brume,"['batiment', 'brume']",['brume']
images/pyronear_brison_2_2023_10_30T13_55_42.jpg,labels/pyronear_brison_2_2023_10_30T13_55_42.txt,True,brume,"['batiment', 'brume']",['brume']
images/pyronear_ferion_2_2023_10_22T06_47_59.jpg,labels/pyronear_ferion_2_2023_10_22T06_47_59.txt,True,glare,['glare'],[]
images/pyronear_cabanelle_1_2023_10_07T13_49_26.jpg,labels/pyronear_cabanelle_1_2023_10_07T13_49_26.txt,True,nuagesbas,['nuagesbas'],[]
images/pyronear_brison_2_2023_10_30T07_50_54.jpg,labels/pyronear_brison_2_2023_10_30T07_50_54.txt,True,brume,"['batiment', 'brume']",['brume']
images/pyronear_courmettes_1_2023_09_29T06_19_44.jpg,labels/pyronear_courmettes_1_2023_09_29T06_19_44.txt,True,glare,"['glaretacherouge', 'soleilrefletslac']",[]
images/pyronear_valbonne_2_2023_11_05T14_45_35.jpg,labels/pyronear_valbonne_2_2023_11_05T14_45_35.txt,True,nuagesbas,['nuagesbas'],[]
images/pyronear_marguerite_1_2023_09_14T15_56_37.jpg,labels/pyronear_marguerite_1_2023_09_14T15_56_37.txt,True,glare,['glaresoleilrayons'],[]
images/pyronear_marguerite_2_2023_09_01T17_55_04.jpg,labels/pyronear_marguerite_2_2023_09_01T17_55_04.txt,True,nuagesbas,['nuagesbas'],['soleilcouchant']
images/pyronear_valbonne_4_2023_10_29T10_05_22.jpg,labels/pyronear_valbonne_4_2023_10_29T10_05_22.txt,True,nuagesbas,['nuagesbas'],[]
images/pyronear_courmettes_1_2023_11_07T13_18_14.jpg,labels/pyronear_courmettes_1_2023_11_07T13_18_14.txt,True,nuagesbas,['nuagesbas'],[]
images/pyronear_courmettes_1_2023_11_07T06_28_01.jpg,labels/pyronear_courmettes_1_2023_11_07T06_28_01.txt,True,glare,['glaresoleilptrouge'],['soleilcouchant']
images/pyronear_valbonne_4_2023_10_02T06_01_57.jpg,labels/pyronear_valbonne_4_2023_10_02T06_01_57.txt,True,soleil,['soleil'],['batiment']
images/pyronear_brison_1_2023_06_07T05_41_44.jpg,labels/pyronear_brison_1_2023_06_07T05_41_44.txt,True,grosnuages,['grosnuages'],[]
images/pyronear_valbonne_3_2023_09_30T17_40_34.jpg,labels/pyronear_valbonne_3_2023_09_30T17_40_34.txt,True,batiment,['batimentloin'],['soleilcouchant']
images/pyronear_salaunes_2_1_2023_10_21T06_44_15.jpg,labels/pyronear_salaunes_2_1_2023_10_21T06_44_15.txt,True,grosnuages,['grosnuagesrefletssoleil'],[]
images/pyronear_courmettes_2_2023_11_04T06_53_02.jpg,labels/pyronear_courmettes_2_2023_11_04T06_53_02.txt,True,glare,['glare'],[]
images/pyronear_valbonne_2_2023_11_05T16_12_37.jpg,labels/pyronear_valbonne_2_2023_11_05T16_12_37.txt,True,nuagesbas,['nuagesbas'],[]
images/pyronear_salaunes_2_1_2023_08_27T08_41_35.jpg,labels/pyronear_salaunes_2_1_2023_08_27T08_41_35.txt,True,grosnuages,['grosnuages'],[]
images/pyronear_marguerite_1_2023_09_10T16_06_43.jpg,labels/pyronear_marguerite_1_2023_09_10T16_06_43.txt,True,glare,['glare'],[]
images/pyronear_marguerite_4_2023_06_09T13_16_15.jpg,labels/pyronear_marguerite_4_2023_06_09T13_16_15.txt,True,tache,"['batiment', 'tache']","['brume', 'pluie']"
images/pyronear_cabanelle_1_2023_10_10T08_59_10.jpg,labels/pyronear_cabanelle_1_2023_10_10T08_59_10.txt,True,grosnuages,"['grosnuages', 'nuagesbas']",[]
images/pyronear_marguerite_2_2023_09_10T18_26_20.jpg,labels/pyronear_marguerite_2_2023_09_10T18_26_20.txt,True,nuagesbas,['nuagesbas'],['soleilcouchant']
images/pyronear_brison_2_2023_08_26T11_51_07.jpg,labels/pyronear_brison_2_2023_08_26T11_51_07.txt,True,brume,"['batiment', 'brume']",['brume']
images/pyronear_marguerite_1_2023_06_13T18_26_44.jpg,labels/pyronear_marguerite_1_2023_06_13T18_26_44.txt,True,grosnuages,['grosnuages'],[]
images/pyronear_brison_2_2023_10_30T07_58_25.jpg,labels/pyronear_brison_2_2023_10_30T07_58_25.txt,True,brume,"['batiment', 'brume']",['brume']
images/pyronear_brison_3_2023_06_08T05_46_22.jpg,labels/pyronear_brison_3_2023_06_08T05_46_22.txt,True,grosnuages,['grosnuages'],[]
images/pyronear_cabanelle_1_2023_10_10T11_19_44.jpg,labels/pyronear_cabanelle_1_2023_10_10T11_19_44.txt,True,grosnuages,"['grosnuages', 'nuagesbas']",[]
images/pyronear_cabanelle_1_2023_10_13T08_33_32.jpg,labels/pyronear_cabanelle_1_2023_10_13T08_33_32.txt,True,grosnuages,['grosnuages'],[]
images/pyronear_marguerite_3_2023_09_18T05_20_44.jpg,labels/pyronear_marguerite_3_2023_09_18T05_20_44.txt,True,arbre,['arbre'],['brume']
images/pyronear_courmettes_1_2023_09_29T06_22_15.jpg,labels/pyronear_courmettes_1_2023_09_29T06_22_15.txt,True,glare,"['glaretacherouge', 'soleilrefletslac']",[]
images/pyronear_brison_2_2023_09_18T16_57_02.jpg,labels/pyronear_brison_2_2023_09_18T16_57_02.txt,True,grosnuages,['grosnuages'],['batiment']
images/pyronear_brison_2_2023_10_30T06_50_52.jpg,labels/pyronear_brison_2_2023_10_30T06_50_52.txt,True,brume,"['batiment', 'brume']",['brume']
images/pyronear_cabanelle_1_2023_10_13T08_45_33.jpg,labels/pyronear_cabanelle_1_2023_10_13T08_45_33.txt,True,grosnuages,['grosnuages'],[]
images/pyronear_brison_4_2023_10_28T08_24_31.jpg,labels/pyronear_brison_4_2023_10_28T08_24_31.txt,True,nuagesbas,['nuagesbas'],[]
images/pyronear_courmettes_1_2023_09_27T06_25_34.jpg,labels/pyronear_courmettes_1_2023_09_27T06_25_34.txt,True,soleil,"['glare', 'refletslac', 'soleil', 'tacherouge']",[]
images/pyronear_brison_4_2023_07_09T19_01_11.jpg,labels/pyronear_brison_4_2023_07_09T19_01_11.txt,True,glare,['glare'],[]
images/pyronear_marguerite_4_2023_10_29T13_12_15.jpg,labels/pyronear_marguerite_4_2023_10_29T13_12_15.txt,True,batiment,['batiment'],"['brume', 'pluie']"
images/pyronear_marguerite_1_2023_08_09T18_50_49.jpg,labels/pyronear_marguerite_1_2023_08_09T18_50_49.txt,True,soleil,['soleil'],[]
images/pyronear_courmettes_1_2023_11_03T06_22_20.jpg,labels/pyronear_courmettes_1_2023_11_03T06_22_20.txt,True,glare,['glaresoleilptrouge'],['soleilcouchant']
images/pyronear_valbonne_3_2023_10_20T16_21_59.jpg,labels/pyronear_valbonne_3_2023_10_20T16_21_59.txt,True,glare,['glare'],[]
images/pyronear_brison_2_2023_10_29T06_06_59.jpg,labels/pyronear_brison_2_2023_10_29T06_06_59.txt,True,brume,"['batiment', 'brume']",['brume']
images/pyronear_valbonne_3_2023_10_14T17_22_13.jpg,labels/pyronear_valbonne_3_2023_10_14T17_22_13.txt,True,batiment,['batimentloin'],['soleilcouchant']
images/pyronear_salaunes_2_1_2023_08_27T09_35_37.jpg,labels/pyronear_salaunes_2_1_2023_08_27T09_35_37.txt,True,grosnuages,['grosnuages'],[]
images/pyronear_cabanelle_1_2023_10_13T08_29_32.jpg,labels/pyronear_cabanelle_1_2023_10_13T08_29_32.txt,True,grosnuages,['grosnuages'],[]
images/pyronear_valbonne_3_2023_09_29T17_41_59.jpg,labels/pyronear_valbonne_3_2023_09_29T17_41_59.txt,True,batiment,['batimentloin'],['soleilcouchant']
images/pyronear_brison_2_2023_10_29T06_12_28.jpg,labels/pyronear_brison_2_2023_10_29T06_12_28.txt,True,brume,"['batiment', 'brume']",['brume']
images/pyronear_brison_2_2023_06_08T06_05_15.jpg,labels/pyronear_brison_2_2023_06_08T06_05_15.txt,True,grosnuages,['grosnuages'],['batiment']
images/pyronear_brison_1_2023_06_13T05_55_50.jpg,labels/pyronear_brison_1_2023_06_13T05_55_50.txt,True,grosnuages,['grosnuages'],[]
images/pyronear_marguerite_3_2023_09_18T09_21_27.jpg,labels/pyronear_marguerite_3_2023_09_18T09_21_27.txt,True,arbre,['arbre'],['brume']
images/pyronear_brison_2_2023_10_30T06_55_22.jpg,labels/pyronear_brison_2_2023_10_30T06_55_22.txt,True,brume,"['batiment', 'brume']",['brume']
images/pyronear_brison_4_2023_08_17T09_58_23.jpg,labels/pyronear_brison_4_2023_08_17T09_58_23.txt,True,grosnuages,['grosnuages'],"['insecte', 'tache']"
images/pyronear_brison_4_2023_08_17T10_06_52.jpg,labels/pyronear_brison_4_2023_08_17T10_06_52.txt,True,grosnuages,['grosnuages'],"['insecte', 'tache']"
images/pyronear_marguerite_1_2023_09_14T05_53_45.jpg,labels/pyronear_marguerite_1_2023_09_14T05_53_45.txt,True,grosnuages,['grosnuages'],[]
images/pyronear_brison_2_2023_08_27T09_16_05.jpg,labels/pyronear_brison_2_2023_08_27T09_16_05.txt,True,grosnuages,['grosnuages'],['batiment']
images/pyronear_brison_4_2023_08_17T09_47_51.jpg,labels/pyronear_brison_4_2023_08_17T09_47_51.txt,True,grosnuages,['grosnuages'],"['insecte', 'tache']"
images/pyronear_courmettes_2_2023_10_10T06_30_19.jpg,labels/pyronear_courmettes_2_2023_10_10T06_30_19.txt,True,grosnuages,['grosnuages'],"['brume', 'soleil']"
images/pyronear_marguerite_1_2023_06_28T19_17_04.jpg,labels/pyronear_marguerite_1_2023_06_28T19_17_04.txt,True,soleil,['soleil'],[]
images/pyronear_salaunes_2_2_2023_09_03T05_14_02.jpg,labels/pyronear_salaunes_2_2_2023_09_03T05_14_02.txt,True,panneausolaire,['panneausolaire'],[]
images/pyronear_brison_3_2023_09_22T05_55_21.jpg,labels/pyronear_brison_3_2023_09_22T05_55_21.txt,True,nuagesbas,['nuagesbas'],[]
images/pyronear_brison_4_2023_07_09T18_59_40.jpg,labels/pyronear_brison_4_2023_07_09T18_59_40.txt,True,glare,['glare'],[]
images/pyronear_courmettes_2_2023_10_27T06_51_48.jpg,labels/pyronear_courmettes_2_2023_10_27T06_51_48.txt,True,glare,['glare'],[]
images/pyronear_brison_1_2023_07_11T04_13_11.jpg,labels/pyronear_brison_1_2023_07_11T04_13_11.txt,True,soleil,['soleil'],[]
images/pyronear_marguerite_1_2023_09_14T05_53_47.jpg,labels/pyronear_marguerite_1_2023_09_14T05_53_47.txt,True,grosnuages,['grosnuages'],[]
images/pyronear_marguerite_1_2023_09_15T14_29_33.jpg,labels/pyronear_marguerite_1_2023_09_15T14_29_33.txt,True,soleil,['soleilrayons'],[]
images/pyronear_valbonne_4_2023_10_29T09_00_20.jpg,labels/pyronear_valbonne_4_2023_10_29T09_00_20.txt,True,nuagesbas,['nuagesbas'],[]
images/pyronear_marguerite_1_2023_09_14T14_52_43.jpg,labels/pyronear_marguerite_1_2023_09_14T14_52_43.txt,True,nuagesbas,['nuagesbas'],[]
images/pyronear_brison_2_2023_09_21T09_58_27.jpg,labels/pyronear_brison_2_2023_09_21T09_58_27.txt,True,brume,"['batiment', 'brume']",['brume']
images/pyronear_marguerite_1_2023_09_14T16_14_06.jpg,labels/pyronear_marguerite_1_2023_09_14T16_14_06.txt,True,glare,['glaresoleilrayons'],[]
images/pyronear_brison_2_2023_10_30T06_38_32.jpg,labels/pyronear_brison_2_2023_10_30T06_38_32.txt,True,brume,"['batiment', 'brume']",['brume']
images/pyronear_cabanelle_2_2023_10_01T06_38_36.jpg,labels/pyronear_cabanelle_2_2023_10_01T06_38_36.txt,True,soleil,"['glare', 'refletslac', 'soleil', 'tacherouge']",[]
images/pyronear_courmettes_4_2023_10_20T16_15_55.jpg,labels/pyronear_courmettes_4_2023_10_20T16_15_55.txt,True,grosnuages,['grosnuages'],"['antenne', 'soleilcontrejour']"
images/pyronear_ferion_2_2023_10_28T15_20_36.jpg,labels/pyronear_ferion_2_2023_10_28T15_20_36.txt,True,grosnuages,['grosnuages'],[]
images/pyronear_brison_4_2023_10_28T06_02_17.jpg,labels/pyronear_brison_4_2023_10_28T06_02_17.txt,True,nuagesbas,['nuagesbas'],[]
images/pyronear_marguerite_1_2023_09_16T12_07_57.jpg,labels/pyronear_marguerite_1_2023_09_16T12_07_57.txt,True,nuagesbas,['nuagesbas'],[]
images/pyronear_valbonne_2_2023_11_05T15_58_38.jpg,labels/pyronear_valbonne_2_2023_11_05T15_58_38.txt,True,nuagesbas,['nuagesbas'],[]
images/pyronear_marguerite_1_2023_09_16T16_55_43.jpg,labels/pyronear_marguerite_1_2023_09_16T16_55_43.txt,True,nuagesbas,['nuagesbas'],[]
images/pyronear_brison_2_2023_09_21T10_03_54.jpg,labels/pyronear_brison_2_2023_09_21T10_03_54.txt,True,brume,"['batiment', 'brume']",['brume']
images/pyronear_marguerite_1_2023_06_13T18_36_15.jpg,labels/pyronear_marguerite_1_2023_06_13T18_36_15.txt,True,grosnuages,['grosnuages'],[]
images/pyronear_brison_4_2023_10_28T06_24_51.jpg,labels/pyronear_brison_4_2023_10_28T06_24_51.txt,True,nuagesbas,['nuagesbas'],[]
images/pyronear_brison_2_2023_09_21T09_54_58.jpg,labels/pyronear_brison_2_2023_09_21T09_54_58.txt,True,brume,"['batiment', 'brume']",['brume']
images/pyronear_marguerite_3_2023_09_18T09_18_58.jpg,labels/pyronear_marguerite_3_2023_09_18T09_18_58.txt,True,arbre,['arbre'],['brume']
images/pyronear_valbonne_4_2023_10_02T05_56_27.jpg,labels/pyronear_valbonne_4_2023_10_02T05_56_27.txt,True,soleil,['soleil'],['batiment']
images/pyronear_brison_2_2023_10_30T07_36_24.jpg,labels/pyronear_brison_2_2023_10_30T07_36_24.txt,True,brume,"['batiment', 'brume']",['brume']
images/pyronear_brison_2_2023_09_21T06_01_20.jpg,labels/pyronear_brison_2_2023_09_21T06_01_20.txt,True,brume,"['batiment', 'brume']",['brume']
images/pyronear_cabanelle_1_2023_10_13T09_00_32.jpg,labels/pyronear_cabanelle_1_2023_10_13T09_00_32.txt,True,grosnuages,['grosnuages'],[]
images/pyronear_marguerite_1_2023_09_18T11_15_59.jpg,labels/pyronear_marguerite_1_2023_09_18T11_15_59.txt,True,nuagesbas,['nuagesbas'],[]
images/pyronear_marguerite_2_2023_09_01T17_57_32.jpg,labels/pyronear_marguerite_2_2023_09_01T17_57_32.txt,True,nuagesbas,['nuagesbas'],['soleilcouchant']
images/pyronear_brison_4_2023_08_17T08_06_20.jpg,labels/pyronear_brison_4_2023_08_17T08_06_20.txt,True,grosnuages,['grosnuages'],"['insecte', 'tache']"
images/pyronear_marguerite_3_2023_09_18T07_31_55.jpg,labels/pyronear_marguerite_3_2023_09_18T07_31_55.txt,True,arbre,['arbre'],['brume']
images/pyronear_ferion_3_2023_10_20T12_18_51.jpg,labels/pyronear_ferion_3_2023_10_20T12_18_51.txt,True,brume,['brume'],[]
images/pyronear_valbonne_4_2023_10_28T16_35_05.jpg,labels/pyronear_valbonne_4_2023_10_28T16_35_05.txt,True,nuagesbas,['nuagesbas'],[]
images/pyronear_brison_2_2023_09_21T09_53_27.jpg,labels/pyronear_brison_2_2023_09_21T09_53_27.txt,True,brume,"['batiment', 'brume']",['brume']
images/pyronear_courmettes_4_2023_11_02T09_16_08.jpg,labels/pyronear_courmettes_4_2023_11_02T09_16_08.txt,True,arbre,['arbre'],['brume']
images/pyronear_courmettes_1_2023_11_07T12_42_43.jpg,labels/pyronear_courmettes_1_2023_11_07T12_42_43.txt,True,nuagesbas,['nuagesbas'],[]
images/pyronear_marguerite_1_2023_09_14T16_04_36.jpg,labels/pyronear_marguerite_1_2023_09_14T16_04_36.txt,True,glare,['glaresoleilrayons'],[]
images/pyronear_marguerite_1_2023_06_27T03_42_35.jpg,labels/pyronear_marguerite_1_2023_06_27T03_42_35.txt,True,nuagesbas,['nuagesbas'],['nuit']
images/pyronear_marguerite_3_2023_09_18T07_06_23.jpg,labels/pyronear_marguerite_3_2023_09_18T07_06_23.txt,True,arbre,['arbre'],['brume']
images/pyronear_courmettes_1_2023_11_07T14_06_16.jpg,labels/pyronear_courmettes_1_2023_11_07T14_06_16.txt,True,nuagesbas,['nuagesbas'],[]
images/pyronear_marguerite_1_2023_09_15T16_13_37.jpg,labels/pyronear_marguerite_1_2023_09_15T16_13_37.txt,True,glare,['glare'],[]
images/pyronear_courmettes_1_2023_11_07T14_02_46.jpg,labels/pyronear_courmettes_1_2023_11_07T14_02_46.txt,True,nuagesbas,['nuagesbas'],[]
images/pyronear_marguerite_3_2023_09_18T10_37_01.jpg,labels/pyronear_marguerite_3_2023_09_18T10_37_01.txt,True,arbre,['arbre'],['brume']
images/pyronear_valbonne_4_2023_10_01T05_49_46.jpg,labels/pyronear_valbonne_4_2023_10_01T05_49_46.txt,True,soleil,['soleil'],['batiment']
images/pyronear_valbonne_2_2023_11_07T14_36_19.jpg,labels/pyronear_valbonne_2_2023_11_07T14_36_19.txt,True,nuagesbas,['nuagesbas'],[]
images/pyronear_courmettes_1_2023_09_26T04_53_41.jpg,labels/pyronear_courmettes_1_2023_09_26T04_53_41.txt,True,soleil,"['refletslac', 'soleil']",['soleilcouchant']
images/pyronear_salaunes_1_1_2023_08_09T18_06_29.jpg,labels/pyronear_salaunes_1_1_2023_08_09T18_06_29.txt,True,nuagesbas,['nuagesbas'],[]
images/pyronear_marguerite_1_2023_08_22T17_04_51.jpg,labels/pyronear_marguerite_1_2023_08_22T17_04_51.txt,True,soleil,['soleilrayons'],[]
images/pyronear_brison_2_2023_10_30T09_22_57.jpg,labels/pyronear_brison_2_2023_10_30T09_22_57.txt,True,brume,"['batiment', 'brume']",['brume']
images/pyronear_marguerite_3_2023_09_18T09_18_29.jpg,labels/pyronear_marguerite_3_2023_09_18T09_18_29.txt,True,arbre,['arbre'],['brume']
images/pyronear_marguerite_1_2023_09_14T16_01_06.jpg,labels/pyronear_marguerite_1_2023_09_14T16_01_06.txt,True,glare,['glare'],[]
images/pyronear_marguerite_2_2023_09_10T18_17_50.jpg,labels/pyronear_marguerite_2_2023_09_10T18_17_50.txt,True,nuagesbas,['nuagesbas'],['soleilcouchant']
images/pyronear_brison_2_2023_08_27T09_05_04.jpg,labels/pyronear_brison_2_2023_08_27T09_05_04.txt,True,grosnuages,['grosnuages'],['batiment']
images/pyronear_valbonne_4_2023_10_01T05_56_17.jpg,labels/pyronear_valbonne_4_2023_10_01T05_56_17.txt,True,soleil,['soleil'],['batiment']
images/pyronear_cabanelle_1_2023_10_10T14_47_50.jpg,labels/pyronear_cabanelle_1_2023_10_10T14_47_50.txt,True,grosnuages,"['grosnuages', 'nuagesbas']",[]
images/pyronear_valbonne_3_2023_09_29T17_41_01.jpg,labels/pyronear_valbonne_3_2023_09_29T17_41_01.txt,True,batiment,['batimentloin'],['soleilcouchant']
images/pyronear_marguerite_4_2023_10_24T11_39_01.jpg,labels/pyronear_marguerite_4_2023_10_24T11_39_01.txt,True,nuagesbas,['nuagesbas'],[]
images/pyronear_valbonne_4_2023_10_29T09_19_51.jpg,labels/pyronear_valbonne_4_2023_10_29T09_19_51.txt,True,nuagesbas,['nuagesbas'],[]
images/pyronear_brison_2_2023_10_19T17_02_50.jpg,labels/pyronear_brison_2_2023_10_19T17_02_50.txt,True,brume,"['batiment', 'brume']",['brume']
images/pyronear_marguerite_2_2023_08_15T18_45_20.jpg,labels/pyronear_marguerite_2_2023_08_15T18_45_20.txt,True,nuagesbas,['nuagesbas'],['soleilcouchant']
images/pyronear_valbonne_4_2023_10_24T12_03_18.jpg,labels/pyronear_valbonne_4_2023_10_24T12_03_18.txt,True,grosnuages,['grosnuages'],[]
images/pyronear_valbonne_4_2023_10_28T13_17_28.jpg,labels/pyronear_valbonne_4_2023_10_28T13_17_28.txt,True,grosnuages,['grosnuages'],[]
images/pyronear_valbonne_3_2023_10_20T10_52_42.jpg,labels/pyronear_valbonne_3_2023_10_20T10_52_42.txt,True,nuagesbas,['nuagesbas'],[]
images/pyronear_brison_3_2023_09_07T06_45_04.jpg,labels/pyronear_brison_3_2023_09_07T06_45_04.txt,True,montagne,['montagne'],[]
images/pyronear_marguerite_1_2023_09_14T14_53_04.jpg,labels/pyronear_marguerite_1_2023_09_14T14_53_04.txt,True,nuagesbas,['nuagesbas'],[]
images/pyronear_valbonne_4_2023_10_18T10_59_13.jpg,labels/pyronear_valbonne_4_2023_10_18T10_59_13.txt,True,nuagesbas,['nuagesbas'],[]
images/pyronear_brison_2_2023_10_29T06_21_58.jpg,labels/pyronear_brison_2_2023_10_29T06_21_58.txt,True,brume,"['batiment', 'brume']",['brume']
images/pyronear_courmettes_1_2023_11_07T12_40_13.jpg,labels/pyronear_courmettes_1_2023_11_07T12_40_13.txt,True,nuagesbas,['nuagesbas'],[]
images/pyronear_marguerite_1_2023_09_14T11_31_27.jpg,labels/pyronear_marguerite_1_2023_09_14T11_31_27.txt,True,nuagesbas,['nuagesbas'],[]
images/pyronear_cabanelle_1_2023_10_13T08_49_32.jpg,labels/pyronear_cabanelle_1_2023_10_13T08_49_32.txt,True,grosnuages,['grosnuages'],[]
images/pyronear_valbonne_4_2023_10_02T05_55_57.jpg,labels/pyronear_valbonne_4_2023_10_02T05_55_57.txt,True,soleil,['soleil'],['batiment']
images/pyronear_marguerite_1_2023_09_09T16_11_16.jpg,labels/pyronear_marguerite_1_2023_09_09T16_11_16.txt,True,glare,['glare'],[]
images/pyronear_brison_2_2023_09_21T05_57_52.jpg,labels/pyronear_brison_2_2023_09_21T05_57_52.txt,True,brume,"['batiment', 'brume']",['brume']
images/pyronear_valbonne_2_2023_11_05T15_17_36.jpg,labels/pyronear_valbonne_2_2023_11_05T15_17_36.txt,True,nuagesbas,['nuagesbas'],[]
images/pyronear_salaunes_2_1_2023_11_05T10_47_51.jpg,labels/pyronear_salaunes_2_1_2023_11_05T10_47_51.txt,True,grosnuages,['grosnuagesrefletssoleil'],[]
images/pyronear_st_peray_1_2023_07_21T08_28_29.jpg,labels/pyronear_st_peray_1_2023_07_21T08_28_29.txt,True,grosnuages,['grosnuages'],[]
images/pyronear_courmettes_1_2023_09_29T06_04_15.jpg,labels/pyronear_courmettes_1_2023_09_29T06_04_15.txt,True,glare,"['glaretacherouge', 'soleilrefletslac']",[]
images/pyronear_marguerite_3_2023_09_18T07_47_54.jpg,labels/pyronear_marguerite_3_2023_09_18T07_47_54.txt,True,arbre,['arbre'],['brume']
images/pyronear_marguerite_3_2023_09_18T09_24_30.jpg,labels/pyronear_marguerite_3_2023_09_18T09_24_30.txt,True,arbre,['arbre'],['brume']
images/pyronear_marguerite_1_2023_09_15T17_03_47.jpg,labels/pyronear_marguerite_1_2023_09_15T17_03_47.txt,True,soleil,['soleilrayons'],[]
images/pyronear_salaunes_2_1_2023_11_05T10_23_51.jpg,labels/pyronear_salaunes_2_1_2023_11_05T10_23_51.txt,True,grosnuages,['grosnuagesrefletssoleil'],[]
images/pyronear_courmettes_1_2023_11_07T13_34_15.jpg,labels/pyronear_courmettes_1_2023_11_07T13_34_15.txt,True,nuagesbas,['nuagesbas'],[]
images/pyronear_brison_2_2023_10_30T06_46_22.jpg,labels/pyronear_brison_2_2023_10_30T06_46_22.txt,True,brume,"['batiment', 'brume']",['brume']
images/pyronear_cabanelle_2_2023_09_30T06_02_12.jpg,labels/pyronear_cabanelle_2_2023_09_30T06_02_12.txt,True,soleil,"['glare', 'refletslac', 'soleil', 'tacherouge']",[]
images/pyronear_marguerite_3_2023_09_18T09_29_07.jpg,labels/pyronear_marguerite_3_2023_09_18T09_29_07.txt,True,arbre,['arbre'],['brume']
images/pyronear_valbonne_3_2023_10_20T10_53_10.jpg,labels/pyronear_valbonne_3_2023_10_20T10_53_10.txt,True,nuagesbas,['nuagesbas'],[]
images/pyronear_brison_4_2023_08_17T10_21_51.jpg,labels/pyronear_brison_4_2023_08_17T10_21_51.txt,True,grosnuages,['grosnuages'],"['insecte', 'tache']"
images/pyronear_courmettes_4_2023_11_02T11_58_42.jpg,labels/pyronear_courmettes_4_2023_11_02T11_58_42.txt,True,arbre,['arbre'],['brume']
images/pyronear_marguerite_3_2023_09_18T07_50_24.jpg,labels/pyronear_marguerite_3_2023_09_18T07_50_24.txt,True,arbre,['arbre'],['brume']
images/pyronear_valbonne_4_2023_11_02T08_23_03.jpg,labels/pyronear_valbonne_4_2023_11_02T08_23_03.txt,True,nuagesbas,['nuagesbas'],[]
images/pyronear_marguerite_1_2023_09_16T16_55_38.jpg,labels/pyronear_marguerite_1_2023_09_16T16_55_38.txt,True,nuagesbas,['nuagesbas'],[]
images/pyronear_cabanelle_1_2023_10_11T12_20_23.jpg,labels/pyronear_cabanelle_1_2023_10_11T12_20_23.txt,True,brume,['brume'],[]
images/pyronear_valbonne_4_2023_10_28T13_13_28.jpg,labels/pyronear_valbonne_4_2023_10_28T13_13_28.txt,True,grosnuages,['grosnuages'],[]
images/pyronear_courmettes_1_2023_11_07T13_17_44.jpg,labels/pyronear_courmettes_1_2023_11_07T13_17_44.txt,True,nuagesbas,['nuagesbas'],[]
images/pyronear_valbonne_4_2023_10_18T10_59_43.jpg,labels/pyronear_valbonne_4_2023_10_18T10_59_43.txt,True,nuagesbas,['nuagesbas'],[]
images/pyronear_ferion_2_2023_10_17T14_36_06.jpg,labels/pyronear_ferion_2_2023_10_17T14_36_06.txt,True,nuagesbas,['nuagesbas'],['brume']
images/pyronear_salaunes_2_1_2023_08_27T08_34_05.jpg,labels/pyronear_salaunes_2_1_2023_08_27T08_34_05.txt,True,grosnuages,['grosnuages'],[]
images/pyronear_valbonne_4_2023_10_01T06_04_16.jpg,labels/pyronear_valbonne_4_2023_10_01T06_04_16.txt,True,soleil,['soleil'],['batiment']
images/pyronear_courmettes_1_2023_11_07T13_11_15.jpg,labels/pyronear_courmettes_1_2023_11_07T13_11_15.txt,True,nuagesbas,['nuagesbas'],[]
images/pyronear_brison_3_2023_08_29T07_41_41.jpg,labels/pyronear_brison_3_2023_08_29T07_41_41.txt,True,montagne,['montagne'],[]
images/pyronear_marguerite_4_2023_10_20T07_33_25.jpg,labels/pyronear_marguerite_4_2023_10_20T07_33_25.txt,True,batiment,['batiment'],"['brume', 'pluie']"
images/pyronear_valbonne_2_2023_11_05T15_13_36.jpg,labels/pyronear_valbonne_2_2023_11_05T15_13_36.txt,True,nuagesbas,['nuagesbas'],[]
images/pyronear_brison_2_2023_10_19T08_57_38.jpg,labels/pyronear_brison_2_2023_10_19T08_57_38.txt,True,brume,"['batiment', 'brume']",['brume']
images/pyronear_cabanelle_2_2023_09_30T06_03_41.jpg,labels/pyronear_cabanelle_2_2023_09_30T06_03_41.txt,True,soleil,"['glare', 'refletslac', 'soleil', 'tacherouge']",[]
images/pyronear_valbonne_4_2023_10_28T13_17_58.jpg,labels/pyronear_valbonne_4_2023_10_28T13_17_58.txt,True,grosnuages,['grosnuages'],[]
images/pyronear_marguerite_1_2023_08_22T16_42_48.jpg,labels/pyronear_marguerite_1_2023_08_22T16_42_48.txt,True,soleil,['soleilrayons'],[]
images/pyronear_salaunes_2_4_2023_08_19T05_37_02.jpg,labels/pyronear_salaunes_2_4_2023_08_19T05_37_02.txt,True,tuyau,['tuyau'],[]
images/pyronear_brison_2_2023_09_21T05_59_49.jpg,labels/pyronear_brison_2_2023_09_21T05_59_49.txt,True,brume,"['batiment', 'brume']",['brume']
images/pyronear_marguerite_1_2023_06_28T19_17_34.jpg,labels/pyronear_marguerite_1_2023_06_28T19_17_34.txt,True,soleil,['soleil'],[]
images/pyronear_salaunes_2_2_2023_10_31T08_11_47.jpg,labels/pyronear_salaunes_2_2_2023_10_31T08_11_47.txt,True,grosnuages,['grosnuagesrefletssoleil'],[]
images/pyronear_brison_2_2023_10_30T07_44_24.jpg,labels/pyronear_brison_2_2023_10_30T07_44_24.txt,True,brume,"['batiment', 'brume']",['brume']
images/pyronear_marguerite_4_2023_06_09T13_12_46.jpg,labels/pyronear_marguerite_4_2023_06_09T13_12_46.txt,True,tache,"['batiment', 'tache']","['brume', 'pluie']"
images/pyronear_valbonne_3_2023_10_20T10_54_10.jpg,labels/pyronear_valbonne_3_2023_10_20T10_54_10.txt,True,nuagesbas,['nuagesbas'],[]
images/pyronear_marguerite_1_2023_06_14T03_36_08.jpg,labels/pyronear_marguerite_1_2023_06_14T03_36_08.txt,True,nuagesbas,['nuagesbas'],['nuit']
images/pyronear_valbonne_2_2023_11_05T15_02_36.jpg,labels/pyronear_valbonne_2_2023_11_05T15_02_36.txt,True,nuagesbas,['nuagesbas'],[]
images/pyronear_courmettes_2_2023_11_04T06_48_32.jpg,labels/pyronear_courmettes_2_2023_11_04T06_48_32.txt,True,glare,['glare'],[]
images/pyronear_marguerite_2_2023_09_10T18_11_20.jpg,labels/pyronear_marguerite_2_2023_09_10T18_11_20.txt,True,nuagesbas,['nuagesbas'],['soleilcouchant']
images/pyronear_ferion_2_2023_10_17T14_40_07.jpg,labels/pyronear_ferion_2_2023_10_17T14_40_07.txt,True,nuagesbas,['nuagesbas'],['brume']
images/pyronear_cabanelle_1_2023_10_10T14_56_51.jpg,labels/pyronear_cabanelle_1_2023_10_10T14_56_51.txt,True,grosnuages,"['grosnuages', 'nuagesbas']",[]
images/pyronear_valbonne_3_2023_10_14T17_16_17.jpg,labels/pyronear_valbonne_3_2023_10_14T17_16_17.txt,True,batiment,['batimentloin'],['soleilcouchant']
images/pyronear_courmettes_4_2023_11_02T09_42_37.jpg,labels/pyronear_courmettes_4_2023_11_02T09_42_37.txt,True,arbre,['arbre'],['brume']
images/pyronear_ferion_1_2023_10_20T15_45_43.jpg,labels/pyronear_ferion_1_2023_10_20T15_45_43.txt,True,arbre,['arbre'],['brume']
images/pyronear_courmettes_1_2023_11_07T13_45_15.jpg,labels/pyronear_courmettes_1_2023_11_07T13_45_15.txt,True,nuagesbas,['nuagesbas'],[]
images/pyronear_marguerite_1_2023_06_27T03_34_35.jpg,labels/pyronear_marguerite_1_2023_06_27T03_34_35.txt,True,nuagesbas,['nuagesbas'],['nuit']
images/pyronear_brison_4_2023_10_31T17_07_14.jpg,labels/pyronear_brison_4_2023_10_31T17_07_14.txt,True,nuagesbas,['nuagesbas'],[]
images/pyronear_brison_2_2023_09_21T10_04_25.jpg,labels/pyronear_brison_2_2023_09_21T10_04_25.txt,True,brume,"['batiment', 'brume']",['brume']
images/pyronear_courmettes_2_2023_10_24T14_53_50.jpg,labels/pyronear_courmettes_2_2023_10_24T14_53_50.txt,True,grosnuages,['grosnuages'],[]
images/pyronear_marguerite_2_2023_09_24T17_34_13.jpg,labels/pyronear_marguerite_2_2023_09_24T17_34_13.txt,True,nuagesbas,['nuagesfiligranes'],[]
images/pyronear_courmettes_1_2023_09_26T06_07_43.jpg,labels/pyronear_courmettes_1_2023_09_26T06_07_43.txt,True,glare,['glaretache'],[]
images/pyronear_courmettes_1_2023_11_07T13_07_14.jpg,labels/pyronear_courmettes_1_2023_11_07T13_07_14.txt,True,nuagesbas,['nuagesbas'],[]
images/pyronear_valbonne_2_2023_11_07T06_29_05.jpg,labels/pyronear_valbonne_2_2023_11_07T06_29_05.txt,True,nuagesbas,['nuagesbas'],[]
images/pyronear_salaunes_1_4_2023_10_05T17_16_13.jpg,labels/pyronear_salaunes_1_4_2023_10_05T17_16_13.txt,True,glare,['glareptjaune'],[]
images/pyronear_valbonne_4_2023_10_28T15_47_34.jpg,labels/pyronear_valbonne_4_2023_10_28T15_47_34.txt,True,nuagesbas,['nuagesbas'],[]
images/pyronear_brison_2_2023_09_21T09_18_56.jpg,labels/pyronear_brison_2_2023_09_21T09_18_56.txt,True,brume,"['batiment', 'brume']",['brume']
images/pyronear_cabanelle_1_2023_10_11T14_31_27.jpg,labels/pyronear_cabanelle_1_2023_10_11T14_31_27.txt,True,brume,['brume'],[]
images/pyronear_courmettes_2_2023_10_05T07_51_47.jpg,labels/pyronear_courmettes_2_2023_10_05T07_51_47.txt,True,soleil,['soleil'],[]
images/pyronear_cabanelle_1_2023_10_13T08_35_35.jpg,labels/pyronear_cabanelle_1_2023_10_13T08_35_35.txt,True,grosnuages,['grosnuages'],[]
images/pyronear_valbonne_4_2023_10_02T05_53_58.jpg,labels/pyronear_valbonne_4_2023_10_02T05_53_58.txt,True,soleil,['soleil'],['batiment']
images/pyronear_cabanelle_1_2023_10_13T08_56_33.jpg,labels/pyronear_cabanelle_1_2023_10_13T08_56_33.txt,True,grosnuages,['grosnuages'],[]
images/pyronear_marguerite_3_2023_09_18T08_09_25.jpg,labels/pyronear_marguerite_3_2023_09_18T08_09_25.txt,True,arbre,['arbre'],['brume']
images/pyronear_valbonne_2_2023_11_05T15_39_37.jpg,labels/pyronear_valbonne_2_2023_11_05T15_39_37.txt,True,nuagesbas,['nuagesbas'],[]
images/pyronear_marguerite_3_2023_09_18T07_13_23.jpg,labels/pyronear_marguerite_3_2023_09_18T07_13_23.txt,True,arbre,['arbre'],['brume']
images/pyronear_ferion_2_2023_10_24T16_25_17.jpg,labels/pyronear_ferion_2_2023_10_24T16_25_17.txt,True,grosnuages,['grosnuages'],[]
images/pyronear_valbonne_4_2023_10_28T13_10_57.jpg,labels/pyronear_valbonne_4_2023_10_28T13_10_57.txt,True,grosnuages,['grosnuages'],[]
images/pyronear_ferion_2_2023_10_28T16_24_07.jpg,labels/pyronear_ferion_2_2023_10_28T16_24_07.txt,True,grosnuages,['grosnuages'],[]
images/pyronear_brison_2_2023_10_29T06_20_28.jpg,labels/pyronear_brison_2_2023_10_29T06_20_28.txt,True,brume,"['batiment', 'brume']",['brume']
images/pyronear_brison_1_2023_06_13T06_14_08.jpg,labels/pyronear_brison_1_2023_06_13T06_14_08.txt,True,grosnuages,['grosnuages'],[]
images/pyronear_marguerite_2_2023_08_15T18_39_21.jpg,labels/pyronear_marguerite_2_2023_08_15T18_39_21.txt,True,nuagesbas,['nuagesbas'],['soleilcouchant']
images/pyronear_brison_4_2023_06_24T19_12_53.jpg,labels/pyronear_brison_4_2023_06_24T19_12_53.txt,True,soleil,['soleil'],[]
images/pyronear_brison_2_2023_10_02T05_44_19.jpg,labels/pyronear_brison_2_2023_10_02T05_44_19.txt,True,soleil,['soleil'],['batiment']
images/pyronear_valbonne_4_2023_10_28T13_10_28.jpg,labels/pyronear_valbonne_4_2023_10_28T13_10_28.txt,True,grosnuages,['grosnuages'],[]
images/pyronear_ferion_2_2023_10_22T06_49_29.jpg,labels/pyronear_ferion_2_2023_10_22T06_49_29.txt,True,glare,['glare'],[]
images/pyronear_marguerite_1_2023_09_05T17_54_20.jpg,labels/pyronear_marguerite_1_2023_09_05T17_54_20.txt,True,soleil,['soleil'],[]
images/pyronear_courmettes_1_2023_11_07T13_26_15.jpg,labels/pyronear_courmettes_1_2023_11_07T13_26_15.txt,True,nuagesbas,['nuagesbas'],[]
images/pyronear_brison_2_2023_10_30T07_41_54.jpg,labels/pyronear_brison_2_2023_10_30T07_41_54.txt,True,brume,"['batiment', 'brume']",['brume']
images/pyronear_courmettes_1_2023_11_07T13_25_46.jpg,labels/pyronear_courmettes_1_2023_11_07T13_25_46.txt,True,nuagesbas,['nuagesbas'],[]
images/pyronear_brison_3_2023_09_25T18_01_31.jpg,labels/pyronear_brison_3_2023_09_25T18_01_31.txt,True,glare,['glareptrouge'],['soleilcouchant']
images/pyronear_salaunes_1_4_2023_09_29T17_20_55.jpg,labels/pyronear_salaunes_1_4_2023_09_29T17_20_55.txt,True,glare,['glareptjaune'],[]
images/pyronear_brison_3_2023_09_25T18_04_07.jpg,labels/pyronear_brison_3_2023_09_25T18_04_07.txt,True,glare,['glareptrouge'],['soleilcouchant']
images/pyronear_brison_2_2023_10_30T13_44_21.jpg,labels/pyronear_brison_2_2023_10_30T13_44_21.txt,True,brume,"['batiment', 'brume']",['brume']
images/pyronear_marguerite_3_2023_09_18T07_32_23.jpg,labels/pyronear_marguerite_3_2023_09_18T07_32_23.txt,True,arbre,['arbre'],['brume']
images/pyronear_marguerite_3_2023_09_18T05_42_15.jpg,labels/pyronear_marguerite_3_2023_09_18T05_42_15.txt,True,arbre,['arbre'],['brume']
images/pyronear_valbonne_2_2023_11_05T16_10_38.jpg,labels/pyronear_valbonne_2_2023_11_05T16_10_38.txt,True,nuagesbas,['nuagesbas'],[]
images/pyronear_brison_2_2023_10_30T13_45_58.jpg,labels/pyronear_brison_2_2023_10_30T13_45_58.txt,True,brume,"['batiment', 'brume']",['brume']
images/pyronear_brison_2_2023_09_21T05_56_19.jpg,labels/pyronear_brison_2_2023_09_21T05_56_19.txt,True,brume,"['batiment', 'brume']",['brume']
images/pyronear_courmettes_1_2023_11_04T06_30_58.jpg,labels/pyronear_courmettes_1_2023_11_04T06_30_58.txt,True,glare,['glaresoleilptrouge'],['soleilcouchant']
images/pyronear_valbonne_2_2023_11_06T15_42_45.jpg,labels/pyronear_valbonne_2_2023_11_06T15_42_45.txt,True,nuagesbas,['nuagesbas'],[]
images/pyronear_courmettes_2_2023_10_27T06_59_48.jpg,labels/pyronear_courmettes_2_2023_10_27T06_59_48.txt,True,glare,['glare'],[]
images/pyronear_courmettes_2_2023_10_12T06_54_42.jpg,labels/pyronear_courmettes_2_2023_10_12T06_54_42.txt,True,grosnuages,['grosnuages'],[]
images/pyronear_brison_2_2023_10_30T07_43_25.jpg,labels/pyronear_brison_2_2023_10_30T07_43_25.txt,True,brume,"['batiment', 'brume']",['brume']
images/pyronear_courmettes_1_2023_11_07T13_12_14.jpg,labels/pyronear_courmettes_1_2023_11_07T13_12_14.txt,True,nuagesbas,['nuagesbas'],[]
images/pyronear_courmettes_4_2023_11_02T09_49_06.jpg,labels/pyronear_courmettes_4_2023_11_02T09_49_06.txt,True,arbre,['arbre'],['brume']
images/pyronear_valbonne_2_2023_11_05T14_46_05.jpg,labels/pyronear_valbonne_2_2023_11_05T14_46_05.txt,True,nuagesbas,['nuagesbas'],[]
images/pyronear_marguerite_3_2023_09_18T07_30_24.jpg,labels/pyronear_marguerite_3_2023_09_18T07_30_24.txt,True,arbre,['arbre'],['brume']
images/pyronear_courmettes_1_2023_11_07T12_50_44.jpg,labels/pyronear_courmettes_1_2023_11_07T12_50_44.txt,True,nuagesbas,['nuagesbas'],[]
images/pyronear_brison_4_2023_06_12T12_04_05.jpg,labels/pyronear_brison_4_2023_06_12T12_04_05.txt,True,nuagesbas,['nuagesbas'],['brume']
images/pyronear_valbonne_2_2023_11_05T15_26_37.jpg,labels/pyronear_valbonne_2_2023_11_05T15_26_37.txt,True,nuagesbas,['nuagesbas'],[]
images/pyronear_courmettes_1_2023_09_29T06_16_14.jpg,labels/pyronear_courmettes_1_2023_09_29T06_16_14.txt,True,glare,"['glaretacherouge', 'soleilrefletslac']",[]
images/pyronear_valbonne_2_2023_11_05T14_52_06.jpg,labels/pyronear_valbonne_2_2023_11_05T14_52_06.txt,True,nuagesbas,['nuagesbas'],[]
images/pyronear_brison_3_2023_09_22T05_10_39.jpg,labels/pyronear_brison_3_2023_09_22T05_10_39.txt,True,nuagesbas,['nuagesbas'],['nuit']
images/pyronear_courmettes_2_2023_10_24T14_45_21.jpg,labels/pyronear_courmettes_2_2023_10_24T14_45_21.txt,True,grosnuages,['grosnuages'],[]
images/pyronear_salaunes_2_1_2023_08_27T08_42_35.jpg,labels/pyronear_salaunes_2_1_2023_08_27T08_42_35.txt,True,grosnuages,['grosnuages'],[]
images/pyronear_marguerite_1_2023_09_18T16_04_05.jpg,labels/pyronear_marguerite_1_2023_09_18T16_04_05.txt,True,glare,['glare'],[]
images/pyronear_valbonne_4_2023_10_08T05_59_53.jpg,labels/pyronear_valbonne_4_2023_10_08T05_59_53.txt,True,soleil,['soleil'],['batiment']
images/pyronear_ferion_3_2023_10_20T14_01_47.jpg,labels/pyronear_ferion_3_2023_10_20T14_01_47.txt,True,brume,['brume'],[]
images/pyronear_valbonne_2_2023_11_05T15_06_06.jpg,labels/pyronear_valbonne_2_2023_11_05T15_06_06.txt,True,nuagesbas,['nuagesbas'],[]
images/pyronear_brison_4_2023_07_09T18_57_41.jpg,labels/pyronear_brison_4_2023_07_09T18_57_41.txt,True,glare,['glare'],[]
images/pyronear_brison_2_2023_09_21T09_28_26.jpg,labels/pyronear_brison_2_2023_09_21T09_28_26.txt,True,brume,"['batiment', 'brume']",['brume']
images/pyronear_brison_2_2023_06_09T14_23_45.jpg,labels/pyronear_brison_2_2023_06_09T14_23_45.txt,True,nuagesbas,['nuagesbas'],['batiment']
images/pyronear_brison_2_2023_09_21T05_54_49.jpg,labels/pyronear_brison_2_2023_09_21T05_54_49.txt,True,brume,"['batiment', 'brume']",['brume']
images/pyronear_marguerite_1_2023_07_30T16_17_31.jpg,labels/pyronear_marguerite_1_2023_07_30T16_17_31.txt,True,soleil,['soleilrayons'],[]
images/pyronear_brison_2_2023_10_19T09_10_07.jpg,labels/pyronear_brison_2_2023_10_19T09_10_07.txt,True,brume,"['batiment', 'brume']",['brume']
images/pyronear_salaunes_2_4_2023_08_18T06_31_39.jpg,labels/pyronear_salaunes_2_4_2023_08_18T06_31_39.txt,True,tuyau,['tuyau'],[]
images/pyronear_brison_2_2023_09_21T09_38_57.jpg,labels/pyronear_brison_2_2023_09_21T09_38_57.txt,True,brume,"['batiment', 'brume']",['brume']
images/pyronear_marguerite_3_2023_09_18T05_50_45.jpg,labels/pyronear_marguerite_3_2023_09_18T05_50_45.txt,True,arbre,['arbre'],['brume']
images/pyronear_brison_4_2023_08_17T08_27_47.jpg,labels/pyronear_brison_4_2023_08_17T08_27_47.txt,True,grosnuages,['grosnuages'],"['insecte', 'tache']"
images/pyronear_valbonne_4_2023_10_28T13_11_57.jpg,labels/pyronear_valbonne_4_2023_10_28T13_11_57.txt,True,grosnuages,['grosnuages'],[]
images/pyronear_brison_2_2023_10_19T07_38_05.jpg,labels/pyronear_brison_2_2023_10_19T07_38_05.txt,True,brume,"['batiment', 'brume']",['brume']
images/pyronear_ferion_2_2023_10_17T11_50_34.jpg,labels/pyronear_ferion_2_2023_10_17T11_50_34.txt,True,nuagesbas,['nuagesbas'],['brume']
images/pyronear_salaunes_1_1_2023_08_21T05_31_37.jpg,labels/pyronear_salaunes_1_1_2023_08_21T05_31_37.txt,True,glare,"['glaretacherouge', 'soleilrefletslac']",[]
images/pyronear_marguerite_1_2023_09_15T16_11_05.jpg,labels/pyronear_marguerite_1_2023_09_15T16_11_05.txt,True,glare,['glare'],[]
images/pyronear_courmettes_4_2023_11_02T07_57_33.jpg,labels/pyronear_courmettes_4_2023_11_02T07_57_33.txt,True,arbre,['arbre'],['brume']
images/pyronear_courmettes_2_2023_10_10T06_28_49.jpg,labels/pyronear_courmettes_2_2023_10_10T06_28_49.txt,True,grosnuages,['grosnuages'],"['brume', 'soleil']"
images/pyronear_brison_3_2023_08_29T05_50_14.jpg,labels/pyronear_brison_3_2023_08_29T05_50_14.txt,True,montagne,['montagne'],[]
images/pyronear_marguerite_1_2023_09_14T05_45_44.jpg,labels/pyronear_marguerite_1_2023_09_14T05_45_44.txt,True,grosnuages,['grosnuages'],[]
images/pyronear_courmettes_4_2023_10_19T09_41_44.jpg,labels/pyronear_courmettes_4_2023_10_19T09_41_44.txt,True,arbre,['arbre'],['brume']
images/pyronear_courmettes_1_2023_11_07T07_36_03.jpg,labels/pyronear_courmettes_1_2023_11_07T07_36_03.txt,True,soleil,"['refletslac', 'soleil']",[]
images/pyronear_salaunes_2_1_2023_08_27T09_33_38.jpg,labels/pyronear_salaunes_2_1_2023_08_27T09_33_38.txt,True,grosnuages,['grosnuages'],[]
images/pyronear_marguerite_3_2023_09_18T07_37_26.jpg,labels/pyronear_marguerite_3_2023_09_18T07_37_26.txt,True,arbre,['arbre'],['brume']
images/pyronear_salaunes_2_2_2023_10_24T06_59_49.jpg,labels/pyronear_salaunes_2_2_2023_10_24T06_59_49.txt,True,grosnuages,['grosnuagesrefletssoleil'],[]
images/pyronear_marguerite_4_2023_06_09T13_48_46.jpg,labels/pyronear_marguerite_4_2023_06_09T13_48_46.txt,True,tache,"['batiment', 'tache']","['brume', 'pluie']"
images/pyronear_brison_4_2023_10_29T10_18_40.jpg,labels/pyronear_brison_4_2023_10_29T10_18_40.txt,True,grosnuages,['grosnuages'],['brume']
images/pyronear_brison_1_2023_06_22T12_12_20.jpg,labels/pyronear_brison_1_2023_06_22T12_12_20.txt,True,grosnuages,['grosnuages'],[]
images/pyronear_marguerite_1_2023_06_13T18_25_14.jpg,labels/pyronear_marguerite_1_2023_06_13T18_25_14.txt,True,grosnuages,['grosnuages'],[]
images/pyronear_ferion_2_2023_10_28T15_17_35.jpg,labels/pyronear_ferion_2_2023_10_28T15_17_35.txt,True,grosnuages,['grosnuages'],[]
images/pyronear_marguerite_2_2023_08_15T18_44_50.jpg,labels/pyronear_marguerite_2_2023_08_15T18_44_50.txt,True,nuagesbas,['nuagesbas'],['soleilcouchant']
images/pyronear_brison_2_2023_10_30T09_46_57.jpg,labels/pyronear_brison_2_2023_10_30T09_46_57.txt,True,brume,"['batiment', 'brume']",['brume']
images/pyronear_marguerite_4_2023_09_18T07_50_28.jpg,labels/pyronear_marguerite_4_2023_09_18T07_50_28.txt,True,tache,"['batiment', 'tache']","['brume', 'pluie']"
images/pyronear_valbonne_2_2023_11_06T15_22_45.jpg,labels/pyronear_valbonne_2_2023_11_06T15_22_45.txt,True,nuagesbas,['nuagesbas'],[]
images/pyronear_ferion_2_2023_10_29T15_04_12.jpg,labels/pyronear_ferion_2_2023_10_29T15_04_12.txt,True,grosnuages,['grosnuages'],[]
images/pyronear_brison_4_2023_10_28T05_59_07.jpg,labels/pyronear_brison_4_2023_10_28T05_59_07.txt,True,nuagesbas,['nuagesbas'],[]
images/pyronear_brison_2_2023_09_21T08_25_24.jpg,labels/pyronear_brison_2_2023_09_21T08_25_24.txt,True,brume,"['batiment', 'brume']",['brume']
images/pyronear_brison_2_2023_10_19T10_19_19.jpg,labels/pyronear_brison_2_2023_10_19T10_19_19.txt,True,brume,"['batiment', 'brume']",['brume']
images/pyronear_brison_2_2023_10_30T08_32_55.jpg,labels/pyronear_brison_2_2023_10_30T08_32_55.txt,True,brume,"['batiment', 'brume']",['brume']
images/pyronear_salaunes_2_4_2023_08_18T06_33_11.jpg,labels/pyronear_salaunes_2_4_2023_08_18T06_33_11.txt,True,tuyau,['tuyau'],[]
images/pyronear_salaunes_2_4_2023_08_19T05_31_02.jpg,labels/pyronear_salaunes_2_4_2023_08_19T05_31_02.txt,True,tuyau,['tuyau'],[]
images/pyronear_marguerite_2_2023_09_10T18_24_51.jpg,labels/pyronear_marguerite_2_2023_09_10T18_24_51.txt,True,nuagesbas,['nuagesbas'],['soleilcouchant']
images/pyronear_salaunes_1_4_2023_10_02T17_24_49.jpg,labels/pyronear_salaunes_1_4_2023_10_02T17_24_49.txt,True,glare,['glareptjaune'],[]
images/pyronear_cabanelle_1_2023_10_13T08_34_02.jpg,labels/pyronear_cabanelle_1_2023_10_13T08_34_02.txt,True,grosnuages,['grosnuages'],[]
images/pyronear_marguerite_1_2023_09_16T12_39_28.jpg,labels/pyronear_marguerite_1_2023_09_16T12_39_28.txt,True,nuagesbas,['nuagesbas'],[]
images/pyronear_salaunes_2_2_2023_09_03T05_12_40.jpg,labels/pyronear_salaunes_2_2_2023_09_03T05_12_40.txt,True,panneausolaire,['panneausolaire'],[]
images/pyronear_courmettes_1_2023_11_07T13_00_44.jpg,labels/pyronear_courmettes_1_2023_11_07T13_00_44.txt,True,nuagesbas,['nuagesbas'],[]
images/pyronear_brison_2_2023_09_22T08_42_40.jpg,labels/pyronear_brison_2_2023_09_22T08_42_40.txt,True,nuagesbas,['nuagesbas'],['batiment']
images/pyronear_brison_3_2023_10_01T15_39_24.jpg,labels/pyronear_brison_3_2023_10_01T15_39_24.txt,True,montagne,['montagne'],[]
images/pyronear_salaunes_2_1_2023_08_27T09_56_38.jpg,labels/pyronear_salaunes_2_1_2023_08_27T09_56_38.txt,True,grosnuages,['grosnuages'],[]
images/pyronear_salaunes_1_1_2023_11_03T15_27_35.jpg,labels/pyronear_salaunes_1_1_2023_11_03T15_27_35.txt,True,grosnuages,['grosnuages'],[]
images/pyronear_salaunes_2_1_2023_10_21T06_42_47.jpg,labels/pyronear_salaunes_2_1_2023_10_21T06_42_47.txt,True,grosnuages,['grosnuagesrefletssoleil'],[]
images/pyronear_marguerite_3_2023_06_09T09_57_05.jpg,labels/pyronear_marguerite_3_2023_06_09T09_57_05.txt,True,arbre,['arbre'],['brume']
images/pyronear_courmettes_1_2023_09_26T05_23_42.jpg,labels/pyronear_courmettes_1_2023_09_26T05_23_42.txt,True,soleil,['soleil'],[]
images/pyronear_valbonne_4_2023_10_29T09_40_22.jpg,labels/pyronear_valbonne_4_2023_10_29T09_40_22.txt,True,nuagesbas,['nuagesbas'],[]
images/pyronear_brison_1_2023_06_12T19_37_42.jpg,labels/pyronear_brison_1_2023_06_12T19_37_42.txt,True,nuagesbas,['nuagesbas'],[]
images/pyronear_cabanelle_1_2023_10_10T14_44_20.jpg,labels/pyronear_cabanelle_1_2023_10_10T14_44_20.txt,True,grosnuages,"['grosnuages', 'nuagesbas']",[]
images/pyronear_marguerite_3_2023_09_18T08_58_57.jpg,labels/pyronear_marguerite_3_2023_09_18T08_58_57.txt,True,arbre,['arbre'],['brume']
images/pyronear_courmettes_4_2023_10_20T16_07_55.jpg,labels/pyronear_courmettes_4_2023_10_20T16_07_55.txt,True,grosnuages,['grosnuages'],"['antenne', 'soleilcontrejour']"
images/pyronear_salaunes_2_4_2023_08_19T05_07_31.jpg,labels/pyronear_salaunes_2_4_2023_08_19T05_07_31.txt,True,tuyau,['tuyau'],[]
images/pyronear_salaunes_1_1_2023_11_03T15_31_35.jpg,labels/pyronear_salaunes_1_1_2023_11_03T15_31_35.txt,True,grosnuages,['grosnuages'],[]
images/pyronear_salaunes_1_4_2023_10_04T17_22_16.jpg,labels/pyronear_salaunes_1_4_2023_10_04T17_22_16.txt,True,glare,['glareptjaune'],[]
images/pyronear_courmettes_1_2023_09_29T05_35_13.jpg,labels/pyronear_courmettes_1_2023_09_29T05_35_13.txt,True,soleil,['soleil'],[]
images/pyronear_cabanelle_1_2023_10_10T14_53_23.jpg,labels/pyronear_cabanelle_1_2023_10_10T14_53_23.txt,True,grosnuages,"['grosnuages', 'nuagesbas']",[]
images/pyronear_courmettes_4_2023_11_02T09_45_06.jpg,labels/pyronear_courmettes_4_2023_11_02T09_45_06.txt,True,arbre,['arbre'],['brume']
images/pyronear_valbonne_2_2023_11_07T14_21_20.jpg,labels/pyronear_valbonne_2_2023_11_07T14_21_20.txt,True,nuagesbas,['nuagesbas'],[]
images/pyronear_brison_3_2023_06_08T05_47_44.jpg,labels/pyronear_brison_3_2023_06_08T05_47_44.txt,True,grosnuages,['grosnuages'],[]
images/pyronear_courmettes_1_2023_09_29T06_05_14.jpg,labels/pyronear_courmettes_1_2023_09_29T06_05_14.txt,True,glare,"['glaretacherouge', 'soleilrefletslac']",[]
images/pyronear_marguerite_3_2023_09_18T08_54_57.jpg,labels/pyronear_marguerite_3_2023_09_18T08_54_57.txt,True,arbre,['arbre'],['brume']
images/pyronear_brison_4_2023_06_24T19_13_26.jpg,labels/pyronear_brison_4_2023_06_24T19_13_26.txt,True,soleil,['soleil'],[]
images/pyronear_marguerite_1_2023_09_14T15_54_21.jpg,labels/pyronear_marguerite_1_2023_09_14T15_54_21.txt,True,soleil,['soleilrayons'],[]
images/pyronear_valbonne_2_2023_11_06T14_59_14.jpg,labels/pyronear_valbonne_2_2023_11_06T14_59_14.txt,True,nuagesbas,['nuagesbas'],[]
images/pyronear_valbonne_4_2023_10_08T05_58_54.jpg,labels/pyronear_valbonne_4_2023_10_08T05_58_54.txt,True,soleil,['soleil'],['batiment']
images/pyronear_cabanelle_2_2023_10_02T05_59_33.jpg,labels/pyronear_cabanelle_2_2023_10_02T05_59_33.txt,True,soleil,"['glare', 'refletslac', 'soleil', 'tacherouge']",[]
images/pyronear_marguerite_4_2023_10_29T13_22_45.jpg,labels/pyronear_marguerite_4_2023_10_29T13_22_45.txt,True,batiment,['batiment'],"['brume', 'pluie']"
images/pyronear_salaunes_2_2_2023_10_24T06_59_15.jpg,labels/pyronear_salaunes_2_2_2023_10_24T06_59_15.txt,True,grosnuages,['grosnuagesrefletssoleil'],[]
images/pyronear_valbonne_2_2023_11_06T15_39_45.jpg,labels/pyronear_valbonne_2_2023_11_06T15_39_45.txt,True,nuagesbas,['nuagesbas'],[]
images/pyronear_brison_1_2023_06_22T11_36_49.jpg,labels/pyronear_brison_1_2023_06_22T11_36_49.txt,True,nuagesbas,['nuagesbas'],['brume']
images/pyronear_courmettes_1_2023_09_26T06_07_21.jpg,labels/pyronear_courmettes_1_2023_09_26T06_07_21.txt,True,glare,['glaretache'],[]
images/pyronear_brison_4_2023_10_28T08_57_24.jpg,labels/pyronear_brison_4_2023_10_28T08_57_24.txt,True,nuagesbas,['nuagesbas'],[]
images/pyronear_marguerite_4_2023_10_24T11_39_26.jpg,labels/pyronear_marguerite_4_2023_10_24T11_39_26.txt,True,nuagesbas,['nuagesbas'],[]
images/pyronear_brison_4_2023_08_17T10_07_22.jpg,labels/pyronear_brison_4_2023_08_17T10_07_22.txt,True,grosnuages,['grosnuages'],"['insecte', 'tache']"
images/pyronear_marguerite_3_2023_06_09T09_01_02.jpg,labels/pyronear_marguerite_3_2023_06_09T09_01_02.txt,True,arbre,['arbre'],['brume']
images/pyronear_marguerite_1_2023_09_14T15_57_07.jpg,labels/pyronear_marguerite_1_2023_09_14T15_57_07.txt,True,glare,['glaresoleilrayons'],[]
images/pyronear_brison_2_2023_09_21T05_55_50.jpg,labels/pyronear_brison_2_2023_09_21T05_55_50.txt,True,brume,"['batiment', 'brume']",['brume']
images/pyronear_brison_2_2023_08_27T09_07_05.jpg,labels/pyronear_brison_2_2023_08_27T09_07_05.txt,True,grosnuages,['grosnuages'],['batiment']
images/pyronear_ferion_4_2023_10_24T15_57_08.jpg,labels/pyronear_ferion_4_2023_10_24T15_57_08.txt,True,grosnuages,"['grosnuages', 'soleilreflets']",[]
images/pyronear_cabanelle_1_2023_10_13T09_44_04.jpg,labels/pyronear_cabanelle_1_2023_10_13T09_44_04.txt,True,grosnuages,['grosnuages'],[]
images/pyronear_valbonne_4_2023_10_29T10_05_52.jpg,labels/pyronear_valbonne_4_2023_10_29T10_05_52.txt,True,nuagesbas,['nuagesbas'],[]
images/pyronear_marguerite_3_2023_09_18T09_41_02.jpg,labels/pyronear_marguerite_3_2023_09_18T09_41_02.txt,True,arbre,['arbre'],['brume']
images/pyronear_brison_3_2023_10_01T13_56_13.jpg,labels/pyronear_brison_3_2023_10_01T13_56_13.txt,True,montagne,['montagne'],[]
images/pyronear_valbonne_2_2023_11_06T15_27_14.jpg,labels/pyronear_valbonne_2_2023_11_06T15_27_14.txt,True,nuagesbas,['nuagesbas'],[]
images/pyronear_salaunes_2_1_2023_08_27T08_38_05.jpg,labels/pyronear_salaunes_2_1_2023_08_27T08_38_05.txt,True,grosnuages,['grosnuages'],[]
images/pyronear_brison_2_2023_10_08T05_51_21.jpg,labels/pyronear_brison_2_2023_10_08T05_51_21.txt,True,soleil,['soleil'],['batiment']
images/pyronear_brison_2_2023_10_30T09_22_28.jpg,labels/pyronear_brison_2_2023_10_30T09_22_28.txt,True,brume,"['batiment', 'brume']",['brume']
images/pyronear_valbonne_3_2023_10_14T17_22_43.jpg,labels/pyronear_valbonne_3_2023_10_14T17_22_43.txt,True,batiment,['batimentloin'],['soleilcouchant']
images/pyronear_brison_2_2023_09_21T06_48_23.jpg,labels/pyronear_brison_2_2023_09_21T06_48_23.txt,True,brume,"['batiment', 'brume']",['brume']
images/pyronear_valbonne_2_2023_11_07T14_27_22.jpg,labels/pyronear_valbonne_2_2023_11_07T14_27_22.txt,True,nuagesbas,['nuagesbas'],[]
images/pyronear_salaunes_1_2_2023_08_15T08_15_52.jpg,labels/pyronear_salaunes_1_2_2023_08_15T08_15_52.txt,True,pluie,['pluie'],[]
images/pyronear_brison_3_2023_10_02T13_21_36.jpg,labels/pyronear_brison_3_2023_10_02T13_21_36.txt,True,montagne,['montagne'],[]
images/pyronear_marguerite_3_2023_09_18T05_31_45.jpg,labels/pyronear_marguerite_3_2023_09_18T05_31_45.txt,True,arbre,['arbre'],['brume']
images/pyronear_ferion_2_2023_10_29T15_38_09.jpg,labels/pyronear_ferion_2_2023_10_29T15_38_09.txt,True,grosnuages,['grosnuages'],[]
images/pyronear_courmettes_1_2023_09_27T06_08_06.jpg,labels/pyronear_courmettes_1_2023_09_27T06_08_06.txt,True,glare,['glaretache'],[]
images/pyronear_ferion_2_2023_10_28T14_58_34.jpg,labels/pyronear_ferion_2_2023_10_28T14_58_34.txt,True,grosnuages,['grosnuages'],[]
images/pyronear_marguerite_1_2023_09_08T16_12_30.jpg,labels/pyronear_marguerite_1_2023_09_08T16_12_30.txt,True,glare,['glare'],[]
images/pyronear_salaunes_2_1_2023_10_21T07_02_45.jpg,labels/pyronear_salaunes_2_1_2023_10_21T07_02_45.txt,True,grosnuages,['grosnuagesrefletssoleil'],[]
images/pyronear_brison_2_2023_10_19T09_33_07.jpg,labels/pyronear_brison_2_2023_10_19T09_33_07.txt,True,brume,"['batiment', 'brume']",['brume']
images/pyronear_valbonne_2_2023_11_06T15_23_16.jpg,labels/pyronear_valbonne_2_2023_11_06T15_23_16.txt,True,nuagesbas,['nuagesbas'],[]
images/pyronear_brison_4_2023_10_28T05_58_22.jpg,labels/pyronear_brison_4_2023_10_28T05_58_22.txt,True,nuagesbas,['nuagesbas'],[]
images/pyronear_brison_2_2023_08_27T09_12_36.jpg,labels/pyronear_brison_2_2023_08_27T09_12_36.txt,True,grosnuages,['grosnuages'],['batiment']
images/pyronear_brison_2_2023_09_21T08_32_05.jpg,labels/pyronear_brison_2_2023_09_21T08_32_05.txt,True,brume,"['batiment', 'brume']",['brume']
images/pyronear_brison_2_2023_10_19T09_50_38.jpg,labels/pyronear_brison_2_2023_10_19T09_50_38.txt,True,brume,"['batiment', 'brume']",['brume']
images/pyronear_ferion_2_2023_10_29T15_36_08.jpg,labels/pyronear_ferion_2_2023_10_29T15_36_08.txt,True,grosnuages,['grosnuages'],[]
images/pyronear_cabanelle_1_2023_10_09T14_02_45.jpg,labels/pyronear_cabanelle_1_2023_10_09T14_02_45.txt,True,nuagesbas,['nuagesbas'],[]
images/pyronear_valbonne_2_2023_11_07T14_43_50.jpg,labels/pyronear_valbonne_2_2023_11_07T14_43_50.txt,True,nuagesbas,['nuagesbas'],[]
images/pyronear_brison_4_2023_08_17T09_59_54.jpg,labels/pyronear_brison_4_2023_08_17T09_59_54.txt,True,grosnuages,['grosnuages'],"['insecte', 'tache']"
images/pyronear_brison_3_2023_06_14T08_27_34.jpg,labels/pyronear_brison_3_2023_06_14T08_27_34.txt,True,grosnuages,['grosnuages'],['brume']
images/pyronear_cabanelle_1_2023_10_10T12_01_18.jpg,labels/pyronear_cabanelle_1_2023_10_10T12_01_18.txt,True,grosnuages,"['grosnuages', 'nuagesbas']",[]
images/pyronear_cabanelle_2_2023_09_30T06_00_41.jpg,labels/pyronear_cabanelle_2_2023_09_30T06_00_41.txt,True,soleil,"['glare', 'refletslac', 'soleil', 'tacherouge']",[]
images/pyronear_marguerite_3_2023_09_18T05_45_16.jpg,labels/pyronear_marguerite_3_2023_09_18T05_45_16.txt,True,arbre,['arbre'],['brume']
images/pyronear_brison_2_2023_09_21T09_27_56.jpg,labels/pyronear_brison_2_2023_09_21T09_27_56.txt,True,brume,"['batiment', 'brume']",['brume']
images/pyronear_ferion_3_2023_10_20T13_28_53.jpg,labels/pyronear_ferion_3_2023_10_20T13_28_53.txt,True,brume,['brume'],[]
images/pyronear_marguerite_3_2023_09_18T05_28_14.jpg,labels/pyronear_marguerite_3_2023_09_18T05_28_14.txt,True,arbre,['arbre'],['brume']
images/pyronear_courmettes_2_2023_10_08T07_06_04.jpg,labels/pyronear_courmettes_2_2023_10_08T07_06_04.txt,True,soleil,['soleil'],[]
images/pyronear_valbonne_2_2023_11_05T14_39_05.jpg,labels/pyronear_valbonne_2_2023_11_05T14_39_05.txt,True,nuagesbas,['nuagesbas'],[]
images/pyronear_courmettes_4_2023_11_02T09_34_06.jpg,labels/pyronear_courmettes_4_2023_11_02T09_34_06.txt,True,arbre,['arbre'],['brume']
images/pyronear_brison_2_2023_10_30T06_43_22.jpg,labels/pyronear_brison_2_2023_10_30T06_43_22.txt,True,brume,"['batiment', 'brume']",['brume']
images/pyronear_valbonne_3_2023_10_14T17_18_14.jpg,labels/pyronear_valbonne_3_2023_10_14T17_18_14.txt,True,batiment,['batimentloin'],['soleilcouchant']
images/pyronear_marguerite_1_2023_09_15T16_14_36.jpg,labels/pyronear_marguerite_1_2023_09_15T16_14_36.txt,True,glare,['glare'],[]
images/pyronear_cabanelle_1_2023_10_07T14_54_00.jpg,labels/pyronear_cabanelle_1_2023_10_07T14_54_00.txt,True,nuagesbas,['nuagesbas'],[]
images/pyronear_valbonne_3_2023_10_13T17_19_52.jpg,labels/pyronear_valbonne_3_2023_10_13T17_19_52.txt,True,batiment,['batimentloin'],['soleilcouchant']
images/pyronear_brison_2_2023_09_22T08_47_13.jpg,labels/pyronear_brison_2_2023_09_22T08_47_13.txt,True,nuagesbas,['nuagesbas'],['batiment']
images/pyronear_brison_2_2023_06_09T14_31_14.jpg,labels/pyronear_brison_2_2023_06_09T14_31_14.txt,True,nuagesbas,['nuagesbas'],['batiment']
images/pyronear_cabanelle_1_2023_10_07T14_54_28.jpg,labels/pyronear_cabanelle_1_2023_10_07T14_54_28.txt,True,nuagesbas,['nuagesbas'],[]
images/pyronear_courmettes_1_2023_11_07T12_42_46.jpg,labels/pyronear_courmettes_1_2023_11_07T12_42_46.txt,True,nuagesbas,['nuagesbas'],[]
images/pyronear_brison_4_2023_08_17T08_28_11.jpg,labels/pyronear_brison_4_2023_08_17T08_28_11.txt,True,grosnuages,['grosnuages'],"['insecte', 'tache']"
images/pyronear_brison_2_2023_10_30T07_36_38.jpg,labels/pyronear_brison_2_2023_10_30T07_36_38.txt,True,brume,"['batiment', 'brume']",['brume']
images/pyronear_valbonne_4_2023_11_02T11_17_37.jpg,labels/pyronear_valbonne_4_2023_11_02T11_17_37.txt,True,nuagesbas,['nuagesbas'],[]
images/pyronear_brison_4_2023_06_28T18_54_35.jpg,labels/pyronear_brison_4_2023_06_28T18_54_35.txt,True,glare,['glare'],[]
images/pyronear_cabanelle_1_2023_10_10T12_03_15.jpg,labels/pyronear_cabanelle_1_2023_10_10T12_03_15.txt,True,grosnuages,"['grosnuages', 'nuagesbas']",[]
images/pyronear_ferion_4_2023_10_24T15_58_09.jpg,labels/pyronear_ferion_4_2023_10_24T15_58_09.txt,True,grosnuages,"['grosnuages', 'soleilreflets']",[]
images/pyronear_valbonne_4_2023_10_18T10_54_44.jpg,labels/pyronear_valbonne_4_2023_10_18T10_54_44.txt,True,nuagesbas,['nuagesbas'],[]
images/pyronear_valbonne_2_2023_11_05T15_43_07.jpg,labels/pyronear_valbonne_2_2023_11_05T15_43_07.txt,True,nuagesbas,['nuagesbas'],[]
images/pyronear_valbonne_4_2023_10_08T06_03_54.jpg,labels/pyronear_valbonne_4_2023_10_08T06_03_54.txt,True,soleil,['soleil'],['batiment']
images/pyronear_st_peray_1_2023_07_26T12_52_23.jpg,labels/pyronear_st_peray_1_2023_07_26T12_52_23.txt,True,grosnuages,['grosnuages'],[]
images/pyronear_brison_3_2023_06_14T08_26_59.jpg,labels/pyronear_brison_3_2023_06_14T08_26_59.txt,True,grosnuages,['grosnuages'],['brume']
images/pyronear_cabanelle_1_2023_10_10T09_12_42.jpg,labels/pyronear_cabanelle_1_2023_10_10T09_12_42.txt,True,grosnuages,"['grosnuages', 'nuagesbas']",[]
images/pyronear_marguerite_3_2023_09_18T08_10_55.jpg,labels/pyronear_marguerite_3_2023_09_18T08_10_55.txt,True,arbre,['arbre'],['brume']
images/pyronear_marguerite_4_2023_10_17T14_52_18.jpg,labels/pyronear_marguerite_4_2023_10_17T14_52_18.txt,True,batiment,['batiment'],"['brume', 'pluie']"
images/pyronear_valbonne_4_2023_10_28T15_49_03.jpg,labels/pyronear_valbonne_4_2023_10_28T15_49_03.txt,True,nuagesbas,['nuagesbas'],[]
images/pyronear_courmettes_4_2023_10_20T16_14_25.jpg,labels/pyronear_courmettes_4_2023_10_20T16_14_25.txt,True,grosnuages,['grosnuages'],"['antenne', 'soleilcontrejour']"
images/pyronear_marguerite_3_2023_09_18T07_03_53.jpg,labels/pyronear_marguerite_3_2023_09_18T07_03_53.txt,True,arbre,['arbre'],['brume']
images/pyronear_marguerite_1_2023_08_22T16_34_48.jpg,labels/pyronear_marguerite_1_2023_08_22T16_34_48.txt,True,soleil,['soleilrayons'],[]
images/pyronear_marguerite_4_2023_06_09T13_42_15.jpg,labels/pyronear_marguerite_4_2023_06_09T13_42_15.txt,True,tache,"['batiment', 'tache']","['brume', 'pluie']"
images/pyronear_valbonne_3_2023_10_20T16_10_52.jpg,labels/pyronear_valbonne_3_2023_10_20T16_10_52.txt,True,glare,['glare'],[]
images/pyronear_ferion_2_2023_10_17T14_29_38.jpg,labels/pyronear_ferion_2_2023_10_17T14_29_38.txt,True,nuagesbas,['nuagesbas'],['brume']
images/pyronear_marguerite_3_2023_06_09T08_52_02.jpg,labels/pyronear_marguerite_3_2023_06_09T08_52_02.txt,True,arbre,['arbre'],['brume']
images/pyronear_valbonne_2_2023_11_06T15_21_14.jpg,labels/pyronear_valbonne_2_2023_11_06T15_21_14.txt,True,nuagesbas,['nuagesbas'],[]
images/pyronear_salaunes_1_1_2023_08_09T18_10_58.jpg,labels/pyronear_salaunes_1_1_2023_08_09T18_10_58.txt,True,nuagesbas,['nuagesbas'],[]
images/pyronear_valbonne_3_2023_10_13T17_22_22.jpg,labels/pyronear_valbonne_3_2023_10_13T17_22_22.txt,True,batiment,['batimentloin'],['soleilcouchant']
images/pyronear_brison_2_2023_10_30T07_25_03.jpg,labels/pyronear_brison_2_2023_10_30T07_25_03.txt,True,brume,"['batiment', 'brume']",['brume']
images/pyronear_marguerite_1_2023_09_18T16_02_13.jpg,labels/pyronear_marguerite_1_2023_09_18T16_02_13.txt,True,glare,['glare'],[]
images/pyronear_marguerite_3_2023_09_18T10_38_30.jpg,labels/pyronear_marguerite_3_2023_09_18T10_38_30.txt,True,arbre,['arbre'],['brume']
images/pyronear_brison_2_2023_09_21T08_40_32.jpg,labels/pyronear_brison_2_2023_09_21T08_40_32.txt,True,brume,"['batiment', 'brume']",['brume']
images/pyronear_salaunes_1_1_2023_08_05T05_21_21.jpg,labels/pyronear_salaunes_1_1_2023_08_05T05_21_21.txt,True,glare,['glareptjaune'],[]
images/pyronear_marguerite_2_2023_09_24T17_38_21.jpg,labels/pyronear_marguerite_2_2023_09_24T17_38_21.txt,True,nuagesbas,['nuagesfiligranes'],[]
images/pyronear_brison_2_2023_06_09T13_22_43.jpg,labels/pyronear_brison_2_2023_06_09T13_22_43.txt,True,nuagesbas,['nuagesbas'],['batiment']
images/pyronear_courmettes_1_2023_11_07T07_30_03.jpg,labels/pyronear_courmettes_1_2023_11_07T07_30_03.txt,True,soleil,"['refletslac', 'soleil']",[]
images/pyronear_brison_2_2023_10_30T08_26_25.jpg,labels/pyronear_brison_2_2023_10_30T08_26_25.txt,True,brume,"['batiment', 'brume']",['brume']
images/pyronear_valbonne_2_2023_11_05T16_02_08.jpg,labels/pyronear_valbonne_2_2023_11_05T16_02_08.txt,True,nuagesbas,['nuagesbas'],[]
images/pyronear_cabanelle_1_2023_10_10T14_46_20.jpg,labels/pyronear_cabanelle_1_2023_10_10T14_46_20.txt,True,grosnuages,"['grosnuages', 'nuagesbas']",[]
images/pyronear_brison_4_2023_08_17T07_34_35.jpg,labels/pyronear_brison_4_2023_08_17T07_34_35.txt,True,grosnuages,['grosnuages'],"['insecte', 'tache']"
images/pyronear_valbonne_4_2023_10_29T09_45_52.jpg,labels/pyronear_valbonne_4_2023_10_29T09_45_52.txt,True,nuagesbas,['nuagesbas'],[]
images/pyronear_cabanelle_2_2023_09_28T05_17_57.jpg,labels/pyronear_cabanelle_2_2023_09_28T05_17_57.txt,True,glare,['glare'],[]
images/pyronear_cabanelle_1_2023_10_13T09_39_34.jpg,labels/pyronear_cabanelle_1_2023_10_13T09_39_34.txt,True,grosnuages,['grosnuages'],[]
images/pyronear_courmettes_1_2023_09_26T04_50_41.jpg,labels/pyronear_courmettes_1_2023_09_26T04_50_41.txt,True,soleil,"['refletslac', 'soleil']",['soleilcouchant']
images/pyronear_ferion_1_2023_10_20T15_46_13.jpg,labels/pyronear_ferion_1_2023_10_20T15_46_13.txt,True,arbre,['arbre'],['brume']
images/pyronear_brison_2_2023_10_30T09_47_14.jpg,labels/pyronear_brison_2_2023_10_30T09_47_14.txt,True,brume,"['batiment', 'brume']",['brume']
images/pyronear_salaunes_2_1_2023_08_28T18_30_21.jpg,labels/pyronear_salaunes_2_1_2023_08_28T18_30_21.txt,True,grosnuages,['grosnuagesrefletssoleil'],[]
images/pyronear_courmettes_2_2023_11_04T06_52_05.jpg,labels/pyronear_courmettes_2_2023_11_04T06_52_05.txt,True,glare,['glare'],[]
images/pyronear_brison_2_2023_09_21T06_05_50.jpg,labels/pyronear_brison_2_2023_09_21T06_05_50.txt,True,brume,"['batiment', 'brume']",['brume']
images/pyronear_valbonne_3_2023_10_15T05_47_23.jpg,labels/pyronear_valbonne_3_2023_10_15T05_47_23.txt,True,batiment,"['batimentloin', 'nuagesbas']",[]
images/pyronear_brison_4_2023_10_30T15_14_37.jpg,labels/pyronear_brison_4_2023_10_30T15_14_37.txt,True,grosnuages,['grosnuages'],['brume']
images/pyronear_marguerite_3_2023_09_18T07_30_54.jpg,labels/pyronear_marguerite_3_2023_09_18T07_30_54.txt,True,arbre,['arbre'],['brume']
images/pyronear_brison_2_2023_11_01T10_06_59.jpg,labels/pyronear_brison_2_2023_11_01T10_06_59.txt,True,brume,"['batiment', 'brume']",['brume']
images/pyronear_marguerite_1_2023_09_14T16_04_06.jpg,labels/pyronear_marguerite_1_2023_09_14T16_04_06.txt,True,glare,['glaresoleilrayons'],[]
images/pyronear_courmettes_1_2023_11_07T13_28_15.jpg,labels/pyronear_courmettes_1_2023_11_07T13_28_15.txt,True,nuagesbas,['nuagesbas'],[]
images/pyronear_marguerite_3_2023_09_18T05_40_45.jpg,labels/pyronear_marguerite_3_2023_09_18T05_40_45.txt,True,arbre,['arbre'],['brume']
images/pyronear_marguerite_1_2023_08_11T15_30_13.jpg,labels/pyronear_marguerite_1_2023_08_11T15_30_13.txt,True,soleil,['soleilrayons'],[]
images/pyronear_brison_2_2023_09_24T06_02_57.jpg,labels/pyronear_brison_2_2023_09_24T06_02_57.txt,True,glare,['glare'],[]
images/pyronear_marguerite_2_2023_09_24T17_38_13.jpg,labels/pyronear_marguerite_2_2023_09_24T17_38_13.txt,True,nuagesbas,['nuagesfiligranes'],[]
images/pyronear_marguerite_3_2023_09_18T10_41_00.jpg,labels/pyronear_marguerite_3_2023_09_18T10_41_00.txt,True,arbre,['arbre'],['brume']
images/pyronear_brison_2_2023_10_30T08_26_55.jpg,labels/pyronear_brison_2_2023_10_30T08_26_55.txt,True,brume,"['batiment', 'brume']",['brume']
images/pyronear_salaunes_2_1_2023_08_27T09_56_08.jpg,labels/pyronear_salaunes_2_1_2023_08_27T09_56_08.txt,True,grosnuages,['grosnuages'],[]
images/pyronear_marguerite_3_2023_09_18T05_25_44.jpg,labels/pyronear_marguerite_3_2023_09_18T05_25_44.txt,True,arbre,['arbre'],['brume']
images/pyronear_courmettes_1_2023_10_05T05_08_41.jpg,labels/pyronear_courmettes_1_2023_10_05T05_08_41.txt,True,nuagesbas,['nuagesfiligranes'],[]
images/pyronear_cabanelle_1_2023_10_07T14_54_58.jpg,labels/pyronear_cabanelle_1_2023_10_07T14_54_58.txt,True,nuagesbas,['nuagesbas'],[]
images/pyronear_cabanelle_1_2023_10_11T15_08_29.jpg,labels/pyronear_cabanelle_1_2023_10_11T15_08_29.txt,True,brume,['brume'],[]
images/pyronear_cabanelle_1_2023_10_10T15_28_22.jpg,labels/pyronear_cabanelle_1_2023_10_10T15_28_22.txt,True,grosnuages,"['grosnuages', 'nuagesbas']",[]
images/pyronear_courmettes_2_2023_10_24T14_48_51.jpg,labels/pyronear_courmettes_2_2023_10_24T14_48_51.txt,True,grosnuages,['grosnuages'],[]
images/pyronear_st_peray_1_2023_07_21T08_23_29.jpg,labels/pyronear_st_peray_1_2023_07_21T08_23_29.txt,True,grosnuages,['grosnuages'],[]
images/pyronear_valbonne_2_2023_11_05T16_16_37.jpg,labels/pyronear_valbonne_2_2023_11_05T16_16_37.txt,True,nuagesbas,['nuagesbas'],[]
images/pyronear_salaunes_1_4_2023_10_04T17_13_49.jpg,labels/pyronear_salaunes_1_4_2023_10_04T17_13_49.txt,True,glare,['glareptjaune'],[]
images/pyronear_salaunes_1_1_2023_08_21T05_31_10.jpg,labels/pyronear_salaunes_1_1_2023_08_21T05_31_10.txt,True,glare,"['glaretacherouge', 'soleilrefletslac']",[]
images/pyronear_brison_2_2023_09_21T08_26_54.jpg,labels/pyronear_brison_2_2023_09_21T08_26_54.txt,True,brume,"['batiment', 'brume']",['brume']
images/pyronear_brison_4_2023_10_30T15_14_10.jpg,labels/pyronear_brison_4_2023_10_30T15_14_10.txt,True,grosnuages,['grosnuages'],['brume']
images/pyronear_marguerite_3_2023_09_18T07_37_54.jpg,labels/pyronear_marguerite_3_2023_09_18T07_37_54.txt,True,arbre,['arbre'],['brume']
images/pyronear_brison_4_2023_10_30T15_14_44.jpg,labels/pyronear_brison_4_2023_10_30T15_14_44.txt,True,grosnuages,['grosnuages'],['brume']
images/pyronear_brison_3_2023_10_07T17_31_14.jpg,labels/pyronear_brison_3_2023_10_07T17_31_14.txt,True,zonenoire,['zonenoire'],['soleilcouchant']
images/pyronear_marguerite_1_2023_09_14T05_29_43.jpg,labels/pyronear_marguerite_1_2023_09_14T05_29_43.txt,True,grosnuages,['grosnuages'],[]
images/pyronear_brison_3_2023_06_08T06_22_16.jpg,labels/pyronear_brison_3_2023_06_08T06_22_16.txt,True,grosnuages,['grosnuages'],[]
images/pyronear_cabanelle_2_2023_10_02T05_57_04.jpg,labels/pyronear_cabanelle_2_2023_10_02T05_57_04.txt,True,soleil,"['glare', 'refletslac', 'soleil', 'tacherouge']",[]
images/pyronear_marguerite_1_2023_09_05T17_59_19.jpg,labels/pyronear_marguerite_1_2023_09_05T17_59_19.txt,True,soleil,['soleil'],[]
images/pyronear_brison_2_2023_10_30T07_45_55.jpg,labels/pyronear_brison_2_2023_10_30T07_45_55.txt,True,brume,"['batiment', 'brume']",['brume']
images/pyronear_valbonne_3_2023_10_14T17_17_44.jpg,labels/pyronear_valbonne_3_2023_10_14T17_17_44.txt,True,batiment,['batimentloin'],['soleilcouchant']
images/pyronear_valbonne_2_2023_11_05T15_02_06.jpg,labels/pyronear_valbonne_2_2023_11_05T15_02_06.txt,True,nuagesbas,['nuagesbas'],[]
images/pyronear_marguerite_2_2023_09_10T18_17_20.jpg,labels/pyronear_marguerite_2_2023_09_10T18_17_20.txt,True,nuagesbas,['nuagesbas'],['soleilcouchant']
images/pyronear_st_peray_1_2023_07_21T08_36_29.jpg,labels/pyronear_st_peray_1_2023_07_21T08_36_29.txt,True,grosnuages,['grosnuages'],[]
images/pyronear_brison_1_2023_06_13T05_58_04.jpg,labels/pyronear_brison_1_2023_06_13T05_58_04.txt,True,grosnuages,['grosnuages'],[]
images/pyronear_marguerite_3_2023_09_18T09_01_27.jpg,labels/pyronear_marguerite_3_2023_09_18T09_01_27.txt,True,arbre,['arbre'],['brume']
images/pyronear_marguerite_3_2023_09_18T07_48_24.jpg,labels/pyronear_marguerite_3_2023_09_18T07_48_24.txt,True,arbre,['arbre'],['brume']
images/pyronear_valbonne_2_2023_11_05T16_14_08.jpg,labels/pyronear_valbonne_2_2023_11_05T16_14_08.txt,True,nuagesbas,['nuagesbas'],[]
images/pyronear_brison_3_2023_09_21T10_37_59.jpg,labels/pyronear_brison_3_2023_09_21T10_37_59.txt,True,grosnuages,['grosnuages'],['brume']
images/pyronear_salaunes_2_1_2023_11_05T10_21_21.jpg,labels/pyronear_salaunes_2_1_2023_11_05T10_21_21.txt,True,grosnuages,['grosnuagesrefletssoleil'],[]
images/pyronear_ferion_2_2023_10_17T14_43_38.jpg,labels/pyronear_ferion_2_2023_10_17T14_43_38.txt,True,nuagesbas,['nuagesbas'],['brume']
images/pyronear_ferion_4_2023_11_06T16_05_09.jpg,labels/pyronear_ferion_4_2023_11_06T16_05_09.txt,True,nuagesbas,['nuagesbas'],['soleilcouchant']
images/pyronear_brison_1_2023_06_13T06_16_04.jpg,labels/pyronear_brison_1_2023_06_13T06_16_04.txt,True,grosnuages,['grosnuages'],[]
images/pyronear_courmettes_1_2023_11_07T13_38_45.jpg,labels/pyronear_courmettes_1_2023_11_07T13_38_45.txt,True,nuagesbas,['nuagesbas'],[]
images/pyronear_marguerite_3_2023_09_18T05_47_46.jpg,labels/pyronear_marguerite_3_2023_09_18T05_47_46.txt,True,arbre,['arbre'],['brume']
images/pyronear_ferion_2_2023_10_28T15_13_36.jpg,labels/pyronear_ferion_2_2023_10_28T15_13_36.txt,True,grosnuages,['grosnuages'],[]
images/pyronear_brison_2_2023_09_21T10_14_02.jpg,labels/pyronear_brison_2_2023_09_21T10_14_02.txt,True,brume,"['batiment', 'brume']",['brume']
images/pyronear_brison_2_2023_10_30T08_31_25.jpg,labels/pyronear_brison_2_2023_10_30T08_31_25.txt,True,brume,"['batiment', 'brume']",['brume']
images/pyronear_brison_4_2023_08_17T08_31_48.jpg,labels/pyronear_brison_4_2023_08_17T08_31_48.txt,True,grosnuages,['grosnuages'],"['insecte', 'tache']"
images/pyronear_brison_1_2023_06_12T19_37_58.jpg,labels/pyronear_brison_1_2023_06_12T19_37_58.txt,True,nuagesbas,['nuagesbas'],[]
images/pyronear_cabanelle_1_2023_10_10T14_42_50.jpg,labels/pyronear_cabanelle_1_2023_10_10T14_42_50.txt,True,grosnuages,"['grosnuages', 'nuagesbas']",[]
images/pyronear_cabanelle_1_2023_10_02T05_03_28.jpg,labels/pyronear_cabanelle_1_2023_10_02T05_03_28.txt,True,soleil,['soleil'],[]
images/pyronear_courmettes_1_2023_09_26T06_10_44.jpg,labels/pyronear_courmettes_1_2023_09_26T06_10_44.txt,True,glare,['glaretache'],[]
images/pyronear_marguerite_4_2023_10_29T13_21_44.jpg,labels/pyronear_marguerite_4_2023_10_29T13_21_44.txt,True,batiment,['batiment'],"['brume', 'pluie']"
images/pyronear_courmettes_4_2023_11_02T09_23_36.jpg,labels/pyronear_courmettes_4_2023_11_02T09_23_36.txt,True,arbre,['arbre'],['brume']
images/pyronear_brison_4_2023_08_17T08_30_48.jpg,labels/pyronear_brison_4_2023_08_17T08_30_48.txt,True,grosnuages,['grosnuages'],"['insecte', 'tache']"
images/pyronear_salaunes_2_1_2023_11_05T10_29_52.jpg,labels/pyronear_salaunes_2_1_2023_11_05T10_29_52.txt,True,grosnuages,['grosnuagesrefletssoleil'],[]
images/pyronear_brison_4_2023_08_17T07_35_09.jpg,labels/pyronear_brison_4_2023_08_17T07_35_09.txt,True,grosnuages,['grosnuages'],"['insecte', 'tache']"
images/pyronear_valbonne_2_2023_11_06T14_56_50.jpg,labels/pyronear_valbonne_2_2023_11_06T14_56_50.txt,True,nuagesbas,['nuagesbas'],[]
images/pyronear_brison_2_2023_09_14T17_45_32.jpg,labels/pyronear_brison_2_2023_09_14T17_45_32.txt,True,grosnuages,['grosnuages'],['batiment']
images/pyronear_marguerite_3_2023_09_18T07_32_54.jpg,labels/pyronear_marguerite_3_2023_09_18T07_32_54.txt,True,arbre,['arbre'],['brume']
images/pyronear_brison_4_2023_08_17T10_05_53.jpg,labels/pyronear_brison_4_2023_08_17T10_05_53.txt,True,grosnuages,['grosnuages'],"['insecte', 'tache']"
images/pyronear_valbonne_4_2023_11_03T15_36_32.jpg,labels/pyronear_valbonne_4_2023_11_03T15_36_32.txt,True,nuagesbas,['nuagesbas'],[]
images/pyronear_valbonne_4_2023_10_29T09_56_53.jpg,labels/pyronear_valbonne_4_2023_10_29T09_56_53.txt,True,nuagesbas,['nuagesbas'],[]
images/pyronear_marguerite_1_2023_08_22T16_34_20.jpg,labels/pyronear_marguerite_1_2023_08_22T16_34_20.txt,True,soleil,['soleilrayons'],[]
images/pyronear_ferion_2_2023_11_07T07_03_35.jpg,labels/pyronear_ferion_2_2023_11_07T07_03_35.txt,True,glare,"['glare', 'tache']",[]
images/pyronear_valbonne_3_2023_10_21T16_18_46.jpg,labels/pyronear_valbonne_3_2023_10_21T16_18_46.txt,True,glare,['glare'],[]
images/pyronear_brison_2_2023_10_30T06_39_22.jpg,labels/pyronear_brison_2_2023_10_30T06_39_22.txt,True,brume,"['batiment', 'brume']",['brume']
images/pyronear_marguerite_1_2023_07_30T16_23_31.jpg,labels/pyronear_marguerite_1_2023_07_30T16_23_31.txt,True,soleil,['soleilrayons'],[]
images/pyronear_marguerite_3_2023_09_18T05_33_16.jpg,labels/pyronear_marguerite_3_2023_09_18T05_33_16.txt,True,arbre,['arbre'],['brume']
images/pyronear_marguerite_4_2023_10_29T13_08_45.jpg,labels/pyronear_marguerite_4_2023_10_29T13_08_45.txt,True,batiment,['batiment'],"['brume', 'pluie']"
images/pyronear_courmettes_1_2023_10_05T05_10_39.jpg,labels/pyronear_courmettes_1_2023_10_05T05_10_39.txt,True,nuagesbas,['nuagesfiligranes'],[]
images/pyronear_ferion_4_2023_11_06T15_19_37.jpg,labels/pyronear_ferion_4_2023_11_06T15_19_37.txt,True,nuagesbas,['nuagesbas'],['soleilcouchant']
images/pyronear_ferion_2_2023_10_22T06_50_29.jpg,labels/pyronear_ferion_2_2023_10_22T06_50_29.txt,True,glare,['glare'],[]
images/pyronear_marguerite_3_2023_09_18T09_06_57.jpg,labels/pyronear_marguerite_3_2023_09_18T09_06_57.txt,True,arbre,['arbre'],['brume']
images/pyronear_brison_4_2023_08_17T08_04_28.jpg,labels/pyronear_brison_4_2023_08_17T08_04_28.txt,True,grosnuages,['grosnuages'],"['insecte', 'tache']"
images/pyronear_marguerite_3_2023_09_18T08_55_28.jpg,labels/pyronear_marguerite_3_2023_09_18T08_55_28.txt,True,arbre,['arbre'],['brume']
images/pyronear_cabanelle_1_2023_10_10T11_24_14.jpg,labels/pyronear_cabanelle_1_2023_10_10T11_24_14.txt,True,grosnuages,"['grosnuages', 'nuagesbas']",[]
images/pyronear_cabanelle_1_2023_10_11T13_54_56.jpg,labels/pyronear_cabanelle_1_2023_10_11T13_54_56.txt,True,brume,['brume'],[]
images/pyronear_salaunes_1_2_2023_07_20T09_04_22.jpg,labels/pyronear_salaunes_1_2_2023_07_20T09_04_22.txt,True,grosnuages,['grosnuages'],[]
images/pyronear_marguerite_3_2023_09_18T08_40_56.jpg,labels/pyronear_marguerite_3_2023_09_18T08_40_56.txt,True,arbre,['arbre'],['brume']
images/pyronear_courmettes_4_2023_11_02T09_22_36.jpg,labels/pyronear_courmettes_4_2023_11_02T09_22_36.txt,True,arbre,['arbre'],['brume']
images/pyronear_brison_4_2023_08_17T10_24_52.jpg,labels/pyronear_brison_4_2023_08_17T10_24_52.txt,True,grosnuages,['grosnuages'],"['insecte', 'tache']"
images/pyronear_courmettes_4_2023_10_20T16_13_24.jpg,labels/pyronear_courmettes_4_2023_10_20T16_13_24.txt,True,grosnuages,['grosnuages'],"['antenne', 'soleilcontrejour']"
images/pyronear_courmettes_2_2023_11_04T06_54_02.jpg,labels/pyronear_courmettes_2_2023_11_04T06_54_02.txt,True,glare,['glare'],[]
images/pyronear_marguerite_1_2023_09_09T16_12_38.jpg,labels/pyronear_marguerite_1_2023_09_09T16_12_38.txt,True,glare,['glare'],[]
images/pyronear_salaunes_2_4_2023_08_18T06_32_10.jpg,labels/pyronear_salaunes_2_4_2023_08_18T06_32_10.txt,True,tuyau,['tuyau'],[]
images/pyronear_salaunes_2_2_2023_10_24T06_53_14.jpg,labels/pyronear_salaunes_2_2_2023_10_24T06_53_14.txt,True,grosnuages,['grosnuagesrefletssoleil'],[]
images/pyronear_cabanelle_1_2023_10_10T11_21_44.jpg,labels/pyronear_cabanelle_1_2023_10_10T11_21_44.txt,True,grosnuages,"['grosnuages', 'nuagesbas']",[]
images/pyronear_brison_4_2023_06_24T19_13_52.jpg,labels/pyronear_brison_4_2023_06_24T19_13_52.txt,True,soleil,['soleil'],[]
images/pyronear_brison_2_2023_09_21T06_46_53.jpg,labels/pyronear_brison_2_2023_09_21T06_46_53.txt,True,brume,"['batiment', 'brume']",['brume']
images/pyronear_valbonne_2_2023_11_05T15_08_06.jpg,labels/pyronear_valbonne_2_2023_11_05T15_08_06.txt,True,nuagesbas,['nuagesbas'],[]
images/pyronear_courmettes_4_2023_11_02T08_36_07.jpg,labels/pyronear_courmettes_4_2023_11_02T08_36_07.txt,True,arbre,['arbre'],['brume']
images/pyronear_valbonne_4_2023_10_01T05_53_47.jpg,labels/pyronear_valbonne_4_2023_10_01T05_53_47.txt,True,soleil,['soleil'],['batiment']
images/pyronear_ferion_2_2023_10_31T06_50_34.jpg,labels/pyronear_ferion_2_2023_10_31T06_50_34.txt,True,glare,"['glare', 'tache']",[]
images/pyronear_valbonne_4_2023_10_01T05_57_18.jpg,labels/pyronear_valbonne_4_2023_10_01T05_57_18.txt,True,soleil,['soleil'],['batiment']
images/pyronear_marguerite_1_2023_06_13T18_33_46.jpg,labels/pyronear_marguerite_1_2023_06_13T18_33_46.txt,True,grosnuages,['grosnuages'],[]
images/pyronear_marguerite_4_2023_10_29T13_33_46.jpg,labels/pyronear_marguerite_4_2023_10_29T13_33_46.txt,True,batiment,['batiment'],"['brume', 'pluie']"
images/pyronear_valbonne_2_2023_11_07T14_27_49.jpg,labels/pyronear_valbonne_2_2023_11_07T14_27_49.txt,True,nuagesbas,['nuagesbas'],[]
images/pyronear_courmettes_4_2023_10_20T16_23_56.jpg,labels/pyronear_courmettes_4_2023_10_20T16_23_56.txt,True,grosnuages,['grosnuages'],"['antenne', 'soleilcontrejour']"
images/pyronear_marguerite_3_2023_09_18T05_17_45.jpg,labels/pyronear_marguerite_3_2023_09_18T05_17_45.txt,True,arbre,['arbre'],['brume']
images/pyronear_marguerite_2_2023_09_24T17_31_43.jpg,labels/pyronear_marguerite_2_2023_09_24T17_31_43.txt,True,nuagesbas,['nuagesfiligranes'],[]
images/pyronear_cabanelle_1_2023_10_13T08_50_02.jpg,labels/pyronear_cabanelle_1_2023_10_13T08_50_02.txt,True,grosnuages,['grosnuages'],[]
images/pyronear_cabanelle_2_2023_09_30T06_08_12.jpg,labels/pyronear_cabanelle_2_2023_09_30T06_08_12.txt,True,soleil,"['glare', 'refletslac', 'soleil', 'tacherouge']",[]
images/pyronear_ferion_4_2023_11_06T15_35_38.jpg,labels/pyronear_ferion_4_2023_11_06T15_35_38.txt,True,nuagesbas,['nuagesbas'],['soleilcouchant']
images/pyronear_courmettes_4_2023_11_02T09_26_36.jpg,labels/pyronear_courmettes_4_2023_11_02T09_26_36.txt,True,arbre,['arbre'],['brume']
images/pyronear_courmettes_1_2023_11_07T13_14_45.jpg,labels/pyronear_courmettes_1_2023_11_07T13_14_45.txt,True,nuagesbas,['nuagesbas'],[]
images/pyronear_courmettes_2_2023_10_24T14_50_50.jpg,labels/pyronear_courmettes_2_2023_10_24T14_50_50.txt,True,grosnuages,['grosnuages'],[]
images/pyronear_salaunes_2_1_2023_06_06T18_06_29.jpg,labels/pyronear_salaunes_2_1_2023_06_06T18_06_29.txt,True,grosnuages,['grosnuages'],[]
images/pyronear_brison_2_2023_07_10T05_15_18.jpg,labels/pyronear_brison_2_2023_07_10T05_15_18.txt,True,glare,['glare'],[]
images/pyronear_brison_2_2023_10_19T17_00_29.jpg,labels/pyronear_brison_2_2023_10_19T17_00_29.txt,True,brume,"['batiment', 'brume']",['brume']
images/pyronear_brison_2_2023_10_19T08_24_07.jpg,labels/pyronear_brison_2_2023_10_19T08_24_07.txt,True,brume,"['batiment', 'brume']",['brume']
images/pyronear_brison_4_2023_08_17T09_51_20.jpg,labels/pyronear_brison_4_2023_08_17T09_51_20.txt,True,grosnuages,['grosnuages'],"['insecte', 'tache']"
images/pyronear_courmettes_4_2023_11_02T09_58_38.jpg,labels/pyronear_courmettes_4_2023_11_02T09_58_38.txt,True,arbre,['arbre'],['brume']
images/pyronear_valbonne_4_2023_10_30T15_34_32.jpg,labels/pyronear_valbonne_4_2023_10_30T15_34_32.txt,True,nuagesbas,['nuagesbas'],[]
images/pyronear_marguerite_4_2023_06_09T13_14_15.jpg,labels/pyronear_marguerite_4_2023_06_09T13_14_15.txt,True,tache,"['batiment', 'tache']","['brume', 'pluie']"
images/pyronear_brison_4_2023_08_17T10_11_22.jpg,labels/pyronear_brison_4_2023_08_17T10_11_22.txt,True,grosnuages,['grosnuages'],"['insecte', 'tache']"
images/pyronear_brison_4_2023_08_17T07_59_20.jpg,labels/pyronear_brison_4_2023_08_17T07_59_20.txt,True,grosnuages,['grosnuages'],"['insecte', 'tache']"
images/pyronear_courmettes_1_2023_09_26T06_11_13.jpg,labels/pyronear_courmettes_1_2023_09_26T06_11_13.txt,True,glare,['glaretache'],[]
images/pyronear_courmettes_1_2023_11_04T06_28_58.jpg,labels/pyronear_courmettes_1_2023_11_04T06_28_58.txt,True,glare,['glaresoleilptrouge'],['soleilcouchant']
images/pyronear_marguerite_4_2023_10_29T13_30_45.jpg,labels/pyronear_marguerite_4_2023_10_29T13_30_45.txt,True,batiment,['batiment'],"['brume', 'pluie']"
images/pyronear_brison_4_2023_06_16T19_02_23.jpg,labels/pyronear_brison_4_2023_06_16T19_02_23.txt,True,glare,['glareptjaune'],[]
images/pyronear_courmettes_1_2023_09_26T06_31_46.jpg,labels/pyronear_courmettes_1_2023_09_26T06_31_46.txt,True,soleil,"['glare', 'refletslac', 'soleil', 'tacherouge']",[]
images/pyronear_valbonne_2_2023_11_07T06_30_01.jpg,labels/pyronear_valbonne_2_2023_11_07T06_30_01.txt,True,nuagesbas,['nuagesbas'],[]
images/pyronear_cabanelle_2_2023_09_30T06_06_42.jpg,labels/pyronear_cabanelle_2_2023_09_30T06_06_42.txt,True,soleil,"['glare', 'refletslac', 'soleil', 'tacherouge']",[]
images/pyronear_brison_4_2023_10_28T06_25_29.jpg,labels/pyronear_brison_4_2023_10_28T06_25_29.txt,True,nuagesbas,['nuagesbas'],[]
images/pyronear_marguerite_1_2023_09_18T16_02_15.jpg,labels/pyronear_marguerite_1_2023_09_18T16_02_15.txt,True,glare,['glare'],[]
images/pyronear_brison_2_2023_11_02T06_17_26.jpg,labels/pyronear_brison_2_2023_11_02T06_17_26.txt,True,brume,"['batiment', 'brume']",['brume']
images/pyronear_valbonne_4_2023_10_29T08_59_21.jpg,labels/pyronear_valbonne_4_2023_10_29T08_59_21.txt,True,nuagesbas,['nuagesbas'],[]
images/pyronear_valbonne_3_2023_09_28T17_49_09.jpg,labels/pyronear_valbonne_3_2023_09_28T17_49_09.txt,True,batiment,['batimentloin'],['soleilcouchant']
images/pyronear_cabanelle_1_2023_10_10T09_07_10.jpg,labels/pyronear_cabanelle_1_2023_10_10T09_07_10.txt,True,grosnuages,"['grosnuages', 'nuagesbas']",[]
images/pyronear_marguerite_2_2023_08_29T17_35_13.jpg,labels/pyronear_marguerite_2_2023_08_29T17_35_13.txt,True,nuagesbas,['nuagesbas'],['soleilcouchant']
images/pyronear_ferion_3_2023_10_24T15_51_29.jpg,labels/pyronear_ferion_3_2023_10_24T15_51_29.txt,True,grosnuages,"['grosnuages', 'soleilreflets']",[]
images/pyronear_brison_2_2023_10_30T07_40_24.jpg,labels/pyronear_brison_2_2023_10_30T07_40_24.txt,True,brume,"['batiment', 'brume']",['brume']
images/pyronear_valbonne_2_2023_11_05T15_54_07.jpg,labels/pyronear_valbonne_2_2023_11_05T15_54_07.txt,True,nuagesbas,['nuagesbas'],[]
images/pyronear_valbonne_3_2023_09_30T17_40_05.jpg,labels/pyronear_valbonne_3_2023_09_30T17_40_05.txt,True,batiment,['batimentloin'],['soleilcouchant']
images/pyronear_cabanelle_1_2023_10_13T09_38_34.jpg,labels/pyronear_cabanelle_1_2023_10_13T09_38_34.txt,True,grosnuages,['grosnuages'],[]
images/pyronear_salaunes_2_1_2023_08_27T09_20_36.jpg,labels/pyronear_salaunes_2_1_2023_08_27T09_20_36.txt,True,grosnuages,['grosnuages'],[]
images/pyronear_brison_2_2023_10_29T06_19_29.jpg,labels/pyronear_brison_2_2023_10_29T06_19_29.txt,True,brume,"['batiment', 'brume']",['brume']
images/pyronear_salaunes_2_1_2023_08_27T09_22_07.jpg,labels/pyronear_salaunes_2_1_2023_08_27T09_22_07.txt,True,grosnuages,['grosnuages'],[]
images/pyronear_brison_2_2023_10_30T07_59_24.jpg,labels/pyronear_brison_2_2023_10_30T07_59_24.txt,True,brume,"['batiment', 'brume']",['brume']
images/pyronear_brison_2_2023_09_18T16_56_06.jpg,labels/pyronear_brison_2_2023_09_18T16_56_06.txt,True,grosnuages,['grosnuages'],['batiment']
images/pyronear_brison_1_2023_09_13T06_22_43.jpg,labels/pyronear_brison_1_2023_09_13T06_22_43.txt,True,nuagesbas,['nuagesbas'],[]
images/pyronear_ferion_3_2023_10_20T12_18_31.jpg,labels/pyronear_ferion_3_2023_10_20T12_18_31.txt,True,brume,['brume'],[]
images/pyronear_salaunes_2_1_2023_11_05T10_31_21.jpg,labels/pyronear_salaunes_2_1_2023_11_05T10_31_21.txt,True,grosnuages,['grosnuagesrefletssoleil'],[]
images/pyronear_brison_2_2023_10_29T06_12_37.jpg,labels/pyronear_brison_2_2023_10_29T06_12_37.txt,True,brume,"['batiment', 'brume']",['brume']
images/pyronear_salaunes_2_1_2023_08_11T04_48_34.jpg,labels/pyronear_salaunes_2_1_2023_08_11T04_48_34.txt,True,arbre,['arbre'],['brume']
images/pyronear_brison_4_2023_08_17T10_01_21.jpg,labels/pyronear_brison_4_2023_08_17T10_01_21.txt,True,grosnuages,['grosnuages'],"['insecte', 'tache']"
images/pyronear_brison_1_2023_07_01T04_07_46.jpg,labels/pyronear_brison_1_2023_07_01T04_07_46.txt,True,soleil,['soleil'],[]
images/pyronear_courmettes_1_2023_11_07T13_05_14.jpg,labels/pyronear_courmettes_1_2023_11_07T13_05_14.txt,True,nuagesbas,['nuagesbas'],[]
images/pyronear_marguerite_4_2023_10_29T11_26_41.jpg,labels/pyronear_marguerite_4_2023_10_29T11_26_41.txt,True,batiment,['batiment'],"['brume', 'pluie']"
images/pyronear_marguerite_4_2023_10_29T13_12_47.jpg,labels/pyronear_marguerite_4_2023_10_29T13_12_47.txt,True,batiment,['batiment'],"['brume', 'pluie']"
images/pyronear_marguerite_2_2023_08_29T17_37_43.jpg,labels/pyronear_marguerite_2_2023_08_29T17_37_43.txt,True,nuagesbas,['nuagesbas'],['soleilcouchant']
images/pyronear_courmettes_2_2023_11_04T06_48_05.jpg,labels/pyronear_courmettes_2_2023_11_04T06_48_05.txt,True,glare,['glare'],[]
images/pyronear_courmettes_1_2023_11_07T12_54_14.jpg,labels/pyronear_courmettes_1_2023_11_07T12_54_14.txt,True,nuagesbas,['nuagesbas'],[]
images/pyronear_brison_3_2023_09_07T06_53_02.jpg,labels/pyronear_brison_3_2023_09_07T06_53_02.txt,True,montagne,['montagne'],[]
images/pyronear_brison_3_2023_08_29T06_11_14.jpg,labels/pyronear_brison_3_2023_08_29T06_11_14.txt,True,montagne,['montagne'],[]
images/pyronear_brison_2_2023_09_21T09_33_26.jpg,labels/pyronear_brison_2_2023_09_21T09_33_26.txt,True,brume,"['batiment', 'brume']",['brume']
images/pyronear_ferion_2_2023_10_29T15_32_40.jpg,labels/pyronear_ferion_2_2023_10_29T15_32_40.txt,True,grosnuages,['grosnuages'],[]
images/pyronear_valbonne_3_2023_10_13T17_18_22.jpg,labels/pyronear_valbonne_3_2023_10_13T17_18_22.txt,True,batiment,['batimentloin'],['soleilcouchant']
images/pyronear_marguerite_1_2023_08_22T16_43_18.jpg,labels/pyronear_marguerite_1_2023_08_22T16_43_18.txt,True,soleil,['soleilrayons'],[]
images/pyronear_brison_3_2023_10_01T15_34_50.jpg,labels/pyronear_brison_3_2023_10_01T15_34_50.txt,True,montagne,['montagne'],[]
images/pyronear_brison_2_2023_09_24T06_01_26.jpg,labels/pyronear_brison_2_2023_09_24T06_01_26.txt,True,glare,['glare'],[]
images/pyronear_marguerite_1_2023_07_30T16_24_01.jpg,labels/pyronear_marguerite_1_2023_07_30T16_24_01.txt,True,soleil,['soleilrayons'],[]
images/pyronear_marguerite_3_2023_09_18T08_39_56.jpg,labels/pyronear_marguerite_3_2023_09_18T08_39_56.txt,True,arbre,['arbre'],['brume']
images/pyronear_courmettes_1_2023_09_27T05_23_06.jpg,labels/pyronear_courmettes_1_2023_09_27T05_23_06.txt,True,soleil,['soleil'],[]
images/pyronear_marguerite_3_2023_09_18T07_33_55.jpg,labels/pyronear_marguerite_3_2023_09_18T07_33_55.txt,True,arbre,['arbre'],['brume']
images/pyronear_brison_3_2023_10_07T17_29_14.jpg,labels/pyronear_brison_3_2023_10_07T17_29_14.txt,True,zonenoire,['zonenoire'],['soleilcouchant']
images/pyronear_cabanelle_1_2023_10_13T08_22_02.jpg,labels/pyronear_cabanelle_1_2023_10_13T08_22_02.txt,True,grosnuages,['grosnuages'],[]
images/pyronear_courmettes_1_2023_11_04T06_27_00.jpg,labels/pyronear_courmettes_1_2023_11_04T06_27_00.txt,True,glare,['glaresoleilptrouge'],['soleilcouchant']
images/pyronear_marguerite_3_2023_09_18T07_03_24.jpg,labels/pyronear_marguerite_3_2023_09_18T07_03_24.txt,True,arbre,['arbre'],['brume']
images/pyronear_marguerite_1_2023_08_22T14_29_51.jpg,labels/pyronear_marguerite_1_2023_08_22T14_29_51.txt,True,soleil,['soleilrayons'],[]
images/pyronear_brison_2_2023_09_22T08_48_43.jpg,labels/pyronear_brison_2_2023_09_22T08_48_43.txt,True,nuagesbas,['nuagesbas'],['batiment']
images/pyronear_valbonne_2_2023_11_05T15_40_37.jpg,labels/pyronear_valbonne_2_2023_11_05T15_40_37.txt,True,nuagesbas,['nuagesbas'],[]
images/pyronear_courmettes_2_2023_11_04T06_52_03.jpg,labels/pyronear_courmettes_2_2023_11_04T06_52_03.txt,True,glare,['glare'],[]
images/pyronear_cabanelle_1_2023_10_10T11_53_15.jpg,labels/pyronear_cabanelle_1_2023_10_10T11_53_15.txt,True,grosnuages,"['grosnuages', 'nuagesbas']",[]
images/pyronear_marguerite_1_2023_09_14T15_56_06.jpg,labels/pyronear_marguerite_1_2023_09_14T15_56_06.txt,True,glare,['glaresoleilrayons'],[]
images/pyronear_cabanelle_1_2023_10_13T08_10_01.jpg,labels/pyronear_cabanelle_1_2023_10_13T08_10_01.txt,True,grosnuages,['grosnuages'],[]
images/pyronear_brison_1_2023_09_13T06_21_59.jpg,labels/pyronear_brison_1_2023_09_13T06_21_59.txt,True,nuagesbas,['nuagesbas'],[]
images/pyronear_brison_2_2023_10_19T09_37_46.jpg,labels/pyronear_brison_2_2023_10_19T09_37_46.txt,True,brume,"['batiment', 'brume']",['brume']
images/pyronear_brison_3_2023_06_14T08_27_21.jpg,labels/pyronear_brison_3_2023_06_14T08_27_21.txt,True,grosnuages,['grosnuages'],['brume']
images/pyronear_brison_2_2023_10_30T13_52_01.jpg,labels/pyronear_brison_2_2023_10_30T13_52_01.txt,True,brume,"['batiment', 'brume']",['brume']
images/pyronear_brison_2_2023_09_21T06_48_21.jpg,labels/pyronear_brison_2_2023_09_21T06_48_21.txt,True,brume,"['batiment', 'brume']",['brume']
images/pyronear_cabanelle_1_2023_10_11T15_07_29.jpg,labels/pyronear_cabanelle_1_2023_10_11T15_07_29.txt,True,brume,['brume'],[]
images/pyronear_valbonne_2_2023_11_07T14_33_50.jpg,labels/pyronear_valbonne_2_2023_11_07T14_33_50.txt,True,nuagesbas,['nuagesbas'],[]
images/pyronear_marguerite_2_2023_10_27T17_01_21.jpg,labels/pyronear_marguerite_2_2023_10_27T17_01_21.txt,True,nuagesbas,['nuagesbas'],['soleilcouchant']
images/pyronear_ferion_3_2023_10_20T14_00_17.jpg,labels/pyronear_ferion_3_2023_10_20T14_00_17.txt,True,brume,['brume'],[]
images/pyronear_brison_2_2023_10_29T06_26_58.jpg,labels/pyronear_brison_2_2023_10_29T06_26_58.txt,True,brume,"['batiment', 'brume']",['brume']
images/pyronear_courmettes_1_2023_11_07T12_53_14.jpg,labels/pyronear_courmettes_1_2023_11_07T12_53_14.txt,True,nuagesbas,['nuagesbas'],[]
images/pyronear_marguerite_1_2023_09_10T16_08_12.jpg,labels/pyronear_marguerite_1_2023_09_10T16_08_12.txt,True,glare,['glare'],[]
images/pyronear_courmettes_1_2023_10_05T05_09_09.jpg,labels/pyronear_courmettes_1_2023_10_05T05_09_09.txt,True,nuagesbas,['nuagesfiligranes'],[]
images/pyronear_marguerite_3_2023_09_18T08_08_26.jpg,labels/pyronear_marguerite_3_2023_09_18T08_08_26.txt,True,arbre,['arbre'],['brume']
images/pyronear_brison_2_2023_09_21T06_05_20.jpg,labels/pyronear_brison_2_2023_09_21T06_05_20.txt,True,brume,"['batiment', 'brume']",['brume']
images/pyronear_salaunes_2_2_2023_10_31T07_53_17.jpg,labels/pyronear_salaunes_2_2_2023_10_31T07_53_17.txt,True,grosnuages,['grosnuagesrefletssoleil'],[]
images/pyronear_brison_4_2023_11_02T10_55_20.jpg,labels/pyronear_brison_4_2023_11_02T10_55_20.txt,True,nuagesbas,['nuagesbas'],[]
images/pyronear_cabanelle_1_2023_10_13T09_40_34.jpg,labels/pyronear_cabanelle_1_2023_10_13T09_40_34.txt,True,grosnuages,['grosnuages'],[]
images/pyronear_brison_3_2023_09_07T06_51_01.jpg,labels/pyronear_brison_3_2023_09_07T06_51_01.txt,True,montagne,['montagne'],[]
images/pyronear_brison_1_2023_06_16T04_01_43.jpg,labels/pyronear_brison_1_2023_06_16T04_01_43.txt,True,soleil,['soleil'],[]
images/pyronear_salaunes_2_1_2023_10_21T06_50_15.jpg,labels/pyronear_salaunes_2_1_2023_10_21T06_50_15.txt,True,grosnuages,['grosnuagesrefletssoleil'],[]
images/pyronear_brison_1_2023_06_07T05_42_14.jpg,labels/pyronear_brison_1_2023_06_07T05_42_14.txt,True,grosnuages,['grosnuages'],[]
images/pyronear_valbonne_4_2023_10_29T09_47_53.jpg,labels/pyronear_valbonne_4_2023_10_29T09_47_53.txt,True,nuagesbas,['nuagesbas'],[]
images/pyronear_salaunes_2_2_2023_10_24T06_50_46.jpg,labels/pyronear_salaunes_2_2_2023_10_24T06_50_46.txt,True,grosnuages,['grosnuagesrefletssoleil'],[]
images/pyronear_brison_2_2023_11_01T10_50_12.jpg,labels/pyronear_brison_2_2023_11_01T10_50_12.txt,True,brume,"['batiment', 'brume']",['brume']
images/pyronear_cabanelle_2_2023_10_01T06_37_06.jpg,labels/pyronear_cabanelle_2_2023_10_01T06_37_06.txt,True,soleil,"['glare', 'refletslac', 'soleil', 'tacherouge']",[]
images/pyronear_marguerite_1_2023_09_14T05_34_43.jpg,labels/pyronear_marguerite_1_2023_09_14T05_34_43.txt,True,grosnuages,['grosnuages'],[]
images/pyronear_valbonne_4_2023_11_02T09_04_35.jpg,labels/pyronear_valbonne_4_2023_11_02T09_04_35.txt,True,nuagesbas,['nuagesbas'],[]
images/pyronear_marguerite_2_2023_06_27T19_17_13.jpg,labels/pyronear_marguerite_2_2023_06_27T19_17_13.txt,True,soleil,['soleil'],[]
images/pyronear_courmettes_4_2023_10_20T16_15_24.jpg,labels/pyronear_courmettes_4_2023_10_20T16_15_24.txt,True,grosnuages,['grosnuages'],"['antenne', 'soleilcontrejour']"
images/pyronear_brison_2_2023_10_19T07_39_04.jpg,labels/pyronear_brison_2_2023_10_19T07_39_04.txt,True,brume,"['batiment', 'brume']",['brume']
images/pyronear_brison_2_2023_10_30T13_58_31.jpg,labels/pyronear_brison_2_2023_10_30T13_58_31.txt,True,brume,"['batiment', 'brume']",['brume']
images/pyronear_brison_2_2023_10_30T07_45_24.jpg,labels/pyronear_brison_2_2023_10_30T07_45_24.txt,True,brume,"['batiment', 'brume']",['brume']
images/pyronear_valbonne_4_2023_10_01T06_05_46.jpg,labels/pyronear_valbonne_4_2023_10_01T06_05_46.txt,True,soleil,['soleil'],['batiment']
images/pyronear_salaunes_2_2_2023_10_24T06_59_16.jpg,labels/pyronear_salaunes_2_2_2023_10_24T06_59_16.txt,True,grosnuages,['grosnuagesrefletssoleil'],[]
images/pyronear_marguerite_1_2023_09_16T13_01_35.jpg,labels/pyronear_marguerite_1_2023_09_16T13_01_35.txt,True,nuagesbas,['nuagesbas'],[]
images/pyronear_valbonne_3_2023_10_14T17_16_16.jpg,labels/pyronear_valbonne_3_2023_10_14T17_16_16.txt,True,batiment,['batimentloin'],['soleilcouchant']
images/pyronear_cabanelle_1_2023_10_10T09_07_40.jpg,labels/pyronear_cabanelle_1_2023_10_10T09_07_40.txt,True,grosnuages,"['grosnuages', 'nuagesbas']",[]
images/pyronear_brison_1_2023_06_16T04_03_13.jpg,labels/pyronear_brison_1_2023_06_16T04_03_13.txt,True,soleil,['soleil'],[]
images/pyronear_marguerite_1_2023_08_22T16_16_20.jpg,labels/pyronear_marguerite_1_2023_08_22T16_16_20.txt,True,soleil,['soleilrayons'],[]
images/pyronear_brison_2_2023_10_30T06_48_52.jpg,labels/pyronear_brison_2_2023_10_30T06_48_52.txt,True,brume,"['batiment', 'brume']",['brume']
images/pyronear_courmettes_1_2023_11_07T12_30_43.jpg,labels/pyronear_courmettes_1_2023_11_07T12_30_43.txt,True,nuagesbas,['nuagesbas'],[]
images/pyronear_valbonne_4_2023_10_02T05_53_28.jpg,labels/pyronear_valbonne_4_2023_10_02T05_53_28.txt,True,soleil,['soleil'],['batiment']
images/pyronear_valbonne_4_2023_11_02T08_23_33.jpg,labels/pyronear_valbonne_4_2023_11_02T08_23_33.txt,True,nuagesbas,['nuagesbas'],[]
images/pyronear_valbonne_4_2023_10_29T09_41_21.jpg,labels/pyronear_valbonne_4_2023_10_29T09_41_21.txt,True,nuagesbas,['nuagesbas'],[]
images/pyronear_courmettes_4_2023_11_02T11_00_13.jpg,labels/pyronear_courmettes_4_2023_11_02T11_00_13.txt,True,arbre,['arbre'],['brume']
images/pyronear_brison_2_2023_11_04T11_00_50.jpg,labels/pyronear_brison_2_2023_11_04T11_00_50.txt,True,brume,"['batiment', 'brume']",['brume']
images/pyronear_marguerite_4_2023_06_09T13_46_45.jpg,labels/pyronear_marguerite_4_2023_06_09T13_46_45.txt,True,tache,"['batiment', 'tache']","['brume', 'pluie']"
images/pyronear_salaunes_2_4_2023_08_17T04_49_39.jpg,labels/pyronear_salaunes_2_4_2023_08_17T04_49_39.txt,True,tuyau,['tuyau'],['tache']
images/pyronear_marguerite_1_2023_09_15T14_29_35.jpg,labels/pyronear_marguerite_1_2023_09_15T14_29_35.txt,True,soleil,['soleilrayons'],[]
images/pyronear_brison_1_2023_06_16T04_00_13.jpg,labels/pyronear_brison_1_2023_06_16T04_00_13.txt,True,soleil,['soleil'],[]
images/pyronear_salaunes_1_1_2023_08_09T18_14_29.jpg,labels/pyronear_salaunes_1_1_2023_08_09T18_14_29.txt,True,nuagesbas,['nuagesbas'],[]
images/pyronear_valbonne_2_2023_11_05T16_41_40.jpg,labels/pyronear_valbonne_2_2023_11_05T16_41_40.txt,True,nuagesbas,['nuagesbas'],[]
images/pyronear_courmettes_1_2023_11_07T12_44_43.jpg,labels/pyronear_courmettes_1_2023_11_07T12_44_43.txt,True,nuagesbas,['nuagesbas'],[]
images/pyronear_ferion_3_2023_10_19T16_04_23.jpg,labels/pyronear_ferion_3_2023_10_19T16_04_23.txt,True,brume,['brume'],[]
images/pyronear_brison_4_2023_10_29T12_41_10.jpg,labels/pyronear_brison_4_2023_10_29T12_41_10.txt,True,grosnuages,['grosnuages'],['brume']
images/pyronear_courmettes_1_2023_11_04T06_31_29.jpg,labels/pyronear_courmettes_1_2023_11_04T06_31_29.txt,True,glare,['glaresoleilptrouge'],['soleilcouchant']
images/pyronear_valbonne_4_2023_11_03T15_38_00.jpg,labels/pyronear_valbonne_4_2023_11_03T15_38_00.txt,True,nuagesbas,['nuagesbas'],[]
images/pyronear_marguerite_3_2023_09_18T09_02_27.jpg,labels/pyronear_marguerite_3_2023_09_18T09_02_27.txt,True,arbre,['arbre'],['brume']
images/pyronear_courmettes_1_2023_09_27T05_37_33.jpg,labels/pyronear_courmettes_1_2023_09_27T05_37_33.txt,True,soleil,['soleil'],[]
images/pyronear_ferion_2_2023_10_27T06_57_29.jpg,labels/pyronear_ferion_2_2023_10_27T06_57_29.txt,True,glare,"['glare', 'tache']",[]
images/pyronear_ferion_4_2023_10_24T15_58_38.jpg,labels/pyronear_ferion_4_2023_10_24T15_58_38.txt,True,grosnuages,"['grosnuages', 'soleilreflets']",[]
images/pyronear_brison_2_2023_09_21T11_01_56.jpg,labels/pyronear_brison_2_2023_09_21T11_01_56.txt,True,brume,"['batiment', 'brume']",['brume']
images/pyronear_salaunes_1_4_2023_09_29T17_06_47.jpg,labels/pyronear_salaunes_1_4_2023_09_29T17_06_47.txt,True,glare,['glareptjaune'],[]
images/pyronear_brison_2_2023_10_29T06_16_30.jpg,labels/pyronear_brison_2_2023_10_29T06_16_30.txt,True,brume,"['batiment', 'brume']",['brume']
images/pyronear_brison_2_2023_08_27T09_12_05.jpg,labels/pyronear_brison_2_2023_08_27T09_12_05.txt,True,grosnuages,['grosnuages'],['batiment']
images/pyronear_brison_2_2023_09_21T10_03_55.jpg,labels/pyronear_brison_2_2023_09_21T10_03_55.txt,True,brume,"['batiment', 'brume']",['brume']
images/pyronear_valbonne_4_2023_11_02T07_58_00.jpg,labels/pyronear_valbonne_4_2023_11_02T07_58_00.txt,True,nuagesbas,['nuagesbas'],[]
images/pyronear_courmettes_2_2023_10_27T06_59_17.jpg,labels/pyronear_courmettes_2_2023_10_27T06_59_17.txt,True,glare,['glare'],[]
images/pyronear_valbonne_2_2023_11_05T15_38_37.jpg,labels/pyronear_valbonne_2_2023_11_05T15_38_37.txt,True,nuagesbas,['nuagesbas'],[]
images/pyronear_brison_4_2023_08_17T07_48_20.jpg,labels/pyronear_brison_4_2023_08_17T07_48_20.txt,True,grosnuages,['grosnuages'],"['insecte', 'tache']"
images/pyronear_valbonne_2_2023_11_05T16_16_38.jpg,labels/pyronear_valbonne_2_2023_11_05T16_16_38.txt,True,nuagesbas,['nuagesbas'],[]
images/pyronear_brison_1_2023_06_13T05_56_54.jpg,labels/pyronear_brison_1_2023_06_13T05_56_54.txt,True,grosnuages,['grosnuages'],[]
images/pyronear_marguerite_2_2023_09_01T17_55_03.jpg,labels/pyronear_marguerite_2_2023_09_01T17_55_03.txt,True,nuagesbas,['nuagesbas'],['soleilcouchant']
images/pyronear_st_peray_1_2023_06_10T09_31_51.jpg,labels/pyronear_st_peray_1_2023_06_10T09_31_51.txt,True,grosnuages,['grosnuages'],[]
images/pyronear_valbonne_2_2023_11_05T15_47_07.jpg,labels/pyronear_valbonne_2_2023_11_05T15_47_07.txt,True,nuagesbas,['nuagesbas'],[]
images/pyronear_salaunes_2_4_2023_08_19T05_10_32.jpg,labels/pyronear_salaunes_2_4_2023_08_19T05_10_32.txt,True,tuyau,['tuyau'],[]
images/pyronear_cabanelle_1_2023_10_13T08_39_32.jpg,labels/pyronear_cabanelle_1_2023_10_13T08_39_32.txt,True,grosnuages,['grosnuages'],[]
images/pyronear_courmettes_1_2023_11_07T13_10_14.jpg,labels/pyronear_courmettes_1_2023_11_07T13_10_14.txt,True,nuagesbas,['nuagesbas'],[]
images/pyronear_st_peray_1_2023_07_21T08_25_59.jpg,labels/pyronear_st_peray_1_2023_07_21T08_25_59.txt,True,grosnuages,['grosnuages'],[]
images/pyronear_cabanelle_2_2023_09_28T05_36_41.jpg,labels/pyronear_cabanelle_2_2023_09_28T05_36_41.txt,True,glare,['glare'],[]
images/pyronear_valbonne_3_2023_10_20T16_21_53.jpg,labels/pyronear_valbonne_3_2023_10_20T16_21_53.txt,True,glare,['glare'],[]
images/pyronear_marguerite_3_2023_09_18T06_49_53.jpg,labels/pyronear_marguerite_3_2023_09_18T06_49_53.txt,True,arbre,['arbre'],['brume']
images/pyronear_brison_4_2023_08_17T07_26_45.jpg,labels/pyronear_brison_4_2023_08_17T07_26_45.txt,True,grosnuages,['grosnuages'],"['insecte', 'tache']"
images/pyronear_marguerite_1_2023_06_14T03_33_08.jpg,labels/pyronear_marguerite_1_2023_06_14T03_33_08.txt,True,nuagesbas,['nuagesbas'],['nuit']
images/pyronear_courmettes_2_2023_11_04T06_55_02.jpg,labels/pyronear_courmettes_2_2023_11_04T06_55_02.txt,True,glare,['glare'],[]
images/pyronear_brison_2_2023_10_30T13_43_05.jpg,labels/pyronear_brison_2_2023_10_30T13_43_05.txt,True,brume,"['batiment', 'brume']",['brume']
images/pyronear_marguerite_4_2023_06_09T13_42_45.jpg,labels/pyronear_marguerite_4_2023_06_09T13_42_45.txt,True,tache,"['batiment', 'tache']","['brume', 'pluie']"
images/pyronear_brison_1_2023_06_16T04_00_43.jpg,labels/pyronear_brison_1_2023_06_16T04_00_43.txt,True,soleil,['soleil'],[]
images/pyronear_valbonne_2_2023_11_06T15_18_14.jpg,labels/pyronear_valbonne_2_2023_11_06T15_18_14.txt,True,nuagesbas,['nuagesbas'],[]
images/pyronear_brison_2_2023_06_08T05_53_11.jpg,labels/pyronear_brison_2_2023_06_08T05_53_11.txt,True,grosnuages,['grosnuages'],['batiment']
images/pyronear_brison_1_2023_07_24T11_32_54.jpg,labels/pyronear_brison_1_2023_07_24T11_32_54.txt,True,tache,['tachenoire'],[]
images/pyronear_ferion_4_2023_11_06T15_33_07.jpg,labels/pyronear_ferion_4_2023_11_06T15_33_07.txt,True,nuagesbas,['nuagesbas'],['soleilcouchant']
images/pyronear_salaunes_2_1_2023_11_05T10_43_58.jpg,labels/pyronear_salaunes_2_1_2023_11_05T10_43_58.txt,True,grosnuages,['grosnuagesrefletssoleil'],[]
images/pyronear_brison_2_2023_10_30T09_19_27.jpg,labels/pyronear_brison_2_2023_10_30T09_19_27.txt,True,brume,"['batiment', 'brume']",['brume']
images/pyronear_salaunes_1_1_2023_11_03T15_29_05.jpg,labels/pyronear_salaunes_1_1_2023_11_03T15_29_05.txt,True,grosnuages,['grosnuages'],[]
images/pyronear_marguerite_4_2023_10_29T13_08_47.jpg,labels/pyronear_marguerite_4_2023_10_29T13_08_47.txt,True,batiment,['batiment'],"['brume', 'pluie']"
images/pyronear_valbonne_2_2023_11_05T14_35_06.jpg,labels/pyronear_valbonne_2_2023_11_05T14_35_06.txt,True,nuagesbas,['nuagesbas'],[]
images/pyronear_cabanelle_1_2023_10_11T11_09_20.jpg,labels/pyronear_cabanelle_1_2023_10_11T11_09_20.txt,True,brume,['brume'],[]
images/pyronear_valbonne_3_2023_10_20T11_12_41.jpg,labels/pyronear_valbonne_3_2023_10_20T11_12_41.txt,True,nuagesbas,['nuagesbas'],[]
images/pyronear_valbonne_2_2023_11_06T15_18_45.jpg,labels/pyronear_valbonne_2_2023_11_06T15_18_45.txt,True,nuagesbas,['nuagesbas'],[]
images/pyronear_valbonne_2_2023_11_05T16_14_38.jpg,labels/pyronear_valbonne_2_2023_11_05T16_14_38.txt,True,nuagesbas,['nuagesbas'],[]
images/pyronear_marguerite_2_2023_08_29T17_34_50.jpg,labels/pyronear_marguerite_2_2023_08_29T17_34_50.txt,True,nuagesbas,['nuagesbas'],['soleilcouchant']
images/pyronear_marguerite_4_2023_09_21T06_47_54.jpg,labels/pyronear_marguerite_4_2023_09_21T06_47_54.txt,True,tache,"['batiment', 'tache']","['brume', 'pluie']"
images/pyronear_valbonne_2_2023_11_05T16_00_39.jpg,labels/pyronear_valbonne_2_2023_11_05T16_00_39.txt,True,nuagesbas,['nuagesbas'],[]
images/pyronear_valbonne_4_2023_10_22T06_30_45.jpg,labels/pyronear_valbonne_4_2023_10_22T06_30_45.txt,True,soleil,['soleil'],['batiment']
images/pyronear_salaunes_2_1_2023_08_27T09_20_06.jpg,labels/pyronear_salaunes_2_1_2023_08_27T09_20_06.txt,True,grosnuages,['grosnuages'],[]
images/pyronear_brison_4_2023_08_17T07_27_13.jpg,labels/pyronear_brison_4_2023_08_17T07_27_13.txt,True,grosnuages,['grosnuages'],"['insecte', 'tache']"
images/pyronear_salaunes_2_1_2023_08_28T18_29_51.jpg,labels/pyronear_salaunes_2_1_2023_08_28T18_29_51.txt,True,grosnuages,['grosnuagesrefletssoleil'],[]
images/pyronear_marguerite_1_2023_09_10T16_08_42.jpg,labels/pyronear_marguerite_1_2023_09_10T16_08_42.txt,True,glare,['glare'],[]
images/pyronear_marguerite_3_2023_09_18T08_51_59.jpg,labels/pyronear_marguerite_3_2023_09_18T08_51_59.txt,True,arbre,['arbre'],['brume']
images/pyronear_valbonne_2_2023_11_05T14_53_05.jpg,labels/pyronear_valbonne_2_2023_11_05T14_53_05.txt,True,nuagesbas,['nuagesbas'],[]
images/pyronear_marguerite_4_2023_10_20T07_33_56.jpg,labels/pyronear_marguerite_4_2023_10_20T07_33_56.txt,True,batiment,['batiment'],"['brume', 'pluie']"
images/pyronear_brison_2_2023_10_19T17_00_23.jpg,labels/pyronear_brison_2_2023_10_19T17_00_23.txt,True,brume,"['batiment', 'brume']",['brume']
images/pyronear_salaunes_1_1_2023_08_09T18_12_29.jpg,labels/pyronear_salaunes_1_1_2023_08_09T18_12_29.txt,True,nuagesbas,['nuagesbas'],[]
images/pyronear_courmettes_2_2023_10_24T14_47_21.jpg,labels/pyronear_courmettes_2_2023_10_24T14_47_21.txt,True,grosnuages,['grosnuages'],[]
images/pyronear_marguerite_1_2023_06_13T18_34_15.jpg,labels/pyronear_marguerite_1_2023_06_13T18_34_15.txt,True,grosnuages,['grosnuages'],[]
images/pyronear_valbonne_2_2023_11_06T15_38_15.jpg,labels/pyronear_valbonne_2_2023_11_06T15_38_15.txt,True,nuagesbas,['nuagesbas'],[]
images/pyronear_salaunes_1_1_2023_08_21T05_31_08.jpg,labels/pyronear_salaunes_1_1_2023_08_21T05_31_08.txt,True,glare,"['glaretacherouge', 'soleilrefletslac']",[]
images/pyronear_brison_2_2023_10_30T08_24_25.jpg,labels/pyronear_brison_2_2023_10_30T08_24_25.txt,True,brume,"['batiment', 'brume']",['brume']
images/pyronear_brison_3_2023_09_07T06_32_01.jpg,labels/pyronear_brison_3_2023_09_07T06_32_01.txt,True,montagne,['montagne'],[]
images/pyronear_marguerite_1_2023_09_05T17_54_19.jpg,labels/pyronear_marguerite_1_2023_09_05T17_54_19.txt,True,soleil,['soleil'],[]
images/pyronear_valbonne_2_2023_11_05T15_55_37.jpg,labels/pyronear_valbonne_2_2023_11_05T15_55_37.txt,True,nuagesbas,['nuagesbas'],[]
images/pyronear_marguerite_3_2023_06_09T08_54_03.jpg,labels/pyronear_marguerite_3_2023_06_09T08_54_03.txt,True,arbre,['arbre'],['brume']
images/pyronear_valbonne_4_2023_10_24T12_03_19.jpg,labels/pyronear_valbonne_4_2023_10_24T12_03_19.txt,True,grosnuages,['grosnuages'],[]
images/pyronear_cabanelle_1_2023_10_11T11_43_21.jpg,labels/pyronear_cabanelle_1_2023_10_11T11_43_21.txt,True,brume,['brume'],[]
images/pyronear_brison_2_2023_10_19T07_36_03.jpg,labels/pyronear_brison_2_2023_10_19T07_36_03.txt,True,brume,"['batiment', 'brume']",['brume']
images/pyronear_cabanelle_1_2023_10_07T14_55_28.jpg,labels/pyronear_cabanelle_1_2023_10_07T14_55_28.txt,True,nuagesbas,['nuagesbas'],[]
images/pyronear_brison_2_2023_09_21T09_30_56.jpg,labels/pyronear_brison_2_2023_09_21T09_30_56.txt,True,brume,"['batiment', 'brume']",['brume']
images/pyronear_brison_2_2023_10_30T08_16_55.jpg,labels/pyronear_brison_2_2023_10_30T08_16_55.txt,True,brume,"['batiment', 'brume']",['brume']
images/pyronear_salaunes_2_1_2023_08_27T08_39_35.jpg,labels/pyronear_salaunes_2_1_2023_08_27T08_39_35.txt,True,grosnuages,['grosnuages'],[]
images/pyronear_valbonne_2_2023_11_05T16_42_09.jpg,labels/pyronear_valbonne_2_2023_11_05T16_42_09.txt,True,nuagesbas,['nuagesbas'],[]
images/pyronear_salaunes_2_1_2023_08_11T04_50_04.jpg,labels/pyronear_salaunes_2_1_2023_08_11T04_50_04.txt,True,arbre,['arbre'],['brume']
images/pyronear_valbonne_3_2023_09_30T17_42_34.jpg,labels/pyronear_valbonne_3_2023_09_30T17_42_34.txt,True,batiment,['batimentloin'],['soleilcouchant']
images/pyronear_courmettes_1_2023_11_07T13_31_15.jpg,labels/pyronear_courmettes_1_2023_11_07T13_31_15.txt,True,nuagesbas,['nuagesbas'],[]
images/pyronear_salaunes_2_1_2023_08_28T18_33_21.jpg,labels/pyronear_salaunes_2_1_2023_08_28T18_33_21.txt,True,grosnuages,['grosnuagesrefletssoleil'],[]
images/pyronear_marguerite_2_2023_09_10T18_22_50.jpg,labels/pyronear_marguerite_2_2023_09_10T18_22_50.txt,True,nuagesbas,['nuagesbas'],['soleilcouchant']
images/pyronear_ferion_2_2023_10_24T16_29_32.jpg,labels/pyronear_ferion_2_2023_10_24T16_29_32.txt,True,grosnuages,['grosnuages'],[]
images/pyronear_salaunes_2_4_2023_08_19T04_59_01.jpg,labels/pyronear_salaunes_2_4_2023_08_19T04_59_01.txt,True,tuyau,['tuyau'],[]
images/pyronear_ferion_3_2023_10_18T07_20_17.jpg,labels/pyronear_ferion_3_2023_10_18T07_20_17.txt,True,brume,['brume'],[]
images/pyronear_marguerite_2_2023_09_10T18_11_50.jpg,labels/pyronear_marguerite_2_2023_09_10T18_11_50.txt,True,nuagesbas,['nuagesbas'],['soleilcouchant']
images/pyronear_marguerite_2_2023_10_27T17_04_19.jpg,labels/pyronear_marguerite_2_2023_10_27T17_04_19.txt,True,nuagesbas,['nuagesbas'],['soleilcouchant']
images/pyronear_brison_2_2023_09_18T16_55_39.jpg,labels/pyronear_brison_2_2023_09_18T16_55_39.txt,True,grosnuages,['grosnuages'],['batiment']
images/pyronear_salaunes_1_1_2023_11_03T15_33_05.jpg,labels/pyronear_salaunes_1_1_2023_11_03T15_33_05.txt,True,grosnuages,['grosnuages'],[]
images/pyronear_brison_4_2023_08_17T08_28_17.jpg,labels/pyronear_brison_4_2023_08_17T08_28_17.txt,True,grosnuages,['grosnuages'],"['insecte', 'tache']"
images/pyronear_valbonne_2_2023_11_06T15_28_45.jpg,labels/pyronear_valbonne_2_2023_11_06T15_28_45.txt,True,nuagesbas,['nuagesbas'],[]
images/pyronear_ferion_3_2023_10_19T15_35_20.jpg,labels/pyronear_ferion_3_2023_10_19T15_35_20.txt,True,brume,['brume'],[]
images/pyronear_brison_3_2023_10_01T15_39_16.jpg,labels/pyronear_brison_3_2023_10_01T15_39_16.txt,True,montagne,['montagne'],[]
images/pyronear_brison_2_2023_10_19T08_25_05.jpg,labels/pyronear_brison_2_2023_10_19T08_25_05.txt,True,brume,"['batiment', 'brume']",['brume']
images/pyronear_courmettes_4_2023_11_02T07_57_34.jpg,labels/pyronear_courmettes_4_2023_11_02T07_57_34.txt,True,arbre,['arbre'],['brume']
images/pyronear_valbonne_4_2023_10_01T06_00_45.jpg,labels/pyronear_valbonne_4_2023_10_01T06_00_45.txt,True,soleil,['soleil'],['batiment']
images/pyronear_marguerite_3_2023_09_18T07_28_54.jpg,labels/pyronear_marguerite_3_2023_09_18T07_28_54.txt,True,arbre,['arbre'],['brume']
images/pyronear_marguerite_4_2023_06_09T13_54_17.jpg,labels/pyronear_marguerite_4_2023_06_09T13_54_17.txt,True,tache,"['batiment', 'tache']","['brume', 'pluie']"
images/pyronear_valbonne_2_2023_11_05T15_37_37.jpg,labels/pyronear_valbonne_2_2023_11_05T15_37_37.txt,True,nuagesbas,['nuagesbas'],[]
images/pyronear_brison_1_2023_06_13T06_06_04.jpg,labels/pyronear_brison_1_2023_06_13T06_06_04.txt,True,grosnuages,['grosnuages'],[]
images/pyronear_cabanelle_2_2023_10_04T06_34_01.jpg,labels/pyronear_cabanelle_2_2023_10_04T06_34_01.txt,True,soleil,"['refletslac', 'soleil']",[]
images/pyronear_valbonne_4_2023_10_29T09_20_23.jpg,labels/pyronear_valbonne_4_2023_10_29T09_20_23.txt,True,nuagesbas,['nuagesbas'],[]
images/pyronear_brison_2_2023_10_19T07_36_11.jpg,labels/pyronear_brison_2_2023_10_19T07_36_11.txt,True,brume,"['batiment', 'brume']",['brume']
images/pyronear_brison_1_2023_07_11T04_11_42.jpg,labels/pyronear_brison_1_2023_07_11T04_11_42.txt,True,soleil,['soleil'],[]
images/pyronear_marguerite_2_2023_09_01T17_58_02.jpg,labels/pyronear_marguerite_2_2023_09_01T17_58_02.txt,True,nuagesbas,['nuagesbas'],['soleilcouchant']
images/pyronear_marguerite_2_2023_08_15T18_43_20.jpg,labels/pyronear_marguerite_2_2023_08_15T18_43_20.txt,True,nuagesbas,['nuagesbas'],['soleilcouchant']
images/pyronear_brison_3_2023_06_14T08_26_04.jpg,labels/pyronear_brison_3_2023_06_14T08_26_04.txt,True,grosnuages,['grosnuages'],['brume']
images/pyronear_salaunes_2_1_2023_10_21T06_52_15.jpg,labels/pyronear_salaunes_2_1_2023_10_21T06_52_15.txt,True,grosnuages,['grosnuagesrefletssoleil'],[]
images/pyronear_courmettes_1_2023_11_04T06_32_59.jpg,labels/pyronear_courmettes_1_2023_11_04T06_32_59.txt,True,glare,['glaresoleilptrouge'],['soleilcouchant']
images/pyronear_brison_1_2023_09_13T05_45_12.jpg,labels/pyronear_brison_1_2023_09_13T05_45_12.txt,True,nuagesbas,['nuagesbas'],[]
images/pyronear_brison_3_2023_09_07T06_33_01.jpg,labels/pyronear_brison_3_2023_09_07T06_33_01.txt,True,montagne,['montagne'],[]
images/pyronear_valbonne_2_2023_11_07T14_39_24.jpg,labels/pyronear_valbonne_2_2023_11_07T14_39_24.txt,True,nuagesbas,['nuagesbas'],[]
images/pyronear_valbonne_2_2023_11_06T15_47_45.jpg,labels/pyronear_valbonne_2_2023_11_06T15_47_45.txt,True,nuagesbas,['nuagesbas'],[]
images/pyronear_valbonne_4_2023_10_02T05_47_58.jpg,labels/pyronear_valbonne_4_2023_10_02T05_47_58.txt,True,soleil,['soleil'],['batiment']
images/pyronear_courmettes_1_2023_09_29T06_23_15.jpg,labels/pyronear_courmettes_1_2023_09_29T06_23_15.txt,True,glare,"['glaretacherouge', 'soleilrefletslac']",[]
images/pyronear_brison_2_2023_10_30T07_37_24.jpg,labels/pyronear_brison_2_2023_10_30T07_37_24.txt,True,brume,"['batiment', 'brume']",['brume']
images/pyronear_brison_2_2023_09_14T17_43_31.jpg,labels/pyronear_brison_2_2023_09_14T17_43_31.txt,True,grosnuages,['grosnuages'],['batiment']
images/pyronear_courmettes_1_2023_11_07T06_26_04.jpg,labels/pyronear_courmettes_1_2023_11_07T06_26_04.txt,True,glare,['glaresoleilptrouge'],['soleilcouchant']
images/pyronear_brison_2_2023_09_21T05_52_50.jpg,labels/pyronear_brison_2_2023_09_21T05_52_50.txt,True,brume,"['batiment', 'brume']",['brume']
images/pyronear_cabanelle_1_2023_10_07T13_47_56.jpg,labels/pyronear_cabanelle_1_2023_10_07T13_47_56.txt,True,nuagesbas,['nuagesbas'],[]
images/pyronear_valbonne_2_2023_11_05T14_38_35.jpg,labels/pyronear_valbonne_2_2023_11_05T14_38_35.txt,True,nuagesbas,['nuagesbas'],[]
images/pyronear_brison_2_2023_10_30T08_08_55.jpg,labels/pyronear_brison_2_2023_10_30T08_08_55.txt,True,brume,"['batiment', 'brume']",['brume']
images/pyronear_cabanelle_1_2023_10_13T08_05_01.jpg,labels/pyronear_cabanelle_1_2023_10_13T08_05_01.txt,True,grosnuages,['grosnuages'],[]
images/pyronear_brison_2_2023_09_18T08_32_16.jpg,labels/pyronear_brison_2_2023_09_18T08_32_16.txt,True,brume,"['batiment', 'brume']",['brume']
images/pyronear_valbonne_3_2023_10_20T10_40_09.jpg,labels/pyronear_valbonne_3_2023_10_20T10_40_09.txt,True,nuagesbas,['nuagesbas'],[]
images/pyronear_valbonne_2_2023_11_05T14_55_35.jpg,labels/pyronear_valbonne_2_2023_11_05T14_55_35.txt,True,nuagesbas,['nuagesbas'],[]
images/pyronear_valbonne_3_2023_09_29T17_45_58.jpg,labels/pyronear_valbonne_3_2023_09_29T17_45_58.txt,True,batiment,['batimentloin'],['soleilcouchant']
images/pyronear_salaunes_2_1_2023_08_11T04_51_34.jpg,labels/pyronear_salaunes_2_1_2023_08_11T04_51_34.txt,True,arbre,['arbre'],['brume']
images/pyronear_marguerite_1_2023_09_16T16_59_06.jpg,labels/pyronear_marguerite_1_2023_09_16T16_59_06.txt,True,nuagesbas,['nuagesbas'],[]
images/pyronear_salaunes_1_2_2023_09_25T06_46_00.jpg,labels/pyronear_salaunes_1_2_2023_09_25T06_46_00.txt,True,insecte,['insecte'],[]
images/pyronear_valbonne_3_2023_11_06T15_55_49.jpg,labels/pyronear_valbonne_3_2023_11_06T15_55_49.txt,True,batiment,"['batiment', 'soleil']",['soleilcouchant']
images/pyronear_courmettes_4_2023_11_02T09_05_41.jpg,labels/pyronear_courmettes_4_2023_11_02T09_05_41.txt,True,arbre,['arbre'],['brume']
images/pyronear_brison_2_2023_10_30T06_50_22.jpg,labels/pyronear_brison_2_2023_10_30T06_50_22.txt,True,brume,"['batiment', 'brume']",['brume']
images/pyronear_courmettes_4_2023_11_02T09_23_06.jpg,labels/pyronear_courmettes_4_2023_11_02T09_23_06.txt,True,arbre,['arbre'],['brume']
images/pyronear_valbonne_4_2023_10_24T12_03_40.jpg,labels/pyronear_valbonne_4_2023_10_24T12_03_40.txt,True,grosnuages,['grosnuages'],[]
images/pyronear_valbonne_3_2023_10_20T16_21_21.jpg,labels/pyronear_valbonne_3_2023_10_20T16_21_21.txt,True,glare,['glare'],[]
images/pyronear_ferion_3_2023_10_20T13_21_47.jpg,labels/pyronear_ferion_3_2023_10_20T13_21_47.txt,True,brume,['brume'],[]
images/pyronear_courmettes_2_2023_10_06T07_11_12.jpg,labels/pyronear_courmettes_2_2023_10_06T07_11_12.txt,True,soleil,['soleil'],[]
images/pyronear_brison_4_2023_06_19T19_00_52.jpg,labels/pyronear_brison_4_2023_06_19T19_00_52.txt,True,glare,['glareptjaune'],[]
images/pyronear_brison_1_2023_09_13T06_27_44.jpg,labels/pyronear_brison_1_2023_09_13T06_27_44.txt,True,nuagesbas,['nuagesbas'],[]
images/pyronear_brison_3_2023_10_01T15_40_47.jpg,labels/pyronear_brison_3_2023_10_01T15_40_47.txt,True,montagne,['montagne'],[]
images/pyronear_valbonne_3_2023_10_20T10_52_41.jpg,labels/pyronear_valbonne_3_2023_10_20T10_52_41.txt,True,nuagesbas,['nuagesbas'],[]
images/pyronear_marguerite_2_2023_09_10T18_34_21.jpg,labels/pyronear_marguerite_2_2023_09_10T18_34_21.txt,True,nuagesbas,['nuagesbas'],['soleilcouchant']
images/pyronear_valbonne_2_2023_11_07T06_29_04.jpg,labels/pyronear_valbonne_2_2023_11_07T06_29_04.txt,True,nuagesbas,['nuagesbas'],[]
images/pyronear_valbonne_2_2023_11_06T15_09_14.jpg,labels/pyronear_valbonne_2_2023_11_06T15_09_14.txt,True,nuagesbas,['nuagesbas'],[]
images/pyronear_valbonne_3_2023_10_20T10_44_08.jpg,labels/pyronear_valbonne_3_2023_10_20T10_44_08.txt,True,nuagesbas,['nuagesbas'],[]
images/pyronear_brison_2_2023_08_27T09_14_07.jpg,labels/pyronear_brison_2_2023_08_27T09_14_07.txt,True,grosnuages,['grosnuages'],['batiment']
images/pyronear_courmettes_4_2023_11_02T09_33_06.jpg,labels/pyronear_courmettes_4_2023_11_02T09_33_06.txt,True,arbre,['arbre'],['brume']
images/pyronear_brison_2_2023_09_21T05_58_50.jpg,labels/pyronear_brison_2_2023_09_21T05_58_50.txt,True,brume,"['batiment', 'brume']",['brume']
images/pyronear_marguerite_1_2023_09_16T16_55_37.jpg,labels/pyronear_marguerite_1_2023_09_16T16_55_37.txt,True,nuagesbas,['nuagesbas'],[]
images/pyronear_marguerite_1_2023_09_15T16_06_36.jpg,labels/pyronear_marguerite_1_2023_09_15T16_06_36.txt,True,soleil,['soleilrayons'],[]
images/pyronear_marguerite_3_2023_09_18T05_31_15.jpg,labels/pyronear_marguerite_3_2023_09_18T05_31_15.txt,True,arbre,['arbre'],['brume']
images/pyronear_marguerite_1_2023_09_15T16_06_46.jpg,labels/pyronear_marguerite_1_2023_09_15T16_06_46.txt,True,soleil,['soleilrayons'],[]
images/pyronear_ferion_2_2023_10_24T16_25_31.jpg,labels/pyronear_ferion_2_2023_10_24T16_25_31.txt,True,grosnuages,['grosnuages'],[]
images/pyronear_brison_4_2023_08_17T07_26_13.jpg,labels/pyronear_brison_4_2023_08_17T07_26_13.txt,True,grosnuages,['grosnuages'],"['insecte', 'tache']"
images/pyronear_ferion_3_2023_10_20T13_22_17.jpg,labels/pyronear_ferion_3_2023_10_20T13_22_17.txt,True,brume,['brume'],[]
images/pyronear_courmettes_1_2023_11_07T12_59_44.jpg,labels/pyronear_courmettes_1_2023_11_07T12_59_44.txt,True,nuagesbas,['nuagesbas'],[]
images/pyronear_valbonne_4_2023_11_02T08_00_30.jpg,labels/pyronear_valbonne_4_2023_11_02T08_00_30.txt,True,nuagesbas,['nuagesbas'],[]
images/pyronear_brison_4_2023_08_17T08_28_47.jpg,labels/pyronear_brison_4_2023_08_17T08_28_47.txt,True,grosnuages,['grosnuages'],"['insecte', 'tache']"
images/pyronear_cabanelle_2_2023_10_01T06_40_06.jpg,labels/pyronear_cabanelle_2_2023_10_01T06_40_06.txt,True,soleil,"['glare', 'refletslac', 'soleil', 'tacherouge']",[]
images/pyronear_brison_2_2023_10_30T07_52_24.jpg,labels/pyronear_brison_2_2023_10_30T07_52_24.txt,True,brume,"['batiment', 'brume']",['brume']
images/pyronear_marguerite_1_2023_09_14T15_55_05.jpg,labels/pyronear_marguerite_1_2023_09_14T15_55_05.txt,True,soleil,['soleilrayons'],[]
images/pyronear_cabanelle_1_2023_10_10T11_41_15.jpg,labels/pyronear_cabanelle_1_2023_10_10T11_41_15.txt,True,grosnuages,"['grosnuages', 'nuagesbas']",[]
images/pyronear_courmettes_2_2023_10_05T07_51_49.jpg,labels/pyronear_courmettes_2_2023_10_05T07_51_49.txt,True,soleil,['soleil'],[]
images/pyronear_cabanelle_1_2023_10_10T15_12_22.jpg,labels/pyronear_cabanelle_1_2023_10_10T15_12_22.txt,True,grosnuages,"['grosnuages', 'nuagesbas']",[]
images/pyronear_valbonne_2_2023_11_06T15_25_15.jpg,labels/pyronear_valbonne_2_2023_11_06T15_25_15.txt,True,nuagesbas,['nuagesbas'],[]
images/pyronear_brison_2_2023_10_19T07_56_38.jpg,labels/pyronear_brison_2_2023_10_19T07_56_38.txt,True,brume,"['batiment', 'brume']",['brume']
images/pyronear_salaunes_2_4_2023_08_19T05_38_33.jpg,labels/pyronear_salaunes_2_4_2023_08_19T05_38_33.txt,True,tuyau,['tuyau'],[]
images/pyronear_valbonne_3_2023_10_21T16_11_48.jpg,labels/pyronear_valbonne_3_2023_10_21T16_11_48.txt,True,glare,['glare'],[]
images/pyronear_salaunes_2_1_2023_11_05T10_25_51.jpg,labels/pyronear_salaunes_2_1_2023_11_05T10_25_51.txt,True,grosnuages,['grosnuagesrefletssoleil'],[]
images/pyronear_courmettes_1_2023_11_07T12_29_46.jpg,labels/pyronear_courmettes_1_2023_11_07T12_29_46.txt,True,nuagesbas,['nuagesbas'],[]
images/pyronear_valbonne_3_2023_10_20T11_18_11.jpg,labels/pyronear_valbonne_3_2023_10_20T11_18_11.txt,True,nuagesbas,['nuagesbas'],[]
images/pyronear_salaunes_1_1_2023_08_09T18_08_59.jpg,labels/pyronear_salaunes_1_1_2023_08_09T18_08_59.txt,True,nuagesbas,['nuagesbas'],[]
images/pyronear_salaunes_1_1_2023_11_03T15_26_07.jpg,labels/pyronear_salaunes_1_1_2023_11_03T15_26_07.txt,True,grosnuages,['grosnuages'],[]
images/pyronear_valbonne_2_2023_11_05T15_36_36.jpg,labels/pyronear_valbonne_2_2023_11_05T15_36_36.txt,True,nuagesbas,['nuagesbas'],[]
images/pyronear_marguerite_1_2023_08_11T15_38_13.jpg,labels/pyronear_marguerite_1_2023_08_11T15_38_13.txt,True,soleil,['soleilrayons'],[]
images/pyronear_valbonne_4_2023_10_29T09_44_53.jpg,labels/pyronear_valbonne_4_2023_10_29T09_44_53.txt,True,nuagesbas,['nuagesbas'],[]
images/pyronear_brison_2_2023_10_30T08_30_33.jpg,labels/pyronear_brison_2_2023_10_30T08_30_33.txt,True,brume,"['batiment', 'brume']",['brume']
images/pyronear_valbonne_2_2023_11_06T15_36_15.jpg,labels/pyronear_valbonne_2_2023_11_06T15_36_15.txt,True,nuagesbas,['nuagesbas'],[]
images/pyronear_marguerite_4_2023_06_09T13_12_14.jpg,labels/pyronear_marguerite_4_2023_06_09T13_12_14.txt,True,tache,"['batiment', 'tache']","['brume', 'pluie']"
images/pyronear_brison_2_2023_10_30T13_55_12.jpg,labels/pyronear_brison_2_2023_10_30T13_55_12.txt,True,brume,"['batiment', 'brume']",['brume']
images/pyronear_marguerite_4_2023_11_01T10_43_51.jpg,labels/pyronear_marguerite_4_2023_11_01T10_43_51.txt,True,batiment,['batiment'],"['brume', 'pluie']"
images/pyronear_brison_2_2023_08_27T09_13_35.jpg,labels/pyronear_brison_2_2023_08_27T09_13_35.txt,True,grosnuages,['grosnuages'],['batiment']
images/pyronear_brison_3_2023_09_25T18_06_10.jpg,labels/pyronear_brison_3_2023_09_25T18_06_10.txt,True,glare,['glareptrouge'],['soleilcouchant']
images/pyronear_marguerite_3_2023_09_18T07_06_53.jpg,labels/pyronear_marguerite_3_2023_09_18T07_06_53.txt,True,arbre,['arbre'],['brume']
images/pyronear_marguerite_3_2023_09_18T07_10_54.jpg,labels/pyronear_marguerite_3_2023_09_18T07_10_54.txt,True,arbre,['arbre'],['brume']
images/pyronear_valbonne_4_2023_10_08T05_39_17.jpg,labels/pyronear_valbonne_4_2023_10_08T05_39_17.txt,True,soleil,['soleil'],['batiment']
images/pyronear_salaunes_1_2_2023_07_20T09_04_03.jpg,labels/pyronear_salaunes_1_2_2023_07_20T09_04_03.txt,True,grosnuages,['grosnuages'],[]
images/pyronear_cabanelle_1_2023_10_10T12_02_45.jpg,labels/pyronear_cabanelle_1_2023_10_10T12_02_45.txt,True,grosnuages,"['grosnuages', 'nuagesbas']",[]
images/pyronear_marguerite_4_2023_09_16T08_20_30.jpg,labels/pyronear_marguerite_4_2023_09_16T08_20_30.txt,True,tache,"['batiment', 'tache']","['brume', 'pluie']"
images/pyronear_valbonne_2_2023_11_07T14_32_19.jpg,labels/pyronear_valbonne_2_2023_11_07T14_32_19.txt,True,nuagesbas,['nuagesbas'],[]
images/pyronear_valbonne_3_2023_09_28T17_40_42.jpg,labels/pyronear_valbonne_3_2023_09_28T17_40_42.txt,True,batiment,['batimentloin'],['soleilcouchant']
images/pyronear_marguerite_4_2023_09_21T11_35_06.jpg,labels/pyronear_marguerite_4_2023_09_21T11_35_06.txt,True,tache,"['batiment', 'tache']","['brume', 'pluie']"
images/pyronear_cabanelle_1_2023_10_10T15_01_21.jpg,labels/pyronear_cabanelle_1_2023_10_10T15_01_21.txt,True,grosnuages,"['grosnuages', 'nuagesbas']",[]
images/pyronear_valbonne_2_2023_11_06T14_58_44.jpg,labels/pyronear_valbonne_2_2023_11_06T14_58_44.txt,True,nuagesbas,['nuagesbas'],[]
images/pyronear_marguerite_3_2023_09_18T05_38_16.jpg,labels/pyronear_marguerite_3_2023_09_18T05_38_16.txt,True,arbre,['arbre'],['brume']
images/pyronear_cabanelle_1_2023_10_11T11_07_20.jpg,labels/pyronear_cabanelle_1_2023_10_11T11_07_20.txt,True,brume,['brume'],[]
images/pyronear_brison_2_2023_09_18T08_34_46.jpg,labels/pyronear_brison_2_2023_09_18T08_34_46.txt,True,brume,"['batiment', 'brume']",['brume']
images/pyronear_ferion_2_2023_10_28T15_04_04.jpg,labels/pyronear_ferion_2_2023_10_28T15_04_04.txt,True,grosnuages,['grosnuages'],[]
images/pyronear_ferion_3_2023_10_20T13_25_47.jpg,labels/pyronear_ferion_3_2023_10_20T13_25_47.txt,True,brume,['brume'],[]
images/pyronear_courmettes_2_2023_10_26T06_57_50.jpg,labels/pyronear_courmettes_2_2023_10_26T06_57_50.txt,True,glare,['glare'],[]
images/pyronear_courmettes_4_2023_10_20T16_10_55.jpg,labels/pyronear_courmettes_4_2023_10_20T16_10_55.txt,True,grosnuages,['grosnuages'],"['antenne', 'soleilcontrejour']"
images/pyronear_brison_2_2023_10_30T06_51_23.jpg,labels/pyronear_brison_2_2023_10_30T06_51_23.txt,True,brume,"['batiment', 'brume']",['brume']
images/pyronear_marguerite_3_2023_09_18T05_46_46.jpg,labels/pyronear_marguerite_3_2023_09_18T05_46_46.txt,True,arbre,['arbre'],['brume']
images/pyronear_cabanelle_1_2023_10_11T15_25_29.jpg,labels/pyronear_cabanelle_1_2023_10_11T15_25_29.txt,True,brume,['brume'],[]
images/pyronear_brison_2_2023_10_30T06_43_52.jpg,labels/pyronear_brison_2_2023_10_30T06_43_52.txt,True,brume,"['batiment', 'brume']",['brume']
images/pyronear_cabanelle_2_2023_09_28T05_35_43.jpg,labels/pyronear_cabanelle_2_2023_09_28T05_35_43.txt,True,glare,['glare'],[]
images/pyronear_brison_2_2023_10_08T05_51_19.jpg,labels/pyronear_brison_2_2023_10_08T05_51_19.txt,True,soleil,"['nuagesbas', 'soleil']",['batiment']
images/pyronear_brison_3_2023_09_07T06_42_10.jpg,labels/pyronear_brison_3_2023_09_07T06_42_10.txt,True,montagne,['montagne'],[]
images/pyronear_marguerite_1_2023_08_22T15_12_15.jpg,labels/pyronear_marguerite_1_2023_08_22T15_12_15.txt,True,soleil,['soleilrayons'],[]
images/pyronear_valbonne_3_2023_10_20T11_02_43.jpg,labels/pyronear_valbonne_3_2023_10_20T11_02_43.txt,True,nuagesbas,['nuagesbas'],[]
images/pyronear_salaunes_2_1_2023_11_05T10_24_20.jpg,labels/pyronear_salaunes_2_1_2023_11_05T10_24_20.txt,True,grosnuages,['grosnuagesrefletssoleil'],[]
images/pyronear_cabanelle_1_2023_10_13T08_23_32.jpg,labels/pyronear_cabanelle_1_2023_10_13T08_23_32.txt,True,grosnuages,['grosnuages'],[]
images/pyronear_valbonne_4_2023_10_31T06_08_49.jpg,labels/pyronear_valbonne_4_2023_10_31T06_08_49.txt,True,nuagesbas,['nuagesbas'],[]
images/pyronear_marguerite_2_2023_09_10T18_14_50.jpg,labels/pyronear_marguerite_2_2023_09_10T18_14_50.txt,True,nuagesbas,['nuagesbas'],['soleilcouchant']
images/pyronear_brison_1_2023_09_13T05_43_42.jpg,labels/pyronear_brison_1_2023_09_13T05_43_42.txt,True,nuagesbas,['nuagesbas'],[]
images/pyronear_valbonne_4_2023_10_08T06_00_54.jpg,labels/pyronear_valbonne_4_2023_10_08T06_00_54.txt,True,soleil,['soleil'],['batiment']
images/pyronear_salaunes_1_4_2023_09_29T17_21_54.jpg,labels/pyronear_salaunes_1_4_2023_09_29T17_21_54.txt,True,glare,['glareptjaune'],[]
images/pyronear_brison_2_2023_07_10T05_16_18.jpg,labels/pyronear_brison_2_2023_07_10T05_16_18.txt,True,glare,['glare'],[]
images/pyronear_brison_3_2023_09_25T18_03_10.jpg,labels/pyronear_brison_3_2023_09_25T18_03_10.txt,True,glare,['glareptrouge'],['soleilcouchant']
images/pyronear_brison_3_2023_06_14T08_27_54.jpg,labels/pyronear_brison_3_2023_06_14T08_27_54.txt,True,grosnuages,['grosnuages'],['brume']
images/pyronear_courmettes_1_2023_11_07T13_34_45.jpg,labels/pyronear_courmettes_1_2023_11_07T13_34_45.txt,True,nuagesbas,['nuagesbas'],[]
images/pyronear_brison_2_2023_06_09T14_25_14.jpg,labels/pyronear_brison_2_2023_06_09T14_25_14.txt,True,nuagesbas,['nuagesbas'],['batiment']
images/pyronear_marguerite_1_2023_07_30T16_21_31.jpg,labels/pyronear_marguerite_1_2023_07_30T16_21_31.txt,True,soleil,['soleilrayons'],[]
images/pyronear_cabanelle_1_2023_10_07T14_00_58.jpg,labels/pyronear_cabanelle_1_2023_10_07T14_00_58.txt,True,nuagesbas,['nuagesbas'],[]
images/pyronear_cabanelle_1_2023_10_10T08_38_40.jpg,labels/pyronear_cabanelle_1_2023_10_10T08_38_40.txt,True,grosnuages,"['grosnuages', 'nuagesbas']",[]
images/pyronear_brison_2_2023_09_21T08_22_33.jpg,labels/pyronear_brison_2_2023_09_21T08_22_33.txt,True,brume,"['batiment', 'brume']",['brume']
images/pyronear_valbonne_2_2023_11_05T14_56_05.jpg,labels/pyronear_valbonne_2_2023_11_05T14_56_05.txt,True,nuagesbas,['nuagesbas'],[]
images/pyronear_courmettes_4_2023_11_02T11_01_09.jpg,labels/pyronear_courmettes_4_2023_11_02T11_01_09.txt,True,arbre,['arbre'],['brume']
images/pyronear_brison_2_2023_10_27T07_39_42.jpg,labels/pyronear_brison_2_2023_10_27T07_39_42.txt,True,grosnuages,['grosnuages'],['batiment']
images/pyronear_salaunes_2_1_2023_08_27T09_34_38.jpg,labels/pyronear_salaunes_2_1_2023_08_27T09_34_38.txt,True,grosnuages,['grosnuages'],[]
images/pyronear_brison_3_2023_09_07T06_32_31.jpg,labels/pyronear_brison_3_2023_09_07T06_32_31.txt,True,montagne,['montagne'],[]
images/pyronear_salaunes_1_4_2023_10_02T17_20_51.jpg,labels/pyronear_salaunes_1_4_2023_10_02T17_20_51.txt,True,glare,['glareptjaune'],[]
images/pyronear_brison_3_2023_09_22T05_57_48.jpg,labels/pyronear_brison_3_2023_09_22T05_57_48.txt,True,nuagesbas,['nuagesbas'],[]
images/pyronear_marguerite_1_2023_09_16T16_59_14.jpg,labels/pyronear_marguerite_1_2023_09_16T16_59_14.txt,True,nuagesbas,['nuagesbas'],[]
images/pyronear_marguerite_4_2023_10_29T13_18_46.jpg,labels/pyronear_marguerite_4_2023_10_29T13_18_46.txt,True,batiment,['batiment'],"['brume', 'pluie']"
images/pyronear_courmettes_4_2023_11_02T09_39_37.jpg,labels/pyronear_courmettes_4_2023_11_02T09_39_37.txt,True,arbre,['arbre'],['brume']
images/pyronear_brison_4_2023_08_17T10_08_54.jpg,labels/pyronear_brison_4_2023_08_17T10_08_54.txt,True,grosnuages,['grosnuages'],"['insecte', 'tache']"
images/pyronear_courmettes_1_2023_09_27T06_20_37.jpg,labels/pyronear_courmettes_1_2023_09_27T06_20_37.txt,True,soleil,"['glare', 'refletslac', 'soleil', 'tacherouge']",[]
images/pyronear_courmettes_1_2023_09_27T05_50_18.jpg,labels/pyronear_courmettes_1_2023_09_27T05_50_18.txt,True,glare,['glareptjaune'],[]
images/pyronear_courmettes_1_2023_11_03T05_48_52.jpg,labels/pyronear_courmettes_1_2023_11_03T05_48_52.txt,True,zonenoire,['zonenoire'],['soleilcouchant']
images/pyronear_brison_3_2023_06_08T06_23_16.jpg,labels/pyronear_brison_3_2023_06_08T06_23_16.txt,True,grosnuages,['grosnuages'],[]
images/pyronear_courmettes_4_2023_11_02T11_23_41.jpg,labels/pyronear_courmettes_4_2023_11_02T11_23_41.txt,True,arbre,['arbre'],['brume']
images/pyronear_brison_1_2023_09_13T06_42_44.jpg,labels/pyronear_brison_1_2023_09_13T06_42_44.txt,True,nuagesbas,['nuagesbas'],[]
images/pyronear_marguerite_3_2023_09_18T09_09_57.jpg,labels/pyronear_marguerite_3_2023_09_18T09_09_57.txt,True,arbre,['arbre'],['brume']
images/pyronear_brison_2_2023_10_30T06_47_52.jpg,labels/pyronear_brison_2_2023_10_30T06_47_52.txt,True,brume,"['batiment', 'brume']",['brume']
images/pyronear_valbonne_4_2023_10_28T15_47_36.jpg,labels/pyronear_valbonne_4_2023_10_28T15_47_36.txt,True,nuagesbas,['nuagesbas'],[]
images/pyronear_valbonne_2_2023_11_05T15_00_06.jpg,labels/pyronear_valbonne_2_2023_11_05T15_00_06.txt,True,nuagesbas,['nuagesbas'],[]
images/pyronear_cabanelle_1_2023_10_11T13_55_28.jpg,labels/pyronear_cabanelle_1_2023_10_11T13_55_28.txt,True,brume,['brume'],[]
images/pyronear_brison_2_2023_10_29T06_06_08.jpg,labels/pyronear_brison_2_2023_10_29T06_06_08.txt,True,brume,"['batiment', 'brume']",['brume']
images/pyronear_valbonne_2_2023_11_06T15_56_15.jpg,labels/pyronear_valbonne_2_2023_11_06T15_56_15.txt,True,nuagesbas,['nuagesbas'],[]
images/pyronear_brison_2_2023_09_21T08_45_25.jpg,labels/pyronear_brison_2_2023_09_21T08_45_25.txt,True,brume,"['batiment', 'brume']",['brume']
images/pyronear_cabanelle_1_2023_10_11T14_01_26.jpg,labels/pyronear_cabanelle_1_2023_10_11T14_01_26.txt,True,brume,['brume'],[]
images/pyronear_brison_2_2023_09_21T08_49_55.jpg,labels/pyronear_brison_2_2023_09_21T08_49_55.txt,True,brume,"['batiment', 'brume']",['brume']
images/pyronear_cabanelle_1_2023_10_11T14_46_00.jpg,labels/pyronear_cabanelle_1_2023_10_11T14_46_00.txt,True,brume,['brume'],[]
images/pyronear_brison_2_2023_10_30T13_42_49.jpg,labels/pyronear_brison_2_2023_10_30T13_42_49.txt,True,brume,"['batiment', 'brume']",['brume']
images/pyronear_valbonne_4_2023_10_28T15_48_33.jpg,labels/pyronear_valbonne_4_2023_10_28T15_48_33.txt,True,nuagesbas,['nuagesbas'],[]
images/pyronear_marguerite_1_2023_08_22T16_31_50.jpg,labels/pyronear_marguerite_1_2023_08_22T16_31_50.txt,True,soleil,['soleilrayons'],[]
images/pyronear_valbonne_2_2023_11_05T15_48_07.jpg,labels/pyronear_valbonne_2_2023_11_05T15_48_07.txt,True,nuagesbas,['nuagesbas'],[]
images/pyronear_brison_2_2023_10_19T07_50_05.jpg,labels/pyronear_brison_2_2023_10_19T07_50_05.txt,True,brume,"['batiment', 'brume']",['brume']
images/pyronear_brison_2_2023_10_19T07_41_04.jpg,labels/pyronear_brison_2_2023_10_19T07_41_04.txt,True,brume,"['batiment', 'brume']",['brume']
images/pyronear_cabanelle_1_2023_10_13T08_51_33.jpg,labels/pyronear_cabanelle_1_2023_10_13T08_51_33.txt,True,grosnuages,['grosnuages'],[]
images/pyronear_ferion_2_2023_10_28T15_02_05.jpg,labels/pyronear_ferion_2_2023_10_28T15_02_05.txt,True,grosnuages,['grosnuages'],[]
images/pyronear_brison_1_2023_06_12T13_18_06.jpg,labels/pyronear_brison_1_2023_06_12T13_18_06.txt,True,nuagesbas,['nuagesbas'],[]
images/pyronear_salaunes_1_2_2023_09_30T11_39_05.jpg,labels/pyronear_salaunes_1_2_2023_09_30T11_39_05.txt,True,glare,['glare'],[]
images/pyronear_marguerite_1_2023_09_05T18_00_40.jpg,labels/pyronear_marguerite_1_2023_09_05T18_00_40.txt,True,soleil,['soleil'],[]
images/pyronear_valbonne_2_2023_11_05T15_03_36.jpg,labels/pyronear_valbonne_2_2023_11_05T15_03_36.txt,True,nuagesbas,['nuagesbas'],[]
images/pyronear_valbonne_4_2023_10_18T10_37_46.jpg,labels/pyronear_valbonne_4_2023_10_18T10_37_46.txt,True,nuagesbas,['nuagesbas'],[]
images/pyronear_brison_2_2023_09_21T05_51_49.jpg,labels/pyronear_brison_2_2023_09_21T05_51_49.txt,True,brume,"['batiment', 'brume']",['brume']
images/pyronear_ferion_2_2023_10_24T16_25_38.jpg,labels/pyronear_ferion_2_2023_10_24T16_25_38.txt,True,grosnuages,['grosnuages'],[]
images/pyronear_valbonne_4_2023_10_02T05_49_59.jpg,labels/pyronear_valbonne_4_2023_10_02T05_49_59.txt,True,soleil,['soleil'],['batiment']
images/pyronear_marguerite_3_2023_09_18T07_49_24.jpg,labels/pyronear_marguerite_3_2023_09_18T07_49_24.txt,True,arbre,['arbre'],['brume']
images/pyronear_brison_3_2023_08_27T07_21_38.jpg,labels/pyronear_brison_3_2023_08_27T07_21_38.txt,True,grosnuages,"['grosnuages', 'nuagesbas']",[]
images/pyronear_valbonne_3_2023_09_28T17_44_09.jpg,labels/pyronear_valbonne_3_2023_09_28T17_44_09.txt,True,batiment,['batimentloin'],['soleilcouchant']
images/pyronear_ferion_1_2023_10_20T15_48_13.jpg,labels/pyronear_ferion_1_2023_10_20T15_48_13.txt,True,arbre,['arbre'],['brume']
images/pyronear_marguerite_2_2023_09_01T17_55_32.jpg,labels/pyronear_marguerite_2_2023_09_01T17_55_32.txt,True,nuagesbas,['nuagesbas'],['soleilcouchant']
images/pyronear_cabanelle_1_2023_10_09T14_02_48.jpg,labels/pyronear_cabanelle_1_2023_10_09T14_02_48.txt,True,nuagesbas,['nuagesbas'],[]
images/pyronear_marguerite_3_2023_09_18T08_52_57.jpg,labels/pyronear_marguerite_3_2023_09_18T08_52_57.txt,True,arbre,['arbre'],['brume']
images/pyronear_brison_2_2023_10_30T08_23_55.jpg,labels/pyronear_brison_2_2023_10_30T08_23_55.txt,True,brume,"['batiment', 'brume']",['brume']
images/pyronear_salaunes_1_1_2023_11_03T15_28_05.jpg,labels/pyronear_salaunes_1_1_2023_11_03T15_28_05.txt,True,grosnuages,['grosnuages'],[]
images/pyronear_cabanelle_1_2023_10_11T15_17_29.jpg,labels/pyronear_cabanelle_1_2023_10_11T15_17_29.txt,True,brume,['brume'],[]
images/pyronear_courmettes_1_2023_11_07T13_27_45.jpg,labels/pyronear_courmettes_1_2023_11_07T13_27_45.txt,True,nuagesbas,['nuagesbas'],[]
images/pyronear_brison_2_2023_10_19T08_18_12.jpg,labels/pyronear_brison_2_2023_10_19T08_18_12.txt,True,brume,"['batiment', 'brume']",['brume']
images/pyronear_courmettes_1_2023_09_27T05_37_02.jpg,labels/pyronear_courmettes_1_2023_09_27T05_37_02.txt,True,soleil,['soleil'],[]
images/pyronear_valbonne_4_2023_10_24T12_05_47.jpg,labels/pyronear_valbonne_4_2023_10_24T12_05_47.txt,True,grosnuages,['grosnuages'],[]
images/pyronear_salaunes_2_1_2023_08_27T08_54_36.jpg,labels/pyronear_salaunes_2_1_2023_08_27T08_54_36.txt,True,grosnuages,['grosnuages'],[]
images/pyronear_salaunes_2_1_2023_08_27T09_54_07.jpg,labels/pyronear_salaunes_2_1_2023_08_27T09_54_07.txt,True,grosnuages,['grosnuages'],[]
images/pyronear_courmettes_4_2023_11_02T10_00_37.jpg,labels/pyronear_courmettes_4_2023_11_02T10_00_37.txt,True,arbre,['arbre'],['brume']
images/pyronear_brison_4_2023_08_17T07_47_54.jpg,labels/pyronear_brison_4_2023_08_17T07_47_54.txt,True,grosnuages,['grosnuages'],"['insecte', 'tache']"
images/pyronear_ferion_2_2023_10_22T06_47_29.jpg,labels/pyronear_ferion_2_2023_10_22T06_47_29.txt,True,glare,['glare'],[]
images/pyronear_valbonne_4_2023_10_18T08_32_30.jpg,labels/pyronear_valbonne_4_2023_10_18T08_32_30.txt,True,nuagesbas,['nuagesbas'],[]
images/pyronear_courmettes_1_2023_09_27T05_23_10.jpg,labels/pyronear_courmettes_1_2023_09_27T05_23_10.txt,True,soleil,['soleil'],[]
images/pyronear_brison_2_2023_07_09T05_47_16.jpg,labels/pyronear_brison_2_2023_07_09T05_47_16.txt,True,glare,['glare'],[]
images/pyronear_ferion_2_2023_10_28T15_21_06.jpg,labels/pyronear_ferion_2_2023_10_28T15_21_06.txt,True,grosnuages,['grosnuages'],[]
images/pyronear_cabanelle_1_2023_10_09T13_51_44.jpg,labels/pyronear_cabanelle_1_2023_10_09T13_51_44.txt,True,nuagesbas,['nuagesbas'],[]
images/pyronear_valbonne_2_2023_11_06T15_40_45.jpg,labels/pyronear_valbonne_2_2023_11_06T15_40_45.txt,True,nuagesbas,['nuagesbas'],[]
images/pyronear_courmettes_4_2023_11_02T11_07_43.jpg,labels/pyronear_courmettes_4_2023_11_02T11_07_43.txt,True,arbre,['arbre'],['brume']
images/pyronear_brison_2_2023_08_27T09_15_05.jpg,labels/pyronear_brison_2_2023_08_27T09_15_05.txt,True,grosnuages,['grosnuages'],['batiment']
images/pyronear_valbonne_2_2023_11_06T15_54_45.jpg,labels/pyronear_valbonne_2_2023_11_06T15_54_45.txt,True,nuagesbas,['nuagesbas'],[]
images/pyronear_courmettes_4_2023_09_29T17_04_44.jpg,labels/pyronear_courmettes_4_2023_09_29T17_04_44.txt,True,soleil,['soleil'],['batiment']
images/pyronear_courmettes_1_2023_11_07T13_42_15.jpg,labels/pyronear_courmettes_1_2023_11_07T13_42_15.txt,True,nuagesbas,['nuagesbas'],[]
images/pyronear_brison_4_2023_06_16T18_58_57.jpg,labels/pyronear_brison_4_2023_06_16T18_58_57.txt,True,glare,['glareptjaune'],[]
images/pyronear_cabanelle_1_2023_10_13T08_52_03.jpg,labels/pyronear_cabanelle_1_2023_10_13T08_52_03.txt,True,grosnuages,['grosnuages'],[]
images/pyronear_valbonne_4_2023_10_18T08_32_46.jpg,labels/pyronear_valbonne_4_2023_10_18T08_32_46.txt,True,nuagesbas,['nuagesbas'],[]
images/pyronear_courmettes_1_2023_11_07T12_57_44.jpg,labels/pyronear_courmettes_1_2023_11_07T12_57_44.txt,True,nuagesbas,['nuagesbas'],[]
images/pyronear_marguerite_1_2023_09_15T16_06_38.jpg,labels/pyronear_marguerite_1_2023_09_15T16_06_38.txt,True,soleil,['soleilrayons'],[]
images/pyronear_cabanelle_1_2023_10_11T13_55_27.jpg,labels/pyronear_cabanelle_1_2023_10_11T13_55_27.txt,True,brume,['brume'],[]
images/pyronear_marguerite_3_2023_09_18T09_14_57.jpg,labels/pyronear_marguerite_3_2023_09_18T09_14_57.txt,True,arbre,['arbre'],['brume']
images/pyronear_cabanelle_1_2023_10_11T15_15_29.jpg,labels/pyronear_cabanelle_1_2023_10_11T15_15_29.txt,True,brume,['brume'],[]
images/pyronear_salaunes_1_1_2023_11_03T15_32_36.jpg,labels/pyronear_salaunes_1_1_2023_11_03T15_32_36.txt,True,grosnuages,['grosnuages'],[]
images/pyronear_cabanelle_1_2023_10_10T14_45_50.jpg,labels/pyronear_cabanelle_1_2023_10_10T14_45_50.txt,True,grosnuages,"['grosnuages', 'nuagesbas']",[]
images/pyronear_courmettes_1_2023_09_27T05_36_32.jpg,labels/pyronear_courmettes_1_2023_09_27T05_36_32.txt,True,soleil,['soleil'],[]
images/pyronear_brison_2_2023_08_27T09_04_09.jpg,labels/pyronear_brison_2_2023_08_27T09_04_09.txt,True,grosnuages,['grosnuages'],['batiment']
images/pyronear_valbonne_2_2023_11_06T16_00_15.jpg,labels/pyronear_valbonne_2_2023_11_06T16_00_15.txt,True,nuagesbas,['nuagesbas'],[]
images/pyronear_cabanelle_1_2023_10_11T11_47_52.jpg,labels/pyronear_cabanelle_1_2023_10_11T11_47_52.txt,True,brume,['brume'],[]
images/pyronear_marguerite_3_2023_09_18T07_51_55.jpg,labels/pyronear_marguerite_3_2023_09_18T07_51_55.txt,True,arbre,['arbre'],['brume']
images/pyronear_brison_2_2023_09_27T05_47_54.jpg,labels/pyronear_brison_2_2023_09_27T05_47_54.txt,True,glare,['glare'],[]
images/pyronear_brison_2_2023_09_21T06_45_22.jpg,labels/pyronear_brison_2_2023_09_21T06_45_22.txt,True,brume,"['batiment', 'brume']",['brume']
images/pyronear_salaunes_2_4_2023_08_19T05_18_33.jpg,labels/pyronear_salaunes_2_4_2023_08_19T05_18_33.txt,True,tuyau,['tuyau'],[]
images/pyronear_courmettes_4_2023_11_02T11_12_09.jpg,labels/pyronear_courmettes_4_2023_11_02T11_12_09.txt,True,arbre,['arbre'],['brume']
images/pyronear_marguerite_3_2023_09_18T08_12_55.jpg,labels/pyronear_marguerite_3_2023_09_18T08_12_55.txt,True,arbre,['arbre'],['brume']
images/pyronear_brison_4_2023_06_19T19_08_22.jpg,labels/pyronear_brison_4_2023_06_19T19_08_22.txt,True,glare,['glareptjaune'],[]
images/pyronear_brison_1_2023_06_12T13_27_28.jpg,labels/pyronear_brison_1_2023_06_12T13_27_28.txt,True,nuagesbas,['nuagesbas'],[]
images/pyronear_courmettes_4_2023_11_02T11_00_12.jpg,labels/pyronear_courmettes_4_2023_11_02T11_00_12.txt,True,arbre,['arbre'],['brume']
images/pyronear_brison_2_2023_10_30T07_57_55.jpg,labels/pyronear_brison_2_2023_10_30T07_57_55.txt,True,brume,"['batiment', 'brume']",['brume']
images/pyronear_marguerite_3_2023_09_18T08_49_26.jpg,labels/pyronear_marguerite_3_2023_09_18T08_49_26.txt,True,arbre,['arbre'],['brume']
images/pyronear_brison_1_2023_09_13T06_23_14.jpg,labels/pyronear_brison_1_2023_09_13T06_23_14.txt,True,nuagesbas,['nuagesbas'],[]
images/pyronear_brison_2_2023_09_22T08_43_34.jpg,labels/pyronear_brison_2_2023_09_22T08_43_34.txt,True,nuagesbas,['nuagesbas'],['batiment']
images/pyronear_cabanelle_1_2023_10_10T15_08_51.jpg,labels/pyronear_cabanelle_1_2023_10_10T15_08_51.txt,True,grosnuages,"['grosnuages', 'nuagesbas']",[]
images/pyronear_courmettes_1_2023_11_07T13_19_44.jpg,labels/pyronear_courmettes_1_2023_11_07T13_19_44.txt,True,nuagesbas,['nuagesbas'],[]
images/pyronear_cabanelle_2_2023_09_30T06_10_11.jpg,labels/pyronear_cabanelle_2_2023_09_30T06_10_11.txt,True,soleil,"['glare', 'refletslac', 'soleil', 'tacherouge']",[]
images/pyronear_marguerite_4_2023_10_20T07_34_57.jpg,labels/pyronear_marguerite_4_2023_10_20T07_34_57.txt,True,batiment,['batiment'],"['brume', 'pluie']"
images/pyronear_valbonne_4_2023_11_02T07_58_30.jpg,labels/pyronear_valbonne_4_2023_11_02T07_58_30.txt,True,nuagesbas,['nuagesbas'],[]
images/pyronear_valbonne_4_2023_10_28T13_08_31.jpg,labels/pyronear_valbonne_4_2023_10_28T13_08_31.txt,True,grosnuages,['grosnuages'],[]
images/pyronear_brison_2_2023_10_30T09_25_57.jpg,labels/pyronear_brison_2_2023_10_30T09_25_57.txt,True,brume,"['batiment', 'brume']",['brume']
images/pyronear_valbonne_2_2023_11_05T15_45_07.jpg,labels/pyronear_valbonne_2_2023_11_05T15_45_07.txt,True,nuagesbas,['nuagesbas'],[]
images/pyronear_brison_2_2023_10_19T08_33_08.jpg,labels/pyronear_brison_2_2023_10_19T08_33_08.txt,True,brume,"['batiment', 'brume']",['brume']
images/pyronear_cabanelle_2_2023_10_02T06_00_04.jpg,labels/pyronear_cabanelle_2_2023_10_02T06_00_04.txt,True,soleil,"['glare', 'refletslac', 'soleil', 'tacherouge']",[]
images/pyronear_marguerite_1_2023_09_16T12_08_28.jpg,labels/pyronear_marguerite_1_2023_09_16T12_08_28.txt,True,nuagesbas,['nuagesbas'],[]
images/pyronear_valbonne_4_2023_10_08T05_39_19.jpg,labels/pyronear_valbonne_4_2023_10_08T05_39_19.txt,True,soleil,['soleil'],['batiment']
images/pyronear_brison_4_2023_08_17T07_33_54.jpg,labels/pyronear_brison_4_2023_08_17T07_33_54.txt,True,grosnuages,['grosnuages'],"['insecte', 'tache']"
images/pyronear_valbonne_4_2023_10_29T09_52_52.jpg,labels/pyronear_valbonne_4_2023_10_29T09_52_52.txt,True,nuagesbas,['nuagesbas'],[]
images/pyronear_cabanelle_1_2023_10_10T15_11_51.jpg,labels/pyronear_cabanelle_1_2023_10_10T15_11_51.txt,True,grosnuages,"['grosnuages', 'nuagesbas']",[]
images/pyronear_marguerite_2_2023_09_10T18_31_50.jpg,labels/pyronear_marguerite_2_2023_09_10T18_31_50.txt,True,nuagesbas,['nuagesbas'],['soleilcouchant']
images/pyronear_brison_1_2023_06_13T05_56_14.jpg,labels/pyronear_brison_1_2023_06_13T05_56_14.txt,True,grosnuages,['grosnuages'],[]
images/pyronear_ferion_2_2023_10_28T15_54_10.jpg,labels/pyronear_ferion_2_2023_10_28T15_54_10.txt,True,grosnuages,['grosnuages'],[]
images/pyronear_valbonne_4_2023_11_02T08_44_33.jpg,labels/pyronear_valbonne_4_2023_11_02T08_44_33.txt,True,nuagesbas,['nuagesbas'],[]
images/pyronear_marguerite_1_2023_09_16T12_34_58.jpg,labels/pyronear_marguerite_1_2023_09_16T12_34_58.txt,True,nuagesbas,['nuagesbas'],[]
images/pyronear_courmettes_2_2023_10_26T06_53_50.jpg,labels/pyronear_courmettes_2_2023_10_26T06_53_50.txt,True,glare,['glare'],[]
images/pyronear_cabanelle_1_2023_10_10T12_01_45.jpg,labels/pyronear_cabanelle_1_2023_10_10T12_01_45.txt,True,grosnuages,"['grosnuages', 'nuagesbas']",[]
images/pyronear_courmettes_2_2023_10_27T07_26_18.jpg,labels/pyronear_courmettes_2_2023_10_27T07_26_18.txt,True,glare,['glare'],[]
images/pyronear_brison_4_2023_08_17T07_47_47.jpg,labels/pyronear_brison_4_2023_08_17T07_47_47.txt,True,grosnuages,['grosnuages'],"['insecte', 'tache']"
images/pyronear_brison_3_2023_09_07T06_50_31.jpg,labels/pyronear_brison_3_2023_09_07T06_50_31.txt,True,montagne,['montagne'],[]
images/pyronear_courmettes_1_2023_09_27T05_35_33.jpg,labels/pyronear_courmettes_1_2023_09_27T05_35_33.txt,True,soleil,['soleil'],[]
images/pyronear_brison_2_2023_10_19T08_27_35.jpg,labels/pyronear_brison_2_2023_10_19T08_27_35.txt,True,brume,"['batiment', 'brume']",['brume']
images/pyronear_marguerite_3_2023_09_18T08_48_04.jpg,labels/pyronear_marguerite_3_2023_09_18T08_48_04.txt,True,arbre,['arbre'],['brume']
images/pyronear_cabanelle_1_2023_10_10T14_59_51.jpg,labels/pyronear_cabanelle_1_2023_10_10T14_59_51.txt,True,grosnuages,"['grosnuages', 'nuagesbas']",[]
images/pyronear_valbonne_3_2023_09_28T17_40_41.jpg,labels/pyronear_valbonne_3_2023_09_28T17_40_41.txt,True,batiment,['batimentloin'],['soleilcouchant']
images/pyronear_cabanelle_1_2023_10_10T09_03_10.jpg,labels/pyronear_cabanelle_1_2023_10_10T09_03_10.txt,True,grosnuages,"['grosnuages', 'nuagesbas']",[]
images/pyronear_courmettes_2_2023_11_04T06_49_02.jpg,labels/pyronear_courmettes_2_2023_11_04T06_49_02.txt,True,glare,['glare'],[]
images/pyronear_courmettes_2_2023_10_27T06_52_46.jpg,labels/pyronear_courmettes_2_2023_10_27T06_52_46.txt,True,glare,['glare'],[]
images/pyronear_valbonne_4_2023_10_28T13_08_29.jpg,labels/pyronear_valbonne_4_2023_10_28T13_08_29.txt,True,grosnuages,['grosnuages'],[]
images/pyronear_brison_2_2023_09_22T08_40_54.jpg,labels/pyronear_brison_2_2023_09_22T08_40_54.txt,True,nuagesbas,['nuagesbas'],['batiment']
images/pyronear_cabanelle_1_2023_10_10T15_30_22.jpg,labels/pyronear_cabanelle_1_2023_10_10T15_30_22.txt,True,grosnuages,"['grosnuages', 'nuagesbas']",[]
images/pyronear_marguerite_4_2023_10_29T13_14_16.jpg,labels/pyronear_marguerite_4_2023_10_29T13_14_16.txt,True,batiment,['batiment'],"['brume', 'pluie']"
images/pyronear_salaunes_2_1_2023_08_27T09_49_07.jpg,labels/pyronear_salaunes_2_1_2023_08_27T09_49_07.txt,True,grosnuages,['grosnuages'],[]
images/pyronear_brison_2_2023_10_30T09_20_30.jpg,labels/pyronear_brison_2_2023_10_30T09_20_30.txt,True,brume,"['batiment', 'brume']",['brume']
images/pyronear_courmettes_1_2023_09_27T06_08_34.jpg,labels/pyronear_courmettes_1_2023_09_27T06_08_34.txt,True,glare,['glaretache'],[]
images/pyronear_valbonne_3_2023_10_20T16_48_21.jpg,labels/pyronear_valbonne_3_2023_10_20T16_48_21.txt,True,nuagesbas,['nuagesbas'],[]
images/pyronear_brison_4_2023_08_17T09_47_17.jpg,labels/pyronear_brison_4_2023_08_17T09_47_17.txt,True,grosnuages,['grosnuages'],"['insecte', 'tache']"
images/pyronear_salaunes_1_4_2023_10_02T17_20_52.jpg,labels/pyronear_salaunes_1_4_2023_10_02T17_20_52.txt,True,glare,['glareptjaune'],[]
images/pyronear_valbonne_3_2023_09_30T17_39_05.jpg,labels/pyronear_valbonne_3_2023_09_30T17_39_05.txt,True,batiment,['batimentloin'],['soleilcouchant']
images/pyronear_marguerite_2_2023_08_15T18_39_49.jpg,labels/pyronear_marguerite_2_2023_08_15T18_39_49.txt,True,nuagesbas,['nuagesbas'],['soleilcouchant']
images/pyronear_brison_4_2023_08_17T07_35_30.jpg,labels/pyronear_brison_4_2023_08_17T07_35_30.txt,True,grosnuages,['grosnuages'],"['insecte', 'tache']"
images/pyronear_valbonne_4_2023_10_18T10_38_22.jpg,labels/pyronear_valbonne_4_2023_10_18T10_38_22.txt,True,nuagesbas,['nuagesbas'],[]
images/pyronear_valbonne_3_2023_09_28T17_51_38.jpg,labels/pyronear_valbonne_3_2023_09_28T17_51_38.txt,True,batiment,['batimentloin'],['soleilcouchant']
images/pyronear_courmettes_1_2023_09_29T06_22_45.jpg,labels/pyronear_courmettes_1_2023_09_29T06_22_45.txt,True,glare,"['glaretacherouge', 'soleilrefletslac']",[]
images/pyronear_cabanelle_2_2023_10_04T06_29_01.jpg,labels/pyronear_cabanelle_2_2023_10_04T06_29_01.txt,True,soleil,"['refletslac', 'soleil']",[]
images/pyronear_brison_4_2023_08_17T07_32_28.jpg,labels/pyronear_brison_4_2023_08_17T07_32_28.txt,True,grosnuages,['grosnuages'],"['insecte', 'tache']"
images/pyronear_brison_1_2023_07_10T04_10_42.jpg,labels/pyronear_brison_1_2023_07_10T04_10_42.txt,True,soleil,['soleil'],[]
images/pyronear_marguerite_1_2023_09_14T16_06_36.jpg,labels/pyronear_marguerite_1_2023_09_14T16_06_36.txt,True,glare,['glare'],[]
images/pyronear_brison_3_2023_10_07T17_26_44.jpg,labels/pyronear_brison_3_2023_10_07T17_26_44.txt,True,zonenoire,['zonenoire'],['soleilcouchant']
images/pyronear_valbonne_2_2023_11_06T14_58_14.jpg,labels/pyronear_valbonne_2_2023_11_06T14_58_14.txt,True,nuagesbas,['nuagesbas'],[]
images/pyronear_courmettes_1_2023_09_27T05_23_05.jpg,labels/pyronear_courmettes_1_2023_09_27T05_23_05.txt,True,soleil,['soleil'],[]
images/pyronear_courmettes_4_2023_11_02T10_07_10.jpg,labels/pyronear_courmettes_4_2023_11_02T10_07_10.txt,True,arbre,['arbre'],['brume']
images/pyronear_cabanelle_1_2023_10_13T09_13_03.jpg,labels/pyronear_cabanelle_1_2023_10_13T09_13_03.txt,True,grosnuages,['grosnuages'],[]
images/pyronear_ferion_2_2023_10_28T16_19_38.jpg,labels/pyronear_ferion_2_2023_10_28T16_19_38.txt,True,grosnuages,['grosnuages'],[]
images/pyronear_valbonne_4_2023_10_29T09_40_23.jpg,labels/pyronear_valbonne_4_2023_10_29T09_40_23.txt,True,nuagesbas,['nuagesbas'],[]
images/pyronear_valbonne_3_2023_10_20T16_47_53.jpg,labels/pyronear_valbonne_3_2023_10_20T16_47_53.txt,True,nuagesbas,['nuagesbas'],[]
images/pyronear_courmettes_1_2023_11_07T13_10_44.jpg,labels/pyronear_courmettes_1_2023_11_07T13_10_44.txt,True,nuagesbas,['nuagesbas'],[]
images/pyronear_brison_2_2023_10_30T07_55_55.jpg,labels/pyronear_brison_2_2023_10_30T07_55_55.txt,True,brume,"['batiment', 'brume']",['brume']
images/pyronear_ferion_2_2023_10_29T15_09_37.jpg,labels/pyronear_ferion_2_2023_10_29T15_09_37.txt,True,grosnuages,['grosnuages'],[]
images/pyronear_salaunes_2_4_2023_08_17T04_51_09.jpg,labels/pyronear_salaunes_2_4_2023_08_17T04_51_09.txt,True,tuyau,['tuyau'],['tache']
images/pyronear_salaunes_2_1_2023_08_27T09_21_06.jpg,labels/pyronear_salaunes_2_1_2023_08_27T09_21_06.txt,True,grosnuages,['grosnuages'],[]
images/pyronear_valbonne_4_2023_11_06T06_14_23.jpg,labels/pyronear_valbonne_4_2023_11_06T06_14_23.txt,True,soleil,['soleil'],['batiment']
images/pyronear_cabanelle_1_2023_10_13T09_17_03.jpg,labels/pyronear_cabanelle_1_2023_10_13T09_17_03.txt,True,grosnuages,['grosnuages'],[]
images/pyronear_salaunes_1_4_2023_09_29T17_15_29.jpg,labels/pyronear_salaunes_1_4_2023_09_29T17_15_29.txt,True,glare,['glareptjaune'],[]
images/pyronear_marguerite_1_2023_08_22T16_16_48.jpg,labels/pyronear_marguerite_1_2023_08_22T16_16_48.txt,True,soleil,['soleilrayons'],[]
images/pyronear_brison_1_2023_07_24T08_48_06.jpg,labels/pyronear_brison_1_2023_07_24T08_48_06.txt,True,tache,['tachenoire'],[]
images/pyronear_brison_1_2023_09_13T16_03_26.jpg,labels/pyronear_brison_1_2023_09_13T16_03_26.txt,True,grosnuages,['grosnuages'],[]
images/pyronear_courmettes_1_2023_11_07T13_23_44.jpg,labels/pyronear_courmettes_1_2023_11_07T13_23_44.txt,True,nuagesbas,['nuagesbas'],[]
images/pyronear_ferion_2_2023_10_29T15_37_11.jpg,labels/pyronear_ferion_2_2023_10_29T15_37_11.txt,True,grosnuages,['grosnuages'],[]
images/pyronear_courmettes_4_2023_11_02T10_01_37.jpg,labels/pyronear_courmettes_4_2023_11_02T10_01_37.txt,True,arbre,['arbre'],['brume']
images/pyronear_courmettes_4_2023_11_02T09_00_06.jpg,labels/pyronear_courmettes_4_2023_11_02T09_00_06.txt,True,arbre,['arbre'],['brume']
images/pyronear_salaunes_2_1_2023_08_27T08_30_07.jpg,labels/pyronear_salaunes_2_1_2023_08_27T08_30_07.txt,True,grosnuages,['grosnuages'],[]
images/pyronear_brison_4_2023_08_17T08_35_22.jpg,labels/pyronear_brison_4_2023_08_17T08_35_22.txt,True,grosnuages,['grosnuages'],"['insecte', 'tache']"
images/pyronear_valbonne_3_2023_10_14T17_20_14.jpg,labels/pyronear_valbonne_3_2023_10_14T17_20_14.txt,True,batiment,['batimentloin'],['soleilcouchant']
images/pyronear_marguerite_4_2023_10_29T13_11_45.jpg,labels/pyronear_marguerite_4_2023_10_29T13_11_45.txt,True,batiment,['batiment'],"['brume', 'pluie']"
images/pyronear_brison_2_2023_10_19T07_38_34.jpg,labels/pyronear_brison_2_2023_10_19T07_38_34.txt,True,brume,"['batiment', 'brume']",['brume']
images/pyronear_marguerite_1_2023_09_14T15_58_06.jpg,labels/pyronear_marguerite_1_2023_09_14T15_58_06.txt,True,glare,['glaresoleilrayons'],[]
images/pyronear_marguerite_1_2023_06_13T18_23_44.jpg,labels/pyronear_marguerite_1_2023_06_13T18_23_44.txt,True,grosnuages,['grosnuages'],[]
images/pyronear_salaunes_1_1_2023_08_09T18_04_29.jpg,labels/pyronear_salaunes_1_1_2023_08_09T18_04_29.txt,True,nuagesbas,['nuagesbas'],[]
images/pyronear_cabanelle_2_2023_09_28T05_35_41.jpg,labels/pyronear_cabanelle_2_2023_09_28T05_35_41.txt,True,glare,['glare'],[]
images/pyronear_marguerite_4_2023_10_18T09_09_51.jpg,labels/pyronear_marguerite_4_2023_10_18T09_09_51.txt,True,batiment,['batiment'],"['brume', 'pluie']"
images/pyronear_brison_1_2023_07_10T04_13_12.jpg,labels/pyronear_brison_1_2023_07_10T04_13_12.txt,True,soleil,['soleil'],[]
images/pyronear_marguerite_2_2023_09_10T18_12_20.jpg,labels/pyronear_marguerite_2_2023_09_10T18_12_20.txt,True,nuagesbas,['nuagesbas'],['soleilcouchant']
images/pyronear_cabanelle_2_2023_09_30T05_49_43.jpg,labels/pyronear_cabanelle_2_2023_09_30T05_49_43.txt,True,soleil,"['glare', 'refletslac', 'soleil', 'tacherouge']",[]
images/pyronear_brison_2_2023_10_30T06_46_54.jpg,labels/pyronear_brison_2_2023_10_30T06_46_54.txt,True,brume,"['batiment', 'brume']",['brume']
images/pyronear_marguerite_4_2023_09_16T08_21_27.jpg,labels/pyronear_marguerite_4_2023_09_16T08_21_27.txt,True,tache,"['batiment', 'tache']","['brume', 'pluie']"
images/pyronear_marguerite_1_2023_09_15T14_29_34.jpg,labels/pyronear_marguerite_1_2023_09_15T14_29_34.txt,True,soleil,['soleilrayons'],[]
images/pyronear_brison_1_2023_07_24T08_47_05.jpg,labels/pyronear_brison_1_2023_07_24T08_47_05.txt,True,tache,['tachenoire'],[]
images/pyronear_valbonne_2_2023_11_05T15_10_36.jpg,labels/pyronear_valbonne_2_2023_11_05T15_10_36.txt,True,nuagesbas,['nuagesbas'],[]
images/pyronear_salaunes_2_1_2023_10_21T06_48_45.jpg,labels/pyronear_salaunes_2_1_2023_10_21T06_48_45.txt,True,grosnuages,['grosnuagesrefletssoleil'],[]
images/pyronear_brison_2_2023_11_04T11_01_23.jpg,labels/pyronear_brison_2_2023_11_04T11_01_23.txt,True,brume,"['batiment', 'brume']",['brume']
images/pyronear_salaunes_1_2_2023_09_30T11_26_03.jpg,labels/pyronear_salaunes_1_2_2023_09_30T11_26_03.txt,True,glare,['glare'],[]
images/pyronear_valbonne_2_2023_11_07T14_27_19.jpg,labels/pyronear_valbonne_2_2023_11_07T14_27_19.txt,True,nuagesbas,['nuagesbas'],[]
images/pyronear_valbonne_4_2023_10_01T05_47_47.jpg,labels/pyronear_valbonne_4_2023_10_01T05_47_47.txt,True,soleil,['soleil'],['batiment']
images/pyronear_brison_1_2023_06_29T04_21_21.jpg,labels/pyronear_brison_1_2023_06_29T04_21_21.txt,True,soleil,['soleil'],[]
images/pyronear_brison_1_2023_06_13T06_02_50.jpg,labels/pyronear_brison_1_2023_06_13T06_02_50.txt,True,grosnuages,['grosnuages'],[]
images/pyronear_brison_2_2023_10_30T09_10_40.jpg,labels/pyronear_brison_2_2023_10_30T09_10_40.txt,True,brume,"['batiment', 'brume']",['brume']
images/pyronear_valbonne_4_2023_10_08T06_01_26.jpg,labels/pyronear_valbonne_4_2023_10_08T06_01_26.txt,True,soleil,['soleil'],['batiment']
images/pyronear_brison_2_2023_09_24T06_00_12.jpg,labels/pyronear_brison_2_2023_09_24T06_00_12.txt,True,glare,['glare'],[]
images/pyronear_courmettes_4_2023_11_02T09_48_37.jpg,labels/pyronear_courmettes_4_2023_11_02T09_48_37.txt,True,arbre,['arbre'],['brume']
images/pyronear_marguerite_1_2023_09_16T12_07_06.jpg,labels/pyronear_marguerite_1_2023_09_16T12_07_06.txt,True,nuagesbas,['nuagesbas'],[]
images/pyronear_brison_1_2023_06_10T12_39_50.jpg,labels/pyronear_brison_1_2023_06_10T12_39_50.txt,True,nuagesbas,['nuagesbas'],[]
images/pyronear_salaunes_2_1_2023_08_27T09_00_05.jpg,labels/pyronear_salaunes_2_1_2023_08_27T09_00_05.txt,True,grosnuages,['grosnuages'],[]
images/pyronear_marguerite_2_2023_09_10T18_21_20.jpg,labels/pyronear_marguerite_2_2023_09_10T18_21_20.txt,True,nuagesbas,['nuagesbas'],['soleilcouchant']
images/pyronear_courmettes_1_2023_11_04T06_32_29.jpg,labels/pyronear_courmettes_1_2023_11_04T06_32_29.txt,True,glare,['glaresoleilptrouge'],['soleilcouchant']
images/pyronear_marguerite_4_2023_10_29T13_32_46.jpg,labels/pyronear_marguerite_4_2023_10_29T13_32_46.txt,True,batiment,['batiment'],"['brume', 'pluie']"
images/pyronear_courmettes_4_2023_11_02T09_36_07.jpg,labels/pyronear_courmettes_4_2023_11_02T09_36_07.txt,True,arbre,['arbre'],['brume']
images/pyronear_cabanelle_1_2023_10_11T15_23_29.jpg,labels/pyronear_cabanelle_1_2023_10_11T15_23_29.txt,True,brume,['brume'],[]
images/pyronear_marguerite_1_2023_08_22T14_50_18.jpg,labels/pyronear_marguerite_1_2023_08_22T14_50_18.txt,True,soleil,['soleilrayons'],[]
images/pyronear_valbonne_3_2023_10_20T11_12_43.jpg,labels/pyronear_valbonne_3_2023_10_20T11_12_43.txt,True,nuagesbas,['nuagesbas'],[]
images/pyronear_courmettes_1_2023_11_07T13_18_44.jpg,labels/pyronear_courmettes_1_2023_11_07T13_18_44.txt,True,nuagesbas,['nuagesbas'],[]
images/pyronear_courmettes_1_2023_11_07T13_15_15.jpg,labels/pyronear_courmettes_1_2023_11_07T13_15_15.txt,True,nuagesbas,['nuagesbas'],[]
images/pyronear_ferion_4_2023_11_06T16_06_38.jpg,labels/pyronear_ferion_4_2023_11_06T16_06_38.txt,True,nuagesbas,['nuagesbas'],['soleilcouchant']
images/pyronear_salaunes_1_2_2023_09_25T06_48_03.jpg,labels/pyronear_salaunes_1_2_2023_09_25T06_48_03.txt,True,insecte,['insecte'],[]
images/pyronear_ferion_3_2023_10_19T16_53_23.jpg,labels/pyronear_ferion_3_2023_10_19T16_53_23.txt,True,brume,['brume'],[]
images/pyronear_cabanelle_1_2023_10_11T15_14_29.jpg,labels/pyronear_cabanelle_1_2023_10_11T15_14_29.txt,True,brume,['brume'],[]
images/pyronear_courmettes_1_2023_09_27T05_50_33.jpg,labels/pyronear_courmettes_1_2023_09_27T05_50_33.txt,True,glare,['glareptjaune'],[]
images/pyronear_marguerite_1_2023_08_11T15_33_13.jpg,labels/pyronear_marguerite_1_2023_08_11T15_33_13.txt,True,soleil,['soleilrayons'],[]
images/pyronear_marguerite_3_2023_09_18T07_04_53.jpg,labels/pyronear_marguerite_3_2023_09_18T07_04_53.txt,True,arbre,['arbre'],['brume']
images/pyronear_marguerite_1_2023_09_14T05_30_13.jpg,labels/pyronear_marguerite_1_2023_09_14T05_30_13.txt,True,grosnuages,['grosnuages'],[]
images/pyronear_marguerite_3_2023_09_18T09_05_57.jpg,labels/pyronear_marguerite_3_2023_09_18T09_05_57.txt,True,arbre,['arbre'],['brume']
images/pyronear_st_peray_1_2023_07_21T08_55_00.jpg,labels/pyronear_st_peray_1_2023_07_21T08_55_00.txt,True,grosnuages,['grosnuages'],[]
images/pyronear_valbonne_2_2023_11_06T15_57_16.jpg,labels/pyronear_valbonne_2_2023_11_06T15_57_16.txt,True,nuagesbas,['nuagesbas'],[]
images/pyronear_valbonne_4_2023_10_02T06_01_27.jpg,labels/pyronear_valbonne_4_2023_10_02T06_01_27.txt,True,soleil,['soleil'],['batiment']
images/pyronear_courmettes_1_2023_11_07T13_39_15.jpg,labels/pyronear_courmettes_1_2023_11_07T13_39_15.txt,True,nuagesbas,['nuagesbas'],[]
images/pyronear_courmettes_4_2023_10_20T16_04_25.jpg,labels/pyronear_courmettes_4_2023_10_20T16_04_25.txt,True,grosnuages,['grosnuages'],"['antenne', 'soleilcontrejour']"
images/pyronear_valbonne_4_2023_10_29T08_57_49.jpg,labels/pyronear_valbonne_4_2023_10_29T08_57_49.txt,True,nuagesbas,['nuagesbas'],[]
images/pyronear_salaunes_2_2_2023_09_03T05_15_01.jpg,labels/pyronear_salaunes_2_2_2023_09_03T05_15_01.txt,True,panneausolaire,['panneausolaire'],[]
images/pyronear_valbonne_3_2023_10_20T11_18_13.jpg,labels/pyronear_valbonne_3_2023_10_20T11_18_13.txt,True,nuagesbas,['nuagesbas'],[]
images/pyronear_marguerite_3_2023_09_18T08_03_25.jpg,labels/pyronear_marguerite_3_2023_09_18T08_03_25.txt,True,arbre,['arbre'],['brume']
images/pyronear_salaunes_2_1_2023_08_27T09_19_07.jpg,labels/pyronear_salaunes_2_1_2023_08_27T09_19_07.txt,True,grosnuages,['grosnuages'],[]
images/pyronear_salaunes_2_1_2023_08_27T09_50_37.jpg,labels/pyronear_salaunes_2_1_2023_08_27T09_50_37.txt,True,grosnuages,['grosnuages'],[]
images/pyronear_marguerite_4_2023_09_18T08_09_32.jpg,labels/pyronear_marguerite_4_2023_09_18T08_09_32.txt,True,tache,"['batiment', 'tache']","['brume', 'pluie']"
images/pyronear_courmettes_1_2023_11_07T06_26_03.jpg,labels/pyronear_courmettes_1_2023_11_07T06_26_03.txt,True,glare,['glaresoleilptrouge'],['soleilcouchant']
images/pyronear_valbonne_4_2023_10_08T06_03_24.jpg,labels/pyronear_valbonne_4_2023_10_08T06_03_24.txt,True,soleil,['soleil'],['batiment']
images/pyronear_cabanelle_1_2023_10_10T15_08_21.jpg,labels/pyronear_cabanelle_1_2023_10_10T15_08_21.txt,True,grosnuages,"['grosnuages', 'nuagesbas']",[]
images/pyronear_courmettes_1_2023_11_04T06_26_29.jpg,labels/pyronear_courmettes_1_2023_11_04T06_26_29.txt,True,glare,['glaresoleilptrouge'],['soleilcouchant']
images/pyronear_st_peray_1_2023_07_26T12_50_53.jpg,labels/pyronear_st_peray_1_2023_07_26T12_50_53.txt,True,grosnuages,['grosnuages'],[]
images/pyronear_st_peray_1_2023_07_21T08_51_00.jpg,labels/pyronear_st_peray_1_2023_07_21T08_51_00.txt,True,grosnuages,['grosnuages'],[]
images/pyronear_courmettes_1_2023_09_26T04_54_41.jpg,labels/pyronear_courmettes_1_2023_09_26T04_54_41.txt,True,soleil,"['refletslac', 'soleil']",['soleilcouchant']
images/pyronear_courmettes_1_2023_09_27T05_30_35.jpg,labels/pyronear_courmettes_1_2023_09_27T05_30_35.txt,True,soleil,['soleil'],[]
images/pyronear_brison_2_2023_09_21T09_57_27.jpg,labels/pyronear_brison_2_2023_09_21T09_57_27.txt,True,brume,"['batiment', 'brume']",['brume']
images/pyronear_valbonne_4_2023_10_29T09_18_22.jpg,labels/pyronear_valbonne_4_2023_10_29T09_18_22.txt,True,nuagesbas,['nuagesbas'],[]
images/pyronear_cabanelle_1_2023_10_10T11_34_14.jpg,labels/pyronear_cabanelle_1_2023_10_10T11_34_14.txt,True,grosnuages,"['grosnuages', 'nuagesbas']",[]
images/pyronear_courmettes_2_2023_10_05T07_52_48.jpg,labels/pyronear_courmettes_2_2023_10_05T07_52_48.txt,True,soleil,['soleil'],[]
images/pyronear_courmettes_1_2023_11_07T13_06_44.jpg,labels/pyronear_courmettes_1_2023_11_07T13_06_44.txt,True,nuagesbas,['nuagesbas'],[]
images/pyronear_valbonne_3_2023_10_20T11_18_39.jpg,labels/pyronear_valbonne_3_2023_10_20T11_18_39.txt,True,nuagesbas,['nuagesbas'],[]
images/pyronear_brison_1_2023_07_24T08_47_36.jpg,labels/pyronear_brison_1_2023_07_24T08_47_36.txt,True,tache,['tachenoire'],[]
images/pyronear_courmettes_4_2023_11_02T11_24_40.jpg,labels/pyronear_courmettes_4_2023_11_02T11_24_40.txt,True,arbre,['arbre'],['brume']
images/pyronear_salaunes_1_2_2023_08_15T08_14_52.jpg,labels/pyronear_salaunes_1_2_2023_08_15T08_14_52.txt,True,pluie,['pluie'],[]
images/pyronear_brison_2_2023_09_21T05_53_19.jpg,labels/pyronear_brison_2_2023_09_21T05_53_19.txt,True,brume,"['batiment', 'brume']",['brume']
images/pyronear_brison_2_2023_10_29T06_25_59.jpg,labels/pyronear_brison_2_2023_10_29T06_25_59.txt,True,brume,"['batiment', 'brume']",['brume']
images/pyronear_ferion_3_2023_10_18T07_24_46.jpg,labels/pyronear_ferion_3_2023_10_18T07_24_46.txt,True,brume,['brume'],[]
images/pyronear_brison_2_2023_10_19T09_29_08.jpg,labels/pyronear_brison_2_2023_10_19T09_29_08.txt,True,brume,"['batiment', 'brume']",['brume']
images/pyronear_brison_1_2023_07_11T04_16_12.jpg,labels/pyronear_brison_1_2023_07_11T04_16_12.txt,True,soleil,['soleil'],[]
images/pyronear_ferion_2_2023_10_17T14_34_36.jpg,labels/pyronear_ferion_2_2023_10_17T14_34_36.txt,True,nuagesbas,['nuagesbas'],['brume']
images/pyronear_valbonne_2_2023_11_05T15_29_38.jpg,labels/pyronear_valbonne_2_2023_11_05T15_29_38.txt,True,nuagesbas,['nuagesbas'],[]
images/pyronear_marguerite_3_2023_09_18T10_43_00.jpg,labels/pyronear_marguerite_3_2023_09_18T10_43_00.txt,True,arbre,['arbre'],['brume']
images/pyronear_courmettes_1_2023_11_07T12_47_14.jpg,labels/pyronear_courmettes_1_2023_11_07T12_47_14.txt,True,nuagesbas,['nuagesbas'],[]
images/pyronear_valbonne_2_2023_11_05T15_56_08.jpg,labels/pyronear_valbonne_2_2023_11_05T15_56_08.txt,True,nuagesbas,['nuagesbas'],[]
images/pyronear_salaunes_2_1_2023_08_27T08_55_05.jpg,labels/pyronear_salaunes_2_1_2023_08_27T08_55_05.txt,True,grosnuages,['grosnuages'],[]
images/pyronear_valbonne_4_2023_10_02T05_42_26.jpg,labels/pyronear_valbonne_4_2023_10_02T05_42_26.txt,True,soleil,['soleil'],['batiment']
images/pyronear_valbonne_3_2023_10_14T17_18_44.jpg,labels/pyronear_valbonne_3_2023_10_14T17_18_44.txt,True,batiment,['batimentloin'],['soleilcouchant']
images/pyronear_courmettes_1_2023_11_03T06_24_20.jpg,labels/pyronear_courmettes_1_2023_11_03T06_24_20.txt,True,glare,['glaresoleilptrouge'],['soleilcouchant']
images/pyronear_cabanelle_1_2023_10_13T09_15_03.jpg,labels/pyronear_cabanelle_1_2023_10_13T09_15_03.txt,True,grosnuages,['grosnuages'],[]
images/pyronear_brison_3_2023_08_27T07_02_46.jpg,labels/pyronear_brison_3_2023_08_27T07_02_46.txt,True,grosnuages,['grosnuages'],['brume']
images/pyronear_brison_2_2023_10_19T09_30_08.jpg,labels/pyronear_brison_2_2023_10_19T09_30_08.txt,True,brume,"['batiment', 'brume']",['brume']
images/pyronear_brison_3_2023_06_14T08_28_04.jpg,labels/pyronear_brison_3_2023_06_14T08_28_04.txt,True,grosnuages,['grosnuages'],['brume']
images/pyronear_ferion_4_2023_11_06T15_32_37.jpg,labels/pyronear_ferion_4_2023_11_06T15_32_37.txt,True,nuagesbas,['nuagesbas'],['soleilcouchant']
images/pyronear_courmettes_1_2023_09_27T06_08_05.jpg,labels/pyronear_courmettes_1_2023_09_27T06_08_05.txt,True,glare,['glaretache'],[]
images/pyronear_salaunes_1_4_2023_10_04T17_20_47.jpg,labels/pyronear_salaunes_1_4_2023_10_04T17_20_47.txt,True,glare,['glareptjaune'],[]
images/pyronear_ferion_2_2023_11_07T07_02_13.jpg,labels/pyronear_ferion_2_2023_11_07T07_02_13.txt,True,glare,"['glare', 'tache']",[]
images/pyronear_cabanelle_1_2023_10_02T05_03_31.jpg,labels/pyronear_cabanelle_1_2023_10_02T05_03_31.txt,True,soleil,['soleil'],[]
images/pyronear_valbonne_2_2023_11_05T14_48_36.jpg,labels/pyronear_valbonne_2_2023_11_05T14_48_36.txt,True,nuagesbas,['nuagesbas'],[]
images/pyronear_marguerite_3_2023_09_18T09_20_27.jpg,labels/pyronear_marguerite_3_2023_09_18T09_20_27.txt,True,arbre,['arbre'],['brume']
images/pyronear_cabanelle_1_2023_10_10T11_31_14.jpg,labels/pyronear_cabanelle_1_2023_10_10T11_31_14.txt,True,grosnuages,"['grosnuages', 'nuagesbas']",[]
images/pyronear_valbonne_2_2023_11_05T15_49_07.jpg,labels/pyronear_valbonne_2_2023_11_05T15_49_07.txt,True,nuagesbas,['nuagesbas'],[]
images/pyronear_brison_3_2023_09_07T06_31_01.jpg,labels/pyronear_brison_3_2023_09_07T06_31_01.txt,True,montagne,['montagne'],[]
images/pyronear_courmettes_1_2023_11_07T12_59_14.jpg,labels/pyronear_courmettes_1_2023_11_07T12_59_14.txt,True,nuagesbas,['nuagesbas'],[]
images/pyronear_marguerite_1_2023_08_10T16_02_24.jpg,labels/pyronear_marguerite_1_2023_08_10T16_02_24.txt,True,soleil,['soleilrayons'],[]
images/pyronear_brison_4_2023_08_17T07_35_14.jpg,labels/pyronear_brison_4_2023_08_17T07_35_14.txt,True,grosnuages,['grosnuages'],"['insecte', 'tache']"
images/pyronear_cabanelle_1_2023_10_11T15_26_59.jpg,labels/pyronear_cabanelle_1_2023_10_11T15_26_59.txt,True,brume,['brume'],[]
images/pyronear_valbonne_3_2023_10_20T11_02_40.jpg,labels/pyronear_valbonne_3_2023_10_20T11_02_40.txt,True,nuagesbas,['nuagesbas'],[]
images/pyronear_brison_4_2023_06_15T18_54_57.jpg,labels/pyronear_brison_4_2023_06_15T18_54_57.txt,True,glare,['glare'],[]
images/pyronear_marguerite_3_2023_09_18T05_43_45.jpg,labels/pyronear_marguerite_3_2023_09_18T05_43_45.txt,True,arbre,['arbre'],['brume']
images/pyronear_brison_2_2023_10_19T07_24_06.jpg,labels/pyronear_brison_2_2023_10_19T07_24_06.txt,True,brume,"['batiment', 'brume']",['brume']
images/pyronear_courmettes_1_2023_10_05T05_08_46.jpg,labels/pyronear_courmettes_1_2023_10_05T05_08_46.txt,True,nuagesbas,['nuagesfiligranes'],[]
images/pyronear_brison_4_2023_08_17T10_16_21.jpg,labels/pyronear_brison_4_2023_08_17T10_16_21.txt,True,grosnuages,['grosnuages'],"['insecte', 'tache']"
images/pyronear_brison_2_2023_09_27T05_47_52.jpg,labels/pyronear_brison_2_2023_09_27T05_47_52.txt,True,glare,['glare'],[]
images/pyronear_brison_2_2023_06_08T05_55_41.jpg,labels/pyronear_brison_2_2023_06_08T05_55_41.txt,True,grosnuages,['grosnuages'],['batiment']
images/pyronear_brison_2_2023_09_21T08_49_34.jpg,labels/pyronear_brison_2_2023_09_21T08_49_34.txt,True,brume,"['batiment', 'brume']",['brume']
images/pyronear_marguerite_1_2023_09_16T17_01_36.jpg,labels/pyronear_marguerite_1_2023_09_16T17_01_36.txt,True,nuagesbas,['nuagesbas'],[]
images/pyronear_courmettes_1_2023_11_07T12_29_49.jpg,labels/pyronear_courmettes_1_2023_11_07T12_29_49.txt,True,nuagesbas,['nuagesbas'],[]
images/pyronear_ferion_2_2023_10_17T14_54_07.jpg,labels/pyronear_ferion_2_2023_10_17T14_54_07.txt,True,nuagesbas,['nuagesbas'],['brume']
images/pyronear_cabanelle_1_2023_10_10T14_55_21.jpg,labels/pyronear_cabanelle_1_2023_10_10T14_55_21.txt,True,grosnuages,"['grosnuages', 'nuagesbas']",[]
images/pyronear_courmettes_4_2023_11_02T09_30_06.jpg,labels/pyronear_courmettes_4_2023_11_02T09_30_06.txt,True,arbre,['arbre'],['brume']
images/pyronear_brison_2_2023_10_19T09_37_40.jpg,labels/pyronear_brison_2_2023_10_19T09_37_40.txt,True,brume,"['batiment', 'brume']",['brume']
images/pyronear_salaunes_2_2_2023_10_31T08_12_46.jpg,labels/pyronear_salaunes_2_2_2023_10_31T08_12_46.txt,True,grosnuages,['grosnuagesrefletssoleil'],[]
images/pyronear_courmettes_1_2023_11_03T05_48_51.jpg,labels/pyronear_courmettes_1_2023_11_03T05_48_51.txt,True,zonenoire,['zonenoire'],['soleilcouchant']
images/pyronear_salaunes_2_4_2023_08_17T04_44_39.jpg,labels/pyronear_salaunes_2_4_2023_08_17T04_44_39.txt,True,tuyau,['tuyau'],['tache']
images/pyronear_ferion_2_2023_10_28T15_18_06.jpg,labels/pyronear_ferion_2_2023_10_28T15_18_06.txt,True,grosnuages,['grosnuages'],[]
images/pyronear_marguerite_3_2023_09_18T07_04_23.jpg,labels/pyronear_marguerite_3_2023_09_18T07_04_23.txt,True,arbre,['arbre'],['brume']
images/pyronear_brison_2_2023_09_21T09_18_13.jpg,labels/pyronear_brison_2_2023_09_21T09_18_13.txt,True,brume,"['batiment', 'brume']",['brume']
images/pyronear_marguerite_1_2023_09_14T05_44_15.jpg,labels/pyronear_marguerite_1_2023_09_14T05_44_15.txt,True,grosnuages,['grosnuages'],[]
images/pyronear_ferion_3_2023_10_24T15_51_30.jpg,labels/pyronear_ferion_3_2023_10_24T15_51_30.txt,True,grosnuages,"['grosnuages', 'soleilreflets']",[]
images/pyronear_brison_2_2023_09_21T09_36_59.jpg,labels/pyronear_brison_2_2023_09_21T09_36_59.txt,True,brume,"['batiment', 'brume']",['brume']
images/pyronear_valbonne_4_2023_10_24T16_29_48.jpg,labels/pyronear_valbonne_4_2023_10_24T16_29_48.txt,True,nuagesbas,['nuagesbas'],[]
images/pyronear_brison_2_2023_10_30T08_24_36.jpg,labels/pyronear_brison_2_2023_10_30T08_24_36.txt,True,brume,"['batiment', 'brume']",['brume']
images/pyronear_brison_1_2023_09_13T05_43_26.jpg,labels/pyronear_brison_1_2023_09_13T05_43_26.txt,True,nuagesbas,['nuagesbas'],[]
images/pyronear_valbonne_2_2023_11_06T15_38_44.jpg,labels/pyronear_valbonne_2_2023_11_06T15_38_44.txt,True,nuagesbas,['nuagesbas'],[]
images/pyronear_valbonne_2_2023_11_06T14_56_44.jpg,labels/pyronear_valbonne_2_2023_11_06T14_56_44.txt,True,nuagesbas,['nuagesbas'],[]
images/pyronear_brison_2_2023_09_21T08_20_24.jpg,labels/pyronear_brison_2_2023_09_21T08_20_24.txt,True,brume,"['batiment', 'brume']",['brume']
images/pyronear_salaunes_1_4_2023_09_29T17_14_54.jpg,labels/pyronear_salaunes_1_4_2023_09_29T17_14_54.txt,True,glare,['glareptjaune'],[]
images/pyronear_cabanelle_1_2023_10_10T09_13_40.jpg,labels/pyronear_cabanelle_1_2023_10_10T09_13_40.txt,True,grosnuages,"['grosnuages', 'nuagesbas']",[]
images/pyronear_brison_2_2023_09_21T09_37_57.jpg,labels/pyronear_brison_2_2023_09_21T09_37_57.txt,True,brume,"['batiment', 'brume']",['brume']
images/pyronear_salaunes_1_4_2023_10_02T17_22_49.jpg,labels/pyronear_salaunes_1_4_2023_10_02T17_22_49.txt,True,glare,['glareptjaune'],[]
images/pyronear_salaunes_1_4_2023_10_02T17_26_49.jpg,labels/pyronear_salaunes_1_4_2023_10_02T17_26_49.txt,True,glare,['glareptjaune'],[]
images/pyronear_brison_2_2023_10_30T08_25_55.jpg,labels/pyronear_brison_2_2023_10_30T08_25_55.txt,True,brume,"['batiment', 'brume']",['brume']
images/pyronear_cabanelle_1_2023_10_10T15_28_52.jpg,labels/pyronear_cabanelle_1_2023_10_10T15_28_52.txt,True,grosnuages,"['grosnuages', 'nuagesbas']",[]
images/pyronear_brison_3_2023_10_07T17_29_44.jpg,labels/pyronear_brison_3_2023_10_07T17_29_44.txt,True,zonenoire,['zonenoire'],['soleilcouchant']
images/pyronear_valbonne_2_2023_11_06T15_46_15.jpg,labels/pyronear_valbonne_2_2023_11_06T15_46_15.txt,True,nuagesbas,['nuagesbas'],[]
images/pyronear_marguerite_1_2023_08_22T14_30_44.jpg,labels/pyronear_marguerite_1_2023_08_22T14_30_44.txt,True,soleil,['soleilrayons'],[]
images/pyronear_ferion_2_2023_10_29T13_27_08.jpg,labels/pyronear_ferion_2_2023_10_29T13_27_08.txt,True,grosnuages,['grosnuages'],['brume']
images/pyronear_courmettes_2_2023_10_27T06_51_50.jpg,labels/pyronear_courmettes_2_2023_10_27T06_51_50.txt,True,glare,['glare'],[]
images/pyronear_valbonne_4_2023_10_18T08_58_41.jpg,labels/pyronear_valbonne_4_2023_10_18T08_58_41.txt,True,nuagesbas,['nuagesbas'],[]
images/pyronear_marguerite_4_2023_10_29T13_27_15.jpg,labels/pyronear_marguerite_4_2023_10_29T13_27_15.txt,True,batiment,['batiment'],"['brume', 'pluie']"
images/pyronear_courmettes_1_2023_09_27T05_33_32.jpg,labels/pyronear_courmettes_1_2023_09_27T05_33_32.txt,True,soleil,['soleil'],[]
images/pyronear_cabanelle_1_2023_10_13T08_44_32.jpg,labels/pyronear_cabanelle_1_2023_10_13T08_44_32.txt,True,grosnuages,['grosnuages'],[]
images/pyronear_courmettes_1_2023_11_07T06_33_01.jpg,labels/pyronear_courmettes_1_2023_11_07T06_33_01.txt,True,glare,['glaresoleilptrouge'],['soleilcouchant']
images/pyronear_brison_2_2023_10_30T06_57_23.jpg,labels/pyronear_brison_2_2023_10_30T06_57_23.txt,True,brume,"['batiment', 'brume']",['brume']
images/pyronear_cabanelle_1_2023_10_10T09_00_41.jpg,labels/pyronear_cabanelle_1_2023_10_10T09_00_41.txt,True,grosnuages,"['grosnuages', 'nuagesbas']",[]
images/pyronear_valbonne_4_2023_10_01T05_51_18.jpg,labels/pyronear_valbonne_4_2023_10_01T05_51_18.txt,True,soleil,['soleil'],['batiment']
images/pyronear_marguerite_3_2023_09_18T10_40_30.jpg,labels/pyronear_marguerite_3_2023_09_18T10_40_30.txt,True,arbre,['arbre'],['brume']
images/pyronear_marguerite_3_2023_09_18T08_48_05.jpg,labels/pyronear_marguerite_3_2023_09_18T08_48_05.txt,True,arbre,['arbre'],['brume']
images/pyronear_brison_3_2023_09_22T05_56_11.jpg,labels/pyronear_brison_3_2023_09_22T05_56_11.txt,True,nuagesbas,['nuagesbas'],[]
images/pyronear_marguerite_3_2023_09_18T05_54_46.jpg,labels/pyronear_marguerite_3_2023_09_18T05_54_46.txt,True,arbre,['arbre'],['brume']
images/pyronear_cabanelle_1_2023_10_13T08_56_03.jpg,labels/pyronear_cabanelle_1_2023_10_13T08_56_03.txt,True,grosnuages,['grosnuages'],[]
images/pyronear_valbonne_4_2023_10_01T06_00_17.jpg,labels/pyronear_valbonne_4_2023_10_01T06_00_17.txt,True,soleil,['soleil'],['batiment']
images/pyronear_salaunes_1_4_2023_09_29T17_18_54.jpg,labels/pyronear_salaunes_1_4_2023_09_29T17_18_54.txt,True,glare,['glareptjaune'],[]
images/pyronear_ferion_2_2023_10_28T15_15_08.jpg,labels/pyronear_ferion_2_2023_10_28T15_15_08.txt,True,grosnuages,['grosnuages'],[]
images/pyronear_marguerite_2_2023_09_01T18_24_33.jpg,labels/pyronear_marguerite_2_2023_09_01T18_24_33.txt,True,nuagesbas,['nuagesbas'],['soleilcouchant']
images/pyronear_valbonne_2_2023_11_07T14_33_20.jpg,labels/pyronear_valbonne_2_2023_11_07T14_33_20.txt,True,nuagesbas,['nuagesbas'],[]
images/pyronear_courmettes_4_2023_11_02T10_01_08.jpg,labels/pyronear_courmettes_4_2023_11_02T10_01_08.txt,True,arbre,['arbre'],['brume']
images/pyronear_brison_2_2023_10_19T17_02_21.jpg,labels/pyronear_brison_2_2023_10_19T17_02_21.txt,True,brume,"['batiment', 'brume']",['brume']
images/pyronear_cabanelle_1_2023_10_10T11_25_44.jpg,labels/pyronear_cabanelle_1_2023_10_10T11_25_44.txt,True,grosnuages,"['grosnuages', 'nuagesbas']",[]
images/pyronear_brison_4_2023_06_27T18_55_10.jpg,labels/pyronear_brison_4_2023_06_27T18_55_10.txt,True,glare,['glare'],[]
images/pyronear_valbonne_2_2023_11_05T14_42_05.jpg,labels/pyronear_valbonne_2_2023_11_05T14_42_05.txt,True,nuagesbas,['nuagesbas'],[]
images/pyronear_valbonne_2_2023_11_05T15_53_07.jpg,labels/pyronear_valbonne_2_2023_11_05T15_53_07.txt,True,nuagesbas,['nuagesbas'],[]
images/pyronear_ferion_3_2023_10_19T16_55_53.jpg,labels/pyronear_ferion_3_2023_10_19T16_55_53.txt,True,brume,['brume'],[]
images/pyronear_ferion_2_2023_10_28T15_15_36.jpg,labels/pyronear_ferion_2_2023_10_28T15_15_36.txt,True,grosnuages,['grosnuages'],[]
images/pyronear_courmettes_1_2023_11_04T06_30_29.jpg,labels/pyronear_courmettes_1_2023_11_04T06_30_29.txt,True,glare,['glaresoleilptrouge'],['soleilcouchant']
images/pyronear_courmettes_4_2023_10_20T16_13_54.jpg,labels/pyronear_courmettes_4_2023_10_20T16_13_54.txt,True,grosnuages,['grosnuages'],"['antenne', 'soleilcontrejour']"
images/pyronear_brison_2_2023_10_30T07_53_54.jpg,labels/pyronear_brison_2_2023_10_30T07_53_54.txt,True,brume,"['batiment', 'brume']",['brume']
images/pyronear_valbonne_2_2023_11_06T15_12_16.jpg,labels/pyronear_valbonne_2_2023_11_06T15_12_16.txt,True,nuagesbas,['nuagesbas'],[]
images/pyronear_valbonne_4_2023_10_24T16_28_54.jpg,labels/pyronear_valbonne_4_2023_10_24T16_28_54.txt,True,nuagesbas,['nuagesbas'],[]
images/pyronear_courmettes_2_2023_10_26T06_55_21.jpg,labels/pyronear_courmettes_2_2023_10_26T06_55_21.txt,True,glare,['glare'],[]
images/pyronear_valbonne_4_2023_10_29T07_26_49.jpg,labels/pyronear_valbonne_4_2023_10_29T07_26_49.txt,True,nuagesbas,['nuagesbas'],[]
images/pyronear_marguerite_1_2023_09_14T05_35_43.jpg,labels/pyronear_marguerite_1_2023_09_14T05_35_43.txt,True,grosnuages,['grosnuages'],[]
images/pyronear_brison_2_2023_09_18T08_59_49.jpg,labels/pyronear_brison_2_2023_09_18T08_59_49.txt,True,brume,"['batiment', 'brume']",['brume']
images/pyronear_cabanelle_1_2023_10_10T09_06_40.jpg,labels/pyronear_cabanelle_1_2023_10_10T09_06_40.txt,True,grosnuages,"['grosnuages', 'nuagesbas']",[]
images/pyronear_cabanelle_2_2023_10_04T06_23_00.jpg,labels/pyronear_cabanelle_2_2023_10_04T06_23_00.txt,True,soleil,"['refletslac', 'soleil']",[]
images/pyronear_brison_4_2023_07_30T06_00_37.jpg,labels/pyronear_brison_4_2023_07_30T06_00_37.txt,True,nuagesbas,['nuagesbas'],[]
images/pyronear_marguerite_3_2023_09_18T08_48_27.jpg,labels/pyronear_marguerite_3_2023_09_18T08_48_27.txt,True,arbre,['arbre'],['brume']
images/pyronear_marguerite_1_2023_08_09T18_49_49.jpg,labels/pyronear_marguerite_1_2023_08_09T18_49_49.txt,True,soleil,['soleil'],[]
images/pyronear_ferion_2_2023_11_07T07_05_05.jpg,labels/pyronear_ferion_2_2023_11_07T07_05_05.txt,True,glare,"['glare', 'tache']",[]
images/pyronear_brison_3_2023_09_25T18_02_17.jpg,labels/pyronear_brison_3_2023_09_25T18_02_17.txt,True,glare,['glareptrouge'],['soleilcouchant']
images/pyronear_marguerite_4_2023_10_26T10_53_43.jpg,labels/pyronear_marguerite_4_2023_10_26T10_53_43.txt,True,batiment,['batiment'],"['brume', 'pluie']"
images/pyronear_marguerite_3_2023_09_18T09_29_23.jpg,labels/pyronear_marguerite_3_2023_09_18T09_29_23.txt,True,arbre,['arbre'],['brume']
images/pyronear_salaunes_1_4_2023_09_29T17_22_53.jpg,labels/pyronear_salaunes_1_4_2023_09_29T17_22_53.txt,True,glare,['glareptjaune'],[]
images/pyronear_valbonne_2_2023_11_06T15_13_14.jpg,labels/pyronear_valbonne_2_2023_11_06T15_13_14.txt,True,nuagesbas,['nuagesbas'],[]
images/pyronear_brison_2_2023_09_21T12_54_56.jpg,labels/pyronear_brison_2_2023_09_21T12_54_56.txt,True,brume,"['batiment', 'brume']",['brume']
images/pyronear_brison_2_2023_10_19T07_40_34.jpg,labels/pyronear_brison_2_2023_10_19T07_40_34.txt,True,brume,"['batiment', 'brume']",['brume']
images/pyronear_courmettes_4_2023_11_02T11_11_10.jpg,labels/pyronear_courmettes_4_2023_11_02T11_11_10.txt,True,arbre,['arbre'],['brume']
images/pyronear_courmettes_2_2023_11_04T06_54_32.jpg,labels/pyronear_courmettes_2_2023_11_04T06_54_32.txt,True,glare,['glare'],[]
images/pyronear_cabanelle_1_2023_10_07T13_54_30.jpg,labels/pyronear_cabanelle_1_2023_10_07T13_54_30.txt,True,nuagesbas,['nuagesbas'],[]
images/pyronear_brison_2_2023_09_24T05_58_42.jpg,labels/pyronear_brison_2_2023_09_24T05_58_42.txt,True,glare,['glare'],[]
images/pyronear_courmettes_1_2023_09_27T05_51_33.jpg,labels/pyronear_courmettes_1_2023_09_27T05_51_33.txt,True,glare,['glareptjaune'],[]
images/pyronear_ferion_2_2023_10_28T15_14_35.jpg,labels/pyronear_ferion_2_2023_10_28T15_14_35.txt,True,grosnuages,['grosnuages'],[]
images/pyronear_valbonne_4_2023_10_01T05_52_48.jpg,labels/pyronear_valbonne_4_2023_10_01T05_52_48.txt,True,soleil,['soleil'],['batiment']
images/pyronear_marguerite_4_2023_10_29T13_23_19.jpg,labels/pyronear_marguerite_4_2023_10_29T13_23_19.txt,True,batiment,['batiment'],"['brume', 'pluie']"
images/pyronear_brison_2_2023_09_21T10_04_19.jpg,labels/pyronear_brison_2_2023_09_21T10_04_19.txt,True,brume,"['batiment', 'brume']",['brume']
images/pyronear_brison_2_2023_10_30T13_43_49.jpg,labels/pyronear_brison_2_2023_10_30T13_43_49.txt,True,brume,"['batiment', 'brume']",['brume']
images/pyronear_brison_3_2023_09_30T15_32_54.jpg,labels/pyronear_brison_3_2023_09_30T15_32_54.txt,True,montagne,['montagne'],[]
images/pyronear_ferion_2_2023_10_27T06_52_29.jpg,labels/pyronear_ferion_2_2023_10_27T06_52_29.txt,True,glare,['glare'],[]
images/pyronear_courmettes_1_2023_10_05T05_10_09.jpg,labels/pyronear_courmettes_1_2023_10_05T05_10_09.txt,True,nuagesbas,['nuagesfiligranes'],[]
images/pyronear_marguerite_3_2023_09_18T10_37_02.jpg,labels/pyronear_marguerite_3_2023_09_18T10_37_02.txt,True,arbre,['arbre'],['brume']
images/pyronear_brison_2_2023_11_01T10_50_15.jpg,labels/pyronear_brison_2_2023_11_01T10_50_15.txt,True,brume,"['batiment', 'brume']",['brume']
images/pyronear_ferion_2_2023_10_27T06_52_00.jpg,labels/pyronear_ferion_2_2023_10_27T06_52_00.txt,True,glare,['glare'],[]
images/pyronear_brison_1_2023_07_24T08_46_05.jpg,labels/pyronear_brison_1_2023_07_24T08_46_05.txt,True,tache,['tachenoire'],[]
images/pyronear_st_peray_1_2023_07_21T08_44_00.jpg,labels/pyronear_st_peray_1_2023_07_21T08_44_00.txt,True,grosnuages,['grosnuages'],[]
images/pyronear_salaunes_1_1_2023_11_03T15_32_05.jpg,labels/pyronear_salaunes_1_1_2023_11_03T15_32_05.txt,True,grosnuages,['grosnuages'],[]
images/pyronear_brison_3_2023_09_22T05_28_10.jpg,labels/pyronear_brison_3_2023_09_22T05_28_10.txt,True,nuagesbas,['nuagesbas'],[]
images/pyronear_valbonne_3_2023_10_13T17_13_23.jpg,labels/pyronear_valbonne_3_2023_10_13T17_13_23.txt,True,batiment,['batimentloin'],['soleilcouchant']
images/pyronear_salaunes_2_4_2023_08_19T05_44_05.jpg,labels/pyronear_salaunes_2_4_2023_08_19T05_44_05.txt,True,tuyau,['tuyau'],[]
images/pyronear_brison_2_2023_09_18T08_59_56.jpg,labels/pyronear_brison_2_2023_09_18T08_59_56.txt,True,brume,"['batiment', 'brume']",['brume']
images/pyronear_valbonne_4_2023_10_01T05_47_16.jpg,labels/pyronear_valbonne_4_2023_10_01T05_47_16.txt,True,soleil,['soleil'],['batiment']
images/pyronear_brison_2_2023_10_19T09_09_40.jpg,labels/pyronear_brison_2_2023_10_19T09_09_40.txt,True,brume,"['batiment', 'brume']",['brume']
images/pyronear_brison_2_2023_10_30T07_49_54.jpg,labels/pyronear_brison_2_2023_10_30T07_49_54.txt,True,brume,"['batiment', 'brume']",['brume']
images/pyronear_marguerite_1_2023_09_14T05_54_15.jpg,labels/pyronear_marguerite_1_2023_09_14T05_54_15.txt,True,grosnuages,['grosnuages'],[]
images/pyronear_brison_2_2023_10_30T08_02_25.jpg,labels/pyronear_brison_2_2023_10_30T08_02_25.txt,True,brume,"['batiment', 'brume']",['brume']
images/pyronear_brison_3_2023_09_25T18_03_42.jpg,labels/pyronear_brison_3_2023_09_25T18_03_42.txt,True,glare,['glareptrouge'],['soleilcouchant']
images/pyronear_valbonne_2_2023_11_05T14_45_05.jpg,labels/pyronear_valbonne_2_2023_11_05T14_45_05.txt,True,nuagesbas,['nuagesbas'],[]
images/pyronear_courmettes_1_2023_09_29T06_23_44.jpg,labels/pyronear_courmettes_1_2023_09_29T06_23_44.txt,True,glare,"['glaretacherouge', 'soleilrefletslac']",[]
images/pyronear_st_peray_1_2023_07_21T08_55_30.jpg,labels/pyronear_st_peray_1_2023_07_21T08_55_30.txt,True,grosnuages,['grosnuages'],[]
images/pyronear_brison_4_2023_08_17T07_34_45.jpg,labels/pyronear_brison_4_2023_08_17T07_34_45.txt,True,grosnuages,['grosnuages'],"['insecte', 'tache']"
images/pyronear_valbonne_2_2023_11_05T15_28_07.jpg,labels/pyronear_valbonne_2_2023_11_05T15_28_07.txt,True,nuagesbas,['nuagesbas'],[]
images/pyronear_brison_2_2023_09_22T08_46_13.jpg,labels/pyronear_brison_2_2023_09_22T08_46_13.txt,True,nuagesbas,['nuagesbas'],['batiment']
images/pyronear_brison_2_2023_10_19T09_17_08.jpg,labels/pyronear_brison_2_2023_10_19T09_17_08.txt,True,brume,"['batiment', 'brume']",['brume']
images/pyronear_courmettes_4_2023_11_02T10_07_08.jpg,labels/pyronear_courmettes_4_2023_11_02T10_07_08.txt,True,arbre,['arbre'],['brume']
images/pyronear_brison_2_2023_10_29T06_06_06.jpg,labels/pyronear_brison_2_2023_10_29T06_06_06.txt,True,brume,"['batiment', 'brume']",['brume']
images/pyronear_cabanelle_2_2023_10_01T06_35_38.jpg,labels/pyronear_cabanelle_2_2023_10_01T06_35_38.txt,True,soleil,"['glare', 'refletslac', 'soleil', 'tacherouge']",[]
images/pyronear_courmettes_2_2023_10_06T07_12_11.jpg,labels/pyronear_courmettes_2_2023_10_06T07_12_11.txt,True,soleil,['soleil'],[]
images/pyronear_courmettes_4_2023_09_29T17_03_46.jpg,labels/pyronear_courmettes_4_2023_09_29T17_03_46.txt,True,soleil,['soleil'],['batiment']
images/pyronear_courmettes_1_2023_09_29T06_14_14.jpg,labels/pyronear_courmettes_1_2023_09_29T06_14_14.txt,True,glare,"['glaretacherouge', 'soleilrefletslac']",[]
images/pyronear_ferion_3_2023_10_19T15_46_51.jpg,labels/pyronear_ferion_3_2023_10_19T15_46_51.txt,True,brume,['brume'],[]
images/pyronear_marguerite_3_2023_09_18T07_43_27.jpg,labels/pyronear_marguerite_3_2023_09_18T07_43_27.txt,True,arbre,['arbre'],['brume']
images/pyronear_cabanelle_1_2023_10_02T05_03_30.jpg,labels/pyronear_cabanelle_1_2023_10_02T05_03_30.txt,True,soleil,['soleil'],[]
images/pyronear_brison_1_2023_06_13T06_15_41.jpg,labels/pyronear_brison_1_2023_06_13T06_15_41.txt,True,grosnuages,['grosnuages'],[]
images/pyronear_salaunes_2_1_2023_08_28T17_53_20.jpg,labels/pyronear_salaunes_2_1_2023_08_28T17_53_20.txt,True,grosnuages,['grosnuagesrefletssoleil'],[]
images/pyronear_ferion_3_2023_10_19T15_49_51.jpg,labels/pyronear_ferion_3_2023_10_19T15_49_51.txt,True,brume,['brume'],[]
images/pyronear_salaunes_2_2_2023_09_03T05_13_01.jpg,labels/pyronear_salaunes_2_2_2023_09_03T05_13_01.txt,True,panneausolaire,['panneausolaire'],[]
images/pyronear_brison_2_2023_10_30T09_14_01.jpg,labels/pyronear_brison_2_2023_10_30T09_14_01.txt,True,brume,"['batiment', 'brume']",['brume']
images/pyronear_brison_3_2023_06_08T05_31_13.jpg,labels/pyronear_brison_3_2023_06_08T05_31_13.txt,True,grosnuages,['grosnuages'],[]
images/pyronear_marguerite_3_2023_09_18T08_16_25.jpg,labels/pyronear_marguerite_3_2023_09_18T08_16_25.txt,True,arbre,['arbre'],['brume']
images/pyronear_brison_4_2023_08_17T10_10_54.jpg,labels/pyronear_brison_4_2023_08_17T10_10_54.txt,True,grosnuages,['grosnuages'],"['insecte', 'tache']"
images/pyronear_valbonne_4_2023_10_31T06_08_48.jpg,labels/pyronear_valbonne_4_2023_10_31T06_08_48.txt,True,nuagesbas,['nuagesbas'],[]
images/pyronear_valbonne_2_2023_11_05T14_35_07.jpg,labels/pyronear_valbonne_2_2023_11_05T14_35_07.txt,True,nuagesbas,['nuagesbas'],[]
images/pyronear_salaunes_2_1_2023_11_05T10_29_51.jpg,labels/pyronear_salaunes_2_1_2023_11_05T10_29_51.txt,True,grosnuages,['grosnuagesrefletssoleil'],[]
images/pyronear_brison_2_2023_09_18T16_55_59.jpg,labels/pyronear_brison_2_2023_09_18T16_55_59.txt,True,grosnuages,['grosnuages'],['batiment']
images/pyronear_valbonne_3_2023_10_13T17_15_26.jpg,labels/pyronear_valbonne_3_2023_10_13T17_15_26.txt,True,batiment,['batimentloin'],['soleilcouchant']
images/pyronear_brison_4_2023_06_10T12_38_34.jpg,labels/pyronear_brison_4_2023_06_10T12_38_34.txt,True,brume,['brume'],[]
images/pyronear_marguerite_3_2023_09_18T07_01_23.jpg,labels/pyronear_marguerite_3_2023_09_18T07_01_23.txt,True,arbre,['arbre'],['brume']
images/pyronear_brison_4_2023_08_17T07_28_42.jpg,labels/pyronear_brison_4_2023_08_17T07_28_42.txt,True,grosnuages,['grosnuages'],"['insecte', 'tache']"
images/pyronear_brison_4_2023_10_28T06_00_21.jpg,labels/pyronear_brison_4_2023_10_28T06_00_21.txt,True,nuagesbas,['nuagesbas'],[]
images/pyronear_marguerite_3_2023_09_18T07_12_54.jpg,labels/pyronear_marguerite_3_2023_09_18T07_12_54.txt,True,arbre,['arbre'],['brume']
images/pyronear_courmettes_4_2023_10_20T16_05_54.jpg,labels/pyronear_courmettes_4_2023_10_20T16_05_54.txt,True,grosnuages,['grosnuages'],"['antenne', 'soleilcontrejour']"
images/pyronear_courmettes_2_2023_10_24T14_40_21.jpg,labels/pyronear_courmettes_2_2023_10_24T14_40_21.txt,True,grosnuages,['grosnuages'],[]
images/pyronear_valbonne_4_2023_10_29T09_40_51.jpg,labels/pyronear_valbonne_4_2023_10_29T09_40_51.txt,True,nuagesbas,['nuagesbas'],[]
images/pyronear_courmettes_1_2023_11_03T06_19_20.jpg,labels/pyronear_courmettes_1_2023_11_03T06_19_20.txt,True,glare,['glaresoleilptrouge'],['soleilcouchant']
images/pyronear_brison_1_2023_07_24T16_50_44.jpg,labels/pyronear_brison_1_2023_07_24T16_50_44.txt,True,tache,['tachenoire'],[]
images/pyronear_valbonne_4_2023_10_01T06_06_46.jpg,labels/pyronear_valbonne_4_2023_10_01T06_06_46.txt,True,soleil,['soleil'],['batiment']
images/pyronear_marguerite_1_2023_09_14T05_32_13.jpg,labels/pyronear_marguerite_1_2023_09_14T05_32_13.txt,True,grosnuages,['grosnuages'],[]
images/pyronear_courmettes_4_2023_10_14T16_36_59.jpg,labels/pyronear_courmettes_4_2023_10_14T16_36_59.txt,True,soleil,['soleil'],['soleilcouchant']
images/pyronear_brison_2_2023_10_30T13_46_28.jpg,labels/pyronear_brison_2_2023_10_30T13_46_28.txt,True,brume,"['batiment', 'brume']",['brume']
images/pyronear_cabanelle_1_2023_10_10T14_46_50.jpg,labels/pyronear_cabanelle_1_2023_10_10T14_46_50.txt,True,grosnuages,"['grosnuages', 'nuagesbas']",[]
images/pyronear_valbonne_2_2023_11_05T15_10_06.jpg,labels/pyronear_valbonne_2_2023_11_05T15_10_06.txt,True,nuagesbas,['nuagesbas'],[]
images/pyronear_courmettes_4_2023_10_03T17_12_55.jpg,labels/pyronear_courmettes_4_2023_10_03T17_12_55.txt,True,nuagesbas,['nuagesbas'],"['antenne', 'soleilcouchant']"
images/pyronear_marguerite_3_2023_06_09T08_55_32.jpg,labels/pyronear_marguerite_3_2023_06_09T08_55_32.txt,True,arbre,['arbre'],['brume']
images/pyronear_courmettes_4_2023_11_02T09_37_38.jpg,labels/pyronear_courmettes_4_2023_11_02T09_37_38.txt,True,arbre,['arbre'],['brume']
images/pyronear_cabanelle_1_2023_10_10T14_55_51.jpg,labels/pyronear_cabanelle_1_2023_10_10T14_55_51.txt,True,grosnuages,"['grosnuages', 'nuagesbas']",[]
images/pyronear_valbonne_3_2023_09_30T17_43_04.jpg,labels/pyronear_valbonne_3_2023_09_30T17_43_04.txt,True,batiment,['batimentloin'],['soleilcouchant']
images/pyronear_marguerite_3_2023_09_18T08_52_27.jpg,labels/pyronear_marguerite_3_2023_09_18T08_52_27.txt,True,arbre,['arbre'],['brume']
images/pyronear_brison_2_2023_09_18T08_35_46.jpg,labels/pyronear_brison_2_2023_09_18T08_35_46.txt,True,brume,"['batiment', 'brume']",['brume']
images/pyronear_ferion_2_2023_11_06T06_43_09.jpg,labels/pyronear_ferion_2_2023_11_06T06_43_09.txt,True,glare,"['glare', 'tache']",[]
images/pyronear_brison_3_2023_08_29T06_17_14.jpg,labels/pyronear_brison_3_2023_08_29T06_17_14.txt,True,montagne,['montagne'],[]
images/pyronear_salaunes_2_1_2023_08_27T09_54_37.jpg,labels/pyronear_salaunes_2_1_2023_08_27T09_54_37.txt,True,grosnuages,['grosnuages'],[]
images/pyronear_valbonne_3_2023_10_13T17_22_52.jpg,labels/pyronear_valbonne_3_2023_10_13T17_22_52.txt,True,batiment,['batimentloin'],['soleilcouchant']
images/pyronear_courmettes_1_2023_11_07T13_52_15.jpg,labels/pyronear_courmettes_1_2023_11_07T13_52_15.txt,True,nuagesbas,['nuagesbas'],[]
images/pyronear_brison_2_2023_10_19T08_23_36.jpg,labels/pyronear_brison_2_2023_10_19T08_23_36.txt,True,brume,"['batiment', 'brume']",['brume']
images/pyronear_brison_2_2023_11_01T10_05_14.jpg,labels/pyronear_brison_2_2023_11_01T10_05_14.txt,True,brume,"['batiment', 'brume']",['brume']
images/pyronear_ferion_2_2023_10_29T15_34_08.jpg,labels/pyronear_ferion_2_2023_10_29T15_34_08.txt,True,grosnuages,['grosnuages'],[]
images/pyronear_courmettes_1_2023_09_27T06_22_05.jpg,labels/pyronear_courmettes_1_2023_09_27T06_22_05.txt,True,soleil,"['glare', 'refletslac', 'soleil', 'tacherouge']",[]
images/pyronear_salaunes_2_1_2023_08_27T08_57_36.jpg,labels/pyronear_salaunes_2_1_2023_08_27T08_57_36.txt,True,grosnuages,['grosnuages'],[]
images/pyronear_brison_4_2023_06_19T19_06_52.jpg,labels/pyronear_brison_4_2023_06_19T19_06_52.txt,True,glare,['glareptjaune'],[]
images/pyronear_courmettes_1_2023_09_26T04_51_41.jpg,labels/pyronear_courmettes_1_2023_09_26T04_51_41.txt,True,soleil,"['refletslac', 'soleil']",['soleilcouchant']
images/pyronear_marguerite_1_2023_08_22T15_49_55.jpg,labels/pyronear_marguerite_1_2023_08_22T15_49_55.txt,True,soleil,['soleilrayons'],[]
images/pyronear_brison_1_2023_09_13T06_21_52.jpg,labels/pyronear_brison_1_2023_09_13T06_21_52.txt,True,nuagesbas,['nuagesbas'],[]
images/pyronear_brison_4_2023_06_23T18_58_02.jpg,labels/pyronear_brison_4_2023_06_23T18_58_02.txt,True,glare,['glare'],[]
images/pyronear_brison_2_2023_10_19T07_24_07.jpg,labels/pyronear_brison_2_2023_10_19T07_24_07.txt,True,brume,"['batiment', 'brume']",['brume']
images/pyronear_brison_2_2023_07_09T05_47_45.jpg,labels/pyronear_brison_2_2023_07_09T05_47_45.txt,True,glare,['glare'],[]
images/pyronear_brison_2_2023_09_21T08_23_55.jpg,labels/pyronear_brison_2_2023_09_21T08_23_55.txt,True,brume,"['batiment', 'brume']",['brume']
images/pyronear_brison_4_2023_08_17T08_30_17.jpg,labels/pyronear_brison_4_2023_08_17T08_30_17.txt,True,grosnuages,['grosnuages'],"['insecte', 'tache']"
images/pyronear_brison_2_2023_10_09T05_53_06.jpg,labels/pyronear_brison_2_2023_10_09T05_53_06.txt,True,soleil,['soleil'],['batiment']
images/pyronear_cabanelle_1_2023_10_13T08_34_32.jpg,labels/pyronear_cabanelle_1_2023_10_13T08_34_32.txt,True,grosnuages,['grosnuages'],[]
images/pyronear_brison_2_2023_10_30T13_45_42.jpg,labels/pyronear_brison_2_2023_10_30T13_45_42.txt,True,brume,"['batiment', 'brume']",['brume']
images/pyronear_brison_4_2023_07_31T04_55_38.jpg,labels/pyronear_brison_4_2023_07_31T04_55_38.txt,True,nuagesbas,['nuagesbas'],[]
images/pyronear_salaunes_2_1_2023_08_27T18_16_01.jpg,labels/pyronear_salaunes_2_1_2023_08_27T18_16_01.txt,True,grosnuages,['grosnuages'],[]
images/pyronear_courmettes_1_2023_11_07T13_48_45.jpg,labels/pyronear_courmettes_1_2023_11_07T13_48_45.txt,True,nuagesbas,['nuagesbas'],[]
images/pyronear_brison_2_2023_10_30T13_42_05.jpg,labels/pyronear_brison_2_2023_10_30T13_42_05.txt,True,brume,"['batiment', 'brume']",['brume']
images/pyronear_ferion_3_2023_10_20T13_28_40.jpg,labels/pyronear_ferion_3_2023_10_20T13_28_40.txt,True,brume,['brume'],[]
images/pyronear_courmettes_4_2023_10_03T17_28_55.jpg,labels/pyronear_courmettes_4_2023_10_03T17_28_55.txt,True,nuagesbas,['nuagesbas'],"['antenne', 'soleilcouchant']"
images/pyronear_valbonne_2_2023_11_05T15_33_37.jpg,labels/pyronear_valbonne_2_2023_11_05T15_33_37.txt,True,nuagesbas,['nuagesbas'],[]
images/pyronear_brison_2_2023_07_10T05_15_47.jpg,labels/pyronear_brison_2_2023_07_10T05_15_47.txt,True,glare,['glare'],[]
images/pyronear_courmettes_1_2023_10_05T05_08_42.jpg,labels/pyronear_courmettes_1_2023_10_05T05_08_42.txt,True,nuagesbas,['nuagesfiligranes'],[]
images/pyronear_marguerite_3_2023_09_18T09_41_28.jpg,labels/pyronear_marguerite_3_2023_09_18T09_41_28.txt,True,arbre,['arbre'],['brume']
images/pyronear_valbonne_2_2023_11_07T14_34_50.jpg,labels/pyronear_valbonne_2_2023_11_07T14_34_50.txt,True,nuagesbas,['nuagesbas'],[]
images/pyronear_courmettes_1_2023_09_27T05_33_02.jpg,labels/pyronear_courmettes_1_2023_09_27T05_33_02.txt,True,soleil,['soleil'],[]
images/pyronear_marguerite_3_2023_09_18T07_46_55.jpg,labels/pyronear_marguerite_3_2023_09_18T07_46_55.txt,True,arbre,['arbre'],['brume']
images/pyronear_courmettes_2_2023_10_24T14_52_20.jpg,labels/pyronear_courmettes_2_2023_10_24T14_52_20.txt,True,grosnuages,['grosnuages'],[]
images/pyronear_marguerite_1_2023_09_10T16_07_13.jpg,labels/pyronear_marguerite_1_2023_09_10T16_07_13.txt,True,glare,['glare'],[]
images/pyronear_ferion_3_2023_10_18T07_22_47.jpg,labels/pyronear_ferion_3_2023_10_18T07_22_47.txt,True,brume,['brume'],[]
images/pyronear_brison_2_2023_09_21T05_57_50.jpg,labels/pyronear_brison_2_2023_09_21T05_57_50.txt,True,brume,"['batiment', 'brume']",['brume']
images/pyronear_courmettes_4_2023_11_02T09_24_36.jpg,labels/pyronear_courmettes_4_2023_11_02T09_24_36.txt,True,arbre,['arbre'],['brume']
images/pyronear_salaunes_1_1_2023_11_03T15_26_35.jpg,labels/pyronear_salaunes_1_1_2023_11_03T15_26_35.txt,True,grosnuages,['grosnuages'],[]
images/pyronear_valbonne_4_2023_10_08T05_58_24.jpg,labels/pyronear_valbonne_4_2023_10_08T05_58_24.txt,True,soleil,['soleil'],['batiment']
images/pyronear_brison_2_2023_10_29T06_06_00.jpg,labels/pyronear_brison_2_2023_10_29T06_06_00.txt,True,brume,"['batiment', 'brume']",['brume']
images/pyronear_marguerite_3_2023_09_18T09_04_57.jpg,labels/pyronear_marguerite_3_2023_09_18T09_04_57.txt,True,arbre,['arbre'],['brume']
images/pyronear_brison_4_2023_08_17T07_34_49.jpg,labels/pyronear_brison_4_2023_08_17T07_34_49.txt,True,grosnuages,['grosnuages'],"['insecte', 'tache']"
images/pyronear_brison_2_2023_09_21T06_12_06.jpg,labels/pyronear_brison_2_2023_09_21T06_12_06.txt,True,brume,"['batiment', 'brume']",['brume']
images/pyronear_brison_2_2023_10_30T07_26_54.jpg,labels/pyronear_brison_2_2023_10_30T07_26_54.txt,True,brume,"['batiment', 'brume']",['brume']
images/pyronear_valbonne_2_2023_11_05T15_37_07.jpg,labels/pyronear_valbonne_2_2023_11_05T15_37_07.txt,True,nuagesbas,['nuagesbas'],[]
images/pyronear_valbonne_4_2023_10_18T08_22_07.jpg,labels/pyronear_valbonne_4_2023_10_18T08_22_07.txt,True,nuagesbas,['nuagesbas'],[]
images/pyronear_cabanelle_1_2023_10_10T11_20_14.jpg,labels/pyronear_cabanelle_1_2023_10_10T11_20_14.txt,True,grosnuages,"['grosnuages', 'nuagesbas']",[]
images/pyronear_cabanelle_1_2023_10_13T09_41_04.jpg,labels/pyronear_cabanelle_1_2023_10_13T09_41_04.txt,True,grosnuages,['grosnuages'],[]
images/pyronear_brison_1_2023_07_04T04_06_43.jpg,labels/pyronear_brison_1_2023_07_04T04_06_43.txt,True,soleil,['soleil'],[]
images/pyronear_ferion_2_2023_10_28T16_25_37.jpg,labels/pyronear_ferion_2_2023_10_28T16_25_37.txt,True,grosnuages,['grosnuages'],[]
images/pyronear_ferion_2_2023_10_22T06_45_59.jpg,labels/pyronear_ferion_2_2023_10_22T06_45_59.txt,True,glare,['glare'],[]
images/pyronear_courmettes_2_2023_10_05T07_53_17.jpg,labels/pyronear_courmettes_2_2023_10_05T07_53_17.txt,True,soleil,['soleil'],[]
images/pyronear_ferion_2_2023_10_28T16_23_08.jpg,labels/pyronear_ferion_2_2023_10_28T16_23_08.txt,True,grosnuages,['grosnuages'],[]
images/pyronear_brison_2_2023_09_21T06_04_50.jpg,labels/pyronear_brison_2_2023_09_21T06_04_50.txt,True,brume,"['batiment', 'brume']",['brume']
images/pyronear_cabanelle_1_2023_10_11T14_53_58.jpg,labels/pyronear_cabanelle_1_2023_10_11T14_53_58.txt,True,brume,['brume'],[]
images/pyronear_marguerite_1_2023_09_14T05_38_43.jpg,labels/pyronear_marguerite_1_2023_09_14T05_38_43.txt,True,grosnuages,['grosnuages'],[]
images/pyronear_marguerite_1_2023_09_05T17_54_40.jpg,labels/pyronear_marguerite_1_2023_09_05T17_54_40.txt,True,soleil,['soleil'],[]
images/pyronear_courmettes_1_2023_09_29T06_08_45.jpg,labels/pyronear_courmettes_1_2023_09_29T06_08_45.txt,True,glare,"['glaretacherouge', 'soleilrefletslac']",[]
images/pyronear_valbonne_4_2023_10_29T09_56_55.jpg,labels/pyronear_valbonne_4_2023_10_29T09_56_55.txt,True,nuagesbas,['nuagesbas'],[]
images/pyronear_brison_2_2023_10_19T09_09_38.jpg,labels/pyronear_brison_2_2023_10_19T09_09_38.txt,True,brume,"['batiment', 'brume']",['brume']
images/pyronear_brison_2_2023_09_24T06_03_13.jpg,labels/pyronear_brison_2_2023_09_24T06_03_13.txt,True,glare,['glare'],[]
images/pyronear_cabanelle_1_2023_10_13T09_10_03.jpg,labels/pyronear_cabanelle_1_2023_10_13T09_10_03.txt,True,grosnuages,['grosnuages'],[]
images/pyronear_valbonne_4_2023_11_02T08_46_31.jpg,labels/pyronear_valbonne_4_2023_11_02T08_46_31.txt,True,nuagesbas,['nuagesbas'],[]
images/pyronear_cabanelle_2_2023_10_01T06_36_06.jpg,labels/pyronear_cabanelle_2_2023_10_01T06_36_06.txt,True,soleil,"['glare', 'refletslac', 'soleil', 'tacherouge']",[]
images/pyronear_valbonne_2_2023_11_05T15_51_37.jpg,labels/pyronear_valbonne_2_2023_11_05T15_51_37.txt,True,nuagesbas,['nuagesbas'],[]
images/pyronear_marguerite_1_2023_08_09T18_48_19.jpg,labels/pyronear_marguerite_1_2023_08_09T18_48_19.txt,True,soleil,['soleil'],[]
images/pyronear_salaunes_2_4_2023_08_17T04_47_39.jpg,labels/pyronear_salaunes_2_4_2023_08_17T04_47_39.txt,True,tuyau,['tuyau'],['tache']
images/pyronear_brison_2_2023_09_21T08_33_55.jpg,labels/pyronear_brison_2_2023_09_21T08_33_55.txt,True,brume,"['batiment', 'brume']",['brume']
images/pyronear_cabanelle_2_2023_10_01T06_44_36.jpg,labels/pyronear_cabanelle_2_2023_10_01T06_44_36.txt,True,soleil,"['refletslac', 'soleil']",[]
images/pyronear_cabanelle_1_2023_10_11T06_59_27.jpg,labels/pyronear_cabanelle_1_2023_10_11T06_59_27.txt,True,brume,['brume'],[]
images/pyronear_marguerite_1_2023_08_11T15_29_44.jpg,labels/pyronear_marguerite_1_2023_08_11T15_29_44.txt,True,soleil,['soleilrayons'],[]
images/pyronear_marguerite_3_2023_06_09T08_55_02.jpg,labels/pyronear_marguerite_3_2023_06_09T08_55_02.txt,True,arbre,['arbre'],['brume']
images/pyronear_salaunes_1_2_2023_09_25T06_47_30.jpg,labels/pyronear_salaunes_1_2_2023_09_25T06_47_30.txt,True,insecte,['insecte'],[]
images/pyronear_marguerite_1_2023_09_16T17_00_07.jpg,labels/pyronear_marguerite_1_2023_09_16T17_00_07.txt,True,nuagesbas,['nuagesbas'],[]
images/pyronear_marguerite_1_2023_09_16T12_07_27.jpg,labels/pyronear_marguerite_1_2023_09_16T12_07_27.txt,True,nuagesbas,['nuagesbas'],[]
images/pyronear_brison_4_2023_10_29T09_48_12.jpg,labels/pyronear_brison_4_2023_10_29T09_48_12.txt,True,grosnuages,['grosnuages'],['brume']
images/pyronear_brison_2_2023_10_30T07_58_54.jpg,labels/pyronear_brison_2_2023_10_30T07_58_54.txt,True,brume,"['batiment', 'brume']",['brume']
images/pyronear_salaunes_2_1_2023_11_05T10_21_50.jpg,labels/pyronear_salaunes_2_1_2023_11_05T10_21_50.txt,True,grosnuages,['grosnuagesrefletssoleil'],[]
images/pyronear_valbonne_3_2023_10_13T17_20_22.jpg,labels/pyronear_valbonne_3_2023_10_13T17_20_22.txt,True,batiment,['batimentloin'],['soleilcouchant']
images/pyronear_ferion_2_2023_10_24T16_04_01.jpg,labels/pyronear_ferion_2_2023_10_24T16_04_01.txt,True,grosnuages,['grosnuages'],[]
images/pyronear_courmettes_1_2023_09_26T06_31_48.jpg,labels/pyronear_courmettes_1_2023_09_26T06_31_48.txt,True,soleil,"['glare', 'refletslac', 'soleil', 'tacherouge']",[]
images/pyronear_brison_2_2023_09_21T09_35_57.jpg,labels/pyronear_brison_2_2023_09_21T09_35_57.txt,True,brume,"['batiment', 'brume']",['brume']
images/pyronear_valbonne_4_2023_11_02T11_17_40.jpg,labels/pyronear_valbonne_4_2023_11_02T11_17_40.txt,True,nuagesbas,['nuagesbas'],[]
images/pyronear_salaunes_2_1_2023_10_21T06_42_52.jpg,labels/pyronear_salaunes_2_1_2023_10_21T06_42_52.txt,True,grosnuages,['grosnuagesrefletssoleil'],[]
images/pyronear_marguerite_1_2023_09_15T17_14_11.jpg,labels/pyronear_marguerite_1_2023_09_15T17_14_11.txt,True,soleil,['soleilrayons'],[]
images/pyronear_brison_4_2023_08_17T07_31_45.jpg,labels/pyronear_brison_4_2023_08_17T07_31_45.txt,True,grosnuages,['grosnuages'],"['insecte', 'tache']"
images/pyronear_courmettes_1_2023_11_07T13_17_15.jpg,labels/pyronear_courmettes_1_2023_11_07T13_17_15.txt,True,nuagesbas,['nuagesbas'],[]
images/pyronear_brison_4_2023_10_24T16_02_14.jpg,labels/pyronear_brison_4_2023_10_24T16_02_14.txt,True,grosnuages,['grosnuages'],[]
images/pyronear_cabanelle_1_2023_10_10T14_41_50.jpg,labels/pyronear_cabanelle_1_2023_10_10T14_41_50.txt,True,grosnuages,"['grosnuages', 'nuagesbas']",[]
images/pyronear_courmettes_2_2023_10_24T14_52_51.jpg,labels/pyronear_courmettes_2_2023_10_24T14_52_51.txt,True,grosnuages,['grosnuages'],[]
images/pyronear_marguerite_3_2023_09_18T09_41_01.jpg,labels/pyronear_marguerite_3_2023_09_18T09_41_01.txt,True,arbre,['arbre'],['brume']
images/pyronear_marguerite_1_2023_09_16T13_01_59.jpg,labels/pyronear_marguerite_1_2023_09_16T13_01_59.txt,True,nuagesbas,['nuagesbas'],[]
images/pyronear_marguerite_3_2023_09_18T09_09_28.jpg,labels/pyronear_marguerite_3_2023_09_18T09_09_28.txt,True,arbre,['arbre'],['brume']
images/pyronear_brison_4_2023_08_17T09_49_20.jpg,labels/pyronear_brison_4_2023_08_17T09_49_20.txt,True,grosnuages,['grosnuages'],"['insecte', 'tache']"
images/pyronear_courmettes_4_2023_11_02T09_55_39.jpg,labels/pyronear_courmettes_4_2023_11_02T09_55_39.txt,True,arbre,['arbre'],['brume']
images/pyronear_courmettes_1_2023_11_03T05_48_49.jpg,labels/pyronear_courmettes_1_2023_11_03T05_48_49.txt,True,zonenoire,['zonenoire'],['soleilcouchant']
images/pyronear_valbonne_4_2023_10_18T10_57_42.jpg,labels/pyronear_valbonne_4_2023_10_18T10_57_42.txt,True,nuagesbas,['nuagesbas'],[]
images/pyronear_ferion_2_2023_10_17T14_33_36.jpg,labels/pyronear_ferion_2_2023_10_17T14_33_36.txt,True,nuagesbas,['nuagesbas'],['brume']
images/pyronear_courmettes_4_2023_11_02T09_05_37.jpg,labels/pyronear_courmettes_4_2023_11_02T09_05_37.txt,True,arbre,['arbre'],['brume']
images/pyronear_brison_2_2023_11_01T10_05_07.jpg,labels/pyronear_brison_2_2023_11_01T10_05_07.txt,True,brume,"['batiment', 'brume']",['brume']
images/pyronear_cabanelle_1_2023_10_11T11_10_20.jpg,labels/pyronear_cabanelle_1_2023_10_11T11_10_20.txt,True,brume,['brume'],[]
images/pyronear_salaunes_2_1_2023_08_27T08_53_06.jpg,labels/pyronear_salaunes_2_1_2023_08_27T08_53_06.txt,True,grosnuages,['grosnuages'],[]
images/pyronear_brison_1_2023_06_10T12_39_27.jpg,labels/pyronear_brison_1_2023_06_10T12_39_27.txt,True,nuagesbas,['nuagesbas'],[]
images/pyronear_brison_4_2023_08_17T10_30_21.jpg,labels/pyronear_brison_4_2023_08_17T10_30_21.txt,True,grosnuages,['grosnuages'],"['insecte', 'tache']"
images/pyronear_cabanelle_1_2023_10_10T12_03_45.jpg,labels/pyronear_cabanelle_1_2023_10_10T12_03_45.txt,True,grosnuages,"['grosnuages', 'nuagesbas']",[]
images/pyronear_valbonne_2_2023_11_05T15_39_07.jpg,labels/pyronear_valbonne_2_2023_11_05T15_39_07.txt,True,nuagesbas,['nuagesbas'],[]
images/pyronear_valbonne_4_2023_11_02T07_59_01.jpg,labels/pyronear_valbonne_4_2023_11_02T07_59_01.txt,True,nuagesbas,['nuagesbas'],[]
images/pyronear_brison_2_2023_10_30T08_14_55.jpg,labels/pyronear_brison_2_2023_10_30T08_14_55.txt,True,brume,"['batiment', 'brume']",['brume']
images/pyronear_brison_2_2023_09_21T08_32_25.jpg,labels/pyronear_brison_2_2023_09_21T08_32_25.txt,True,brume,"['batiment', 'brume']",['brume']
images/pyronear_courmettes_4_2023_11_02T09_58_07.jpg,labels/pyronear_courmettes_4_2023_11_02T09_58_07.txt,True,arbre,['arbre'],['brume']
images/pyronear_marguerite_1_2023_09_16T13_03_28.jpg,labels/pyronear_marguerite_1_2023_09_16T13_03_28.txt,True,nuagesbas,['nuagesbas'],[]
images/pyronear_salaunes_1_1_2023_11_01T10_05_09.jpg,labels/pyronear_salaunes_1_1_2023_11_01T10_05_09.txt,True,grosnuages,['grosnuages'],[]
images/pyronear_marguerite_3_2023_09_18T09_53_32.jpg,labels/pyronear_marguerite_3_2023_09_18T09_53_32.txt,True,nuagesbas,['nuagesbas'],[]
images/pyronear_brison_2_2023_10_30T07_22_53.jpg,labels/pyronear_brison_2_2023_10_30T07_22_53.txt,True,brume,"['batiment', 'brume']",['brume']
images/pyronear_ferion_2_2023_10_28T15_26_07.jpg,labels/pyronear_ferion_2_2023_10_28T15_26_07.txt,True,grosnuages,['grosnuages'],[]
images/pyronear_cabanelle_2_2023_10_04T06_29_31.jpg,labels/pyronear_cabanelle_2_2023_10_04T06_29_31.txt,True,soleil,"['refletslac', 'soleil']",[]
images/pyronear_valbonne_2_2023_11_05T15_59_39.jpg,labels/pyronear_valbonne_2_2023_11_05T15_59_39.txt,True,nuagesbas,['nuagesbas'],[]
images/pyronear_brison_4_2023_06_16T19_00_53.jpg,labels/pyronear_brison_4_2023_06_16T19_00_53.txt,True,glare,['glareptjaune'],[]
images/pyronear_brison_2_2023_09_21T06_50_21.jpg,labels/pyronear_brison_2_2023_09_21T06_50_21.txt,True,brume,"['batiment', 'brume']",['brume']
images/pyronear_marguerite_1_2023_09_13T16_53_11.jpg,labels/pyronear_marguerite_1_2023_09_13T16_53_11.txt,True,soleil,['soleilrayons'],[]
images/pyronear_cabanelle_1_2023_10_11T15_06_28.jpg,labels/pyronear_cabanelle_1_2023_10_11T15_06_28.txt,True,brume,['brume'],[]
images/pyronear_salaunes_2_1_2023_06_06T18_05_28.jpg,labels/pyronear_salaunes_2_1_2023_06_06T18_05_28.txt,True,grosnuages,['grosnuages'],[]
images/pyronear_ferion_3_2023_10_18T07_18_17.jpg,labels/pyronear_ferion_3_2023_10_18T07_18_17.txt,True,brume,['brume'],[]
images/pyronear_courmettes_2_2023_10_24T14_43_19.jpg,labels/pyronear_courmettes_2_2023_10_24T14_43_19.txt,True,grosnuages,['grosnuages'],[]
images/pyronear_courmettes_4_2023_11_02T10_07_09.jpg,labels/pyronear_courmettes_4_2023_11_02T10_07_09.txt,True,arbre,['arbre'],['brume']
images/pyronear_brison_2_2023_09_22T08_57_30.jpg,labels/pyronear_brison_2_2023_09_22T08_57_30.txt,True,nuagesbas,['nuagesbas'],['batiment']
images/pyronear_marguerite_1_2023_09_15T17_08_41.jpg,labels/pyronear_marguerite_1_2023_09_15T17_08_41.txt,True,soleil,['soleilrayons'],[]
images/pyronear_marguerite_2_2023_09_10T18_16_19.jpg,labels/pyronear_marguerite_2_2023_09_10T18_16_19.txt,True,nuagesbas,['nuagesbas'],['soleilcouchant']
images/pyronear_valbonne_2_2023_11_05T15_52_37.jpg,labels/pyronear_valbonne_2_2023_11_05T15_52_37.txt,True,nuagesbas,['nuagesbas'],[]
images/pyronear_marguerite_1_2023_09_13T16_53_13.jpg,labels/pyronear_marguerite_1_2023_09_13T16_53_13.txt,True,soleil,['soleilrayons'],[]
images/pyronear_cabanelle_1_2023_10_13T08_17_03.jpg,labels/pyronear_cabanelle_1_2023_10_13T08_17_03.txt,True,grosnuages,['grosnuages'],[]
images/pyronear_brison_1_2023_06_13T05_59_58.jpg,labels/pyronear_brison_1_2023_06_13T05_59_58.txt,True,grosnuages,['grosnuages'],[]
images/pyronear_cabanelle_1_2023_10_10T08_37_40.jpg,labels/pyronear_cabanelle_1_2023_10_10T08_37_40.txt,True,grosnuages,"['grosnuages', 'nuagesbas']",[]
images/pyronear_cabanelle_1_2023_10_11T11_06_53.jpg,labels/pyronear_cabanelle_1_2023_10_11T11_06_53.txt,True,brume,['brume'],[]
images/pyronear_marguerite_4_2023_09_21T11_35_24.jpg,labels/pyronear_marguerite_4_2023_09_21T11_35_24.txt,True,tache,"['batiment', 'tache']","['brume', 'pluie']"
images/pyronear_ferion_3_2023_10_19T15_35_50.jpg,labels/pyronear_ferion_3_2023_10_19T15_35_50.txt,True,brume,['brume'],[]
images/pyronear_marguerite_1_2023_09_05T17_59_11.jpg,labels/pyronear_marguerite_1_2023_09_05T17_59_11.txt,True,soleil,['soleil'],[]
images/pyronear_salaunes_2_1_2023_10_21T06_51_45.jpg,labels/pyronear_salaunes_2_1_2023_10_21T06_51_45.txt,True,grosnuages,['grosnuagesrefletssoleil'],[]
images/pyronear_st_peray_1_2023_06_10T09_32_51.jpg,labels/pyronear_st_peray_1_2023_06_10T09_32_51.txt,True,grosnuages,['grosnuages'],[]
images/pyronear_marguerite_2_2023_09_01T17_59_32.jpg,labels/pyronear_marguerite_2_2023_09_01T17_59_32.txt,True,nuagesbas,['nuagesbas'],['soleilcouchant']
images/pyronear_ferion_2_2023_10_22T06_46_59.jpg,labels/pyronear_ferion_2_2023_10_22T06_46_59.txt,True,glare,['glare'],[]
images/pyronear_cabanelle_1_2023_10_13T08_10_07.jpg,labels/pyronear_cabanelle_1_2023_10_13T08_10_07.txt,True,grosnuages,['grosnuages'],[]
images/pyronear_courmettes_1_2023_09_27T06_20_35.jpg,labels/pyronear_courmettes_1_2023_09_27T06_20_35.txt,True,soleil,"['glare', 'refletslac', 'soleil', 'tacherouge']",[]
images/pyronear_courmettes_1_2023_11_07T13_40_45.jpg,labels/pyronear_courmettes_1_2023_11_07T13_40_45.txt,True,nuagesbas,['nuagesbas'],[]
images/pyronear_brison_2_2023_09_21T08_23_25.jpg,labels/pyronear_brison_2_2023_09_21T08_23_25.txt,True,brume,"['batiment', 'brume']",['brume']
images/pyronear_brison_2_2023_09_21T08_45_34.jpg,labels/pyronear_brison_2_2023_09_21T08_45_34.txt,True,brume,"['batiment', 'brume']",['brume']
images/pyronear_brison_1_2023_07_24T11_40_47.jpg,labels/pyronear_brison_1_2023_07_24T11_40_47.txt,True,tache,['tachenoire'],[]
images/pyronear_courmettes_1_2023_09_27T06_25_06.jpg,labels/pyronear_courmettes_1_2023_09_27T06_25_06.txt,True,soleil,"['glare', 'refletslac', 'soleil', 'tacherouge']",[]
images/pyronear_marguerite_4_2023_10_24T11_38_30.jpg,labels/pyronear_marguerite_4_2023_10_24T11_38_30.txt,True,nuagesbas,['nuagesbas'],[]
images/pyronear_marguerite_4_2023_06_09T13_51_16.jpg,labels/pyronear_marguerite_4_2023_06_09T13_51_16.txt,True,tache,"['batiment', 'tache']","['brume', 'pluie']"
images/pyronear_cabanelle_1_2023_10_11T13_55_29.jpg,labels/pyronear_cabanelle_1_2023_10_11T13_55_29.txt,True,brume,['brume'],[]
images/pyronear_marguerite_1_2023_09_10T16_10_42.jpg,labels/pyronear_marguerite_1_2023_09_10T16_10_42.txt,True,glare,['glare'],[]
images/pyronear_salaunes_1_2_2023_07_20T09_04_20.jpg,labels/pyronear_salaunes_1_2_2023_07_20T09_04_20.txt,True,grosnuages,['grosnuages'],[]
images/pyronear_brison_2_2023_08_27T09_06_35.jpg,labels/pyronear_brison_2_2023_08_27T09_06_35.txt,True,grosnuages,['grosnuages'],['batiment']
images/pyronear_marguerite_4_2023_06_09T13_13_15.jpg,labels/pyronear_marguerite_4_2023_06_09T13_13_15.txt,True,tache,"['batiment', 'tache']","['brume', 'pluie']"
images/pyronear_brison_2_2023_10_30T13_54_42.jpg,labels/pyronear_brison_2_2023_10_30T13_54_42.txt,True,brume,"['batiment', 'brume']",['brume']
images/pyronear_brison_3_2023_09_22T05_09_27.jpg,labels/pyronear_brison_3_2023_09_22T05_09_27.txt,True,nuagesbas,['nuagesbas'],['nuit']
images/pyronear_courmettes_1_2023_11_07T13_38_15.jpg,labels/pyronear_courmettes_1_2023_11_07T13_38_15.txt,True,nuagesbas,['nuagesbas'],[]
images/pyronear_salaunes_2_4_2023_08_19T05_02_31.jpg,labels/pyronear_salaunes_2_4_2023_08_19T05_02_31.txt,True,tuyau,['tuyau'],[]
images/pyronear_valbonne_2_2023_11_05T15_08_36.jpg,labels/pyronear_valbonne_2_2023_11_05T15_08_36.txt,True,nuagesbas,['nuagesbas'],[]
images/pyronear_ferion_2_2023_11_03T06_45_55.jpg,labels/pyronear_ferion_2_2023_11_03T06_45_55.txt,True,glare,"['glare', 'tache']",[]
images/pyronear_ferion_2_2023_10_28T15_09_05.jpg,labels/pyronear_ferion_2_2023_10_28T15_09_05.txt,True,grosnuages,['grosnuages'],[]
images/pyronear_valbonne_4_2023_10_18T10_55_14.jpg,labels/pyronear_valbonne_4_2023_10_18T10_55_14.txt,True,nuagesbas,['nuagesbas'],[]
images/pyronear_salaunes_2_4_2023_08_19T05_34_03.jpg,labels/pyronear_salaunes_2_4_2023_08_19T05_34_03.txt,True,tuyau,['tuyau'],[]
images/pyronear_valbonne_4_2023_11_02T09_37_04.jpg,labels/pyronear_valbonne_4_2023_11_02T09_37_04.txt,True,nuagesbas,['nuagesbas'],[]
images/pyronear_brison_2_2023_10_19T08_59_37.jpg,labels/pyronear_brison_2_2023_10_19T08_59_37.txt,True,brume,"['batiment', 'brume']",['brume']
images/pyronear_brison_4_2023_10_28T05_59_47.jpg,labels/pyronear_brison_4_2023_10_28T05_59_47.txt,True,nuagesbas,['nuagesbas'],[]
images/pyronear_salaunes_2_4_2023_08_14T18_54_03.jpg,labels/pyronear_salaunes_2_4_2023_08_14T18_54_03.txt,True,nuagesbas,['nuagesfiligranes'],[]
images/pyronear_courmettes_1_2023_11_07T13_12_44.jpg,labels/pyronear_courmettes_1_2023_11_07T13_12_44.txt,True,nuagesbas,['nuagesbas'],[]
images/pyronear_brison_4_2023_08_17T07_50_46.jpg,labels/pyronear_brison_4_2023_08_17T07_50_46.txt,True,grosnuages,['grosnuages'],"['insecte', 'tache']"
images/pyronear_valbonne_3_2023_10_20T08_36_07.jpg,labels/pyronear_valbonne_3_2023_10_20T08_36_07.txt,True,nuagesbas,['nuagesbas'],[]
images/pyronear_marguerite_1_2023_07_30T16_27_31.jpg,labels/pyronear_marguerite_1_2023_07_30T16_27_31.txt,True,soleil,['soleilrayons'],[]
images/pyronear_brison_1_2023_09_13T06_26_13.jpg,labels/pyronear_brison_1_2023_09_13T06_26_13.txt,True,nuagesbas,['nuagesbas'],[]
images/pyronear_valbonne_4_2023_11_03T15_36_03.jpg,labels/pyronear_valbonne_4_2023_11_03T15_36_03.txt,True,nuagesbas,['nuagesbas'],[]
images/pyronear_brison_4_2023_08_17T10_14_22.jpg,labels/pyronear_brison_4_2023_08_17T10_14_22.txt,True,grosnuages,['grosnuages'],"['insecte', 'tache']"
images/pyronear_cabanelle_1_2023_10_10T11_40_14.jpg,labels/pyronear_cabanelle_1_2023_10_10T11_40_14.txt,True,grosnuages,"['grosnuages', 'nuagesbas']",[]
images/pyronear_salaunes_2_4_2023_08_17T04_47_10.jpg,labels/pyronear_salaunes_2_4_2023_08_17T04_47_10.txt,True,tuyau,['tuyau'],['tache']
images/pyronear_marguerite_1_2023_09_10T16_14_42.jpg,labels/pyronear_marguerite_1_2023_09_10T16_14_42.txt,True,glare,['glare'],[]
images/pyronear_cabanelle_1_2023_10_10T11_45_45.jpg,labels/pyronear_cabanelle_1_2023_10_10T11_45_45.txt,True,grosnuages,"['grosnuages', 'nuagesbas']",[]
images/pyronear_courmettes_4_2023_11_02T09_47_09.jpg,labels/pyronear_courmettes_4_2023_11_02T09_47_09.txt,True,arbre,['arbre'],['brume']
images/pyronear_valbonne_3_2023_10_20T11_02_42.jpg,labels/pyronear_valbonne_3_2023_10_20T11_02_42.txt,True,nuagesbas,['nuagesbas'],[]
images/pyronear_brison_2_2023_09_21T12_55_29.jpg,labels/pyronear_brison_2_2023_09_21T12_55_29.txt,True,brume,"['batiment', 'brume']",['brume']
images/pyronear_cabanelle_2_2023_10_02T06_02_03.jpg,labels/pyronear_cabanelle_2_2023_10_02T06_02_03.txt,True,soleil,"['glare', 'refletslac', 'soleil', 'tacherouge']",[]
images/pyronear_brison_4_2023_07_31T04_56_08.jpg,labels/pyronear_brison_4_2023_07_31T04_56_08.txt,True,nuagesbas,['nuagesbas'],[]
images/pyronear_valbonne_2_2023_11_05T15_27_07.jpg,labels/pyronear_valbonne_2_2023_11_05T15_27_07.txt,True,nuagesbas,['nuagesbas'],[]
images/pyronear_valbonne_4_2023_10_28T16_36_36.jpg,labels/pyronear_valbonne_4_2023_10_28T16_36_36.txt,True,nuagesbas,['nuagesbas'],[]
images/pyronear_brison_3_2023_09_22T05_27_40.jpg,labels/pyronear_brison_3_2023_09_22T05_27_40.txt,True,nuagesbas,['nuagesbas'],[]
images/pyronear_salaunes_2_1_2023_06_06T18_07_29.jpg,labels/pyronear_salaunes_2_1_2023_06_06T18_07_29.txt,True,grosnuages,['grosnuages'],[]
images/pyronear_salaunes_2_4_2023_08_17T04_46_40.jpg,labels/pyronear_salaunes_2_4_2023_08_17T04_46_40.txt,True,tuyau,['tuyau'],['tache']
images/pyronear_salaunes_2_1_2023_07_04T05_45_10.jpg,labels/pyronear_salaunes_2_1_2023_07_04T05_45_10.txt,True,arbre,['arbre'],['brume']
images/pyronear_brison_4_2023_06_27T18_56_09.jpg,labels/pyronear_brison_4_2023_06_27T18_56_09.txt,True,glare,['glare'],[]
images/pyronear_cabanelle_1_2023_10_11T14_31_57.jpg,labels/pyronear_cabanelle_1_2023_10_11T14_31_57.txt,True,brume,['brume'],[]
images/pyronear_st_peray_1_2023_07_21T08_23_59.jpg,labels/pyronear_st_peray_1_2023_07_21T08_23_59.txt,True,grosnuages,['grosnuages'],[]
images/pyronear_salaunes_1_4_2023_09_29T17_25_55.jpg,labels/pyronear_salaunes_1_4_2023_09_29T17_25_55.txt,True,glare,['glareptjaune'],[]
images/pyronear_marguerite_3_2023_09_18T09_01_57.jpg,labels/pyronear_marguerite_3_2023_09_18T09_01_57.txt,True,arbre,['arbre'],['brume']
images/pyronear_marguerite_4_2023_10_29T13_34_20.jpg,labels/pyronear_marguerite_4_2023_10_29T13_34_20.txt,True,batiment,['batiment'],"['brume', 'pluie']"
images/pyronear_marguerite_3_2023_09_18T07_44_25.jpg,labels/pyronear_marguerite_3_2023_09_18T07_44_25.txt,True,arbre,['arbre'],['brume']
images/pyronear_cabanelle_1_2023_10_10T11_30_15.jpg,labels/pyronear_cabanelle_1_2023_10_10T11_30_15.txt,True,grosnuages,"['grosnuages', 'nuagesbas']",[]
images/pyronear_brison_2_2023_09_24T06_02_12.jpg,labels/pyronear_brison_2_2023_09_24T06_02_12.txt,True,glare,['glare'],[]
images/pyronear_ferion_3_2023_10_19T15_34_51.jpg,labels/pyronear_ferion_3_2023_10_19T15_34_51.txt,True,brume,['brume'],[]
images/pyronear_cabanelle_1_2023_10_10T11_55_45.jpg,labels/pyronear_cabanelle_1_2023_10_10T11_55_45.txt,True,grosnuages,"['grosnuages', 'nuagesbas']",[]
images/pyronear_marguerite_3_2023_09_18T07_05_53.jpg,labels/pyronear_marguerite_3_2023_09_18T07_05_53.txt,True,arbre,['arbre'],['brume']
images/pyronear_brison_2_2023_09_21T06_02_50.jpg,labels/pyronear_brison_2_2023_09_21T06_02_50.txt,True,brume,"['batiment', 'brume']",['brume']
images/pyronear_brison_4_2023_08_17T10_24_22.jpg,labels/pyronear_brison_4_2023_08_17T10_24_22.txt,True,grosnuages,['grosnuages'],"['insecte', 'tache']"
images/pyronear_salaunes_2_1_2023_08_27T08_59_35.jpg,labels/pyronear_salaunes_2_1_2023_08_27T08_59_35.txt,True,grosnuages,['grosnuages'],[]
images/pyronear_brison_2_2023_09_21T09_38_26.jpg,labels/pyronear_brison_2_2023_09_21T09_38_26.txt,True,brume,"['batiment', 'brume']",['brume']
images/pyronear_brison_1_2023_07_24T17_25_37.jpg,labels/pyronear_brison_1_2023_07_24T17_25_37.txt,True,tache,['tachenoire'],[]
images/pyronear_valbonne_4_2023_10_08T05_39_34.jpg,labels/pyronear_valbonne_4_2023_10_08T05_39_34.txt,True,soleil,['soleil'],['batiment']
images/pyronear_brison_2_2023_06_08T05_55_12.jpg,labels/pyronear_brison_2_2023_06_08T05_55_12.txt,True,grosnuages,['grosnuages'],['batiment']
images/pyronear_brison_2_2023_10_30T08_30_25.jpg,labels/pyronear_brison_2_2023_10_30T08_30_25.txt,True,brume,"['batiment', 'brume']",['brume']
images/pyronear_brison_4_2023_08_17T08_37_48.jpg,labels/pyronear_brison_4_2023_08_17T08_37_48.txt,True,grosnuages,['grosnuages'],"['insecte', 'tache']"
images/pyronear_marguerite_1_2023_09_14T05_45_14.jpg,labels/pyronear_marguerite_1_2023_09_14T05_45_14.txt,True,grosnuages,['grosnuages'],[]
images/pyronear_ferion_2_2023_10_27T06_51_07.jpg,labels/pyronear_ferion_2_2023_10_27T06_51_07.txt,True,glare,['glare'],[]
images/pyronear_courmettes_1_2023_11_07T06_27_30.jpg,labels/pyronear_courmettes_1_2023_11_07T06_27_30.txt,True,glare,['glaresoleilptrouge'],['soleilcouchant']
images/pyronear_ferion_3_2023_10_19T16_52_25.jpg,labels/pyronear_ferion_3_2023_10_19T16_52_25.txt,True,brume,['brume'],[]
images/pyronear_valbonne_4_2023_11_02T10_09_06.jpg,labels/pyronear_valbonne_4_2023_11_02T10_09_06.txt,True,nuagesbas,['nuagesbas'],[]
images/pyronear_ferion_4_2023_11_06T16_07_38.jpg,labels/pyronear_ferion_4_2023_11_06T16_07_38.txt,True,nuagesbas,['nuagesbas'],['soleilcouchant']
images/pyronear_marguerite_4_2023_06_09T13_53_46.jpg,labels/pyronear_marguerite_4_2023_06_09T13_53_46.txt,True,tache,"['batiment', 'tache']","['brume', 'pluie']"
images/pyronear_courmettes_4_2023_10_19T13_01_22.jpg,labels/pyronear_courmettes_4_2023_10_19T13_01_22.txt,True,arbre,['arbre'],['brume']
images/pyronear_brison_2_2023_09_21T08_40_55.jpg,labels/pyronear_brison_2_2023_09_21T08_40_55.txt,True,brume,"['batiment', 'brume']",['brume']
images/pyronear_valbonne_2_2023_11_06T15_08_14.jpg,labels/pyronear_valbonne_2_2023_11_06T15_08_14.txt,True,nuagesbas,['nuagesbas'],[]
images/pyronear_cabanelle_1_2023_10_10T08_36_50.jpg,labels/pyronear_cabanelle_1_2023_10_10T08_36_50.txt,True,grosnuages,"['grosnuages', 'nuagesbas']",[]
images/pyronear_courmettes_2_2023_10_20T10_20_37.jpg,labels/pyronear_courmettes_2_2023_10_20T10_20_37.txt,True,grosnuages,['grosnuages'],['brume']
images/pyronear_marguerite_4_2023_11_01T10_44_01.jpg,labels/pyronear_marguerite_4_2023_11_01T10_44_01.txt,True,batiment,['batiment'],"['brume', 'pluie']"
images/pyronear_cabanelle_1_2023_10_13T08_59_32.jpg,labels/pyronear_cabanelle_1_2023_10_13T08_59_32.txt,True,grosnuages,['grosnuages'],[]
images/pyronear_valbonne_2_2023_11_07T14_28_19.jpg,labels/pyronear_valbonne_2_2023_11_07T14_28_19.txt,True,nuagesbas,['nuagesbas'],[]
images/pyronear_brison_2_2023_10_02T05_43_51.jpg,labels/pyronear_brison_2_2023_10_02T05_43_51.txt,True,soleil,['soleil'],['batiment']
images/pyronear_courmettes_2_2023_10_20T09_46_07.jpg,labels/pyronear_courmettes_2_2023_10_20T09_46_07.txt,True,grosnuages,['grosnuages'],['brume']
images/pyronear_brison_2_2023_10_19T09_34_37.jpg,labels/pyronear_brison_2_2023_10_19T09_34_37.txt,True,brume,"['batiment', 'brume']",['brume']
images/pyronear_valbonne_2_2023_11_07T14_41_20.jpg,labels/pyronear_valbonne_2_2023_11_07T14_41_20.txt,True,nuagesbas,['nuagesbas'],[]
images/pyronear_salaunes_1_2_2023_09_30T11_37_38.jpg,labels/pyronear_salaunes_1_2_2023_09_30T11_37_38.txt,True,glare,['glare'],[]
images/pyronear_valbonne_4_2023_10_08T05_55_55.jpg,labels/pyronear_valbonne_4_2023_10_08T05_55_55.txt,True,soleil,['soleil'],['batiment']
images/pyronear_brison_4_2023_06_16T19_02_54.jpg,labels/pyronear_brison_4_2023_06_16T19_02_54.txt,True,glare,['glareptjaune'],[]
images/pyronear_valbonne_2_2023_11_07T14_39_50.jpg,labels/pyronear_valbonne_2_2023_11_07T14_39_50.txt,True,nuagesbas,['nuagesbas'],[]
images/pyronear_brison_3_2023_09_21T10_38_04.jpg,labels/pyronear_brison_3_2023_09_21T10_38_04.txt,True,grosnuages,['grosnuages'],['brume']
images/pyronear_ferion_2_2023_10_28T16_20_08.jpg,labels/pyronear_ferion_2_2023_10_28T16_20_08.txt,True,grosnuages,['grosnuages'],[]
images/pyronear_cabanelle_1_2023_10_13T09_37_34.jpg,labels/pyronear_cabanelle_1_2023_10_13T09_37_34.txt,True,grosnuages,['grosnuages'],[]
images/pyronear_brison_4_2023_10_29T10_26_43.jpg,labels/pyronear_brison_4_2023_10_29T10_26_43.txt,True,grosnuages,['grosnuages'],['brume']
images/pyronear_valbonne_3_2023_09_28T17_40_39.jpg,labels/pyronear_valbonne_3_2023_09_28T17_40_39.txt,True,batiment,['batimentloin'],['soleilcouchant']
images/pyronear_marguerite_3_2023_09_18T08_57_27.jpg,labels/pyronear_marguerite_3_2023_09_18T08_57_27.txt,True,arbre,['arbre'],['brume']
images/pyronear_brison_1_2023_09_13T06_21_50.jpg,labels/pyronear_brison_1_2023_09_13T06_21_50.txt,True,nuagesbas,['nuagesbas'],[]
images/pyronear_brison_2_2023_10_08T05_51_14.jpg,labels/pyronear_brison_2_2023_10_08T05_51_14.txt,True,soleil,['soleil'],['batiment']
images/pyronear_valbonne_2_2023_11_06T15_50_45.jpg,labels/pyronear_valbonne_2_2023_11_06T15_50_45.txt,True,nuagesbas,['nuagesbas'],[]
images/pyronear_valbonne_2_2023_11_06T15_01_46.jpg,labels/pyronear_valbonne_2_2023_11_06T15_01_46.txt,True,nuagesbas,['nuagesbas'],[]
images/pyronear_marguerite_2_2023_09_24T17_34_43.jpg,labels/pyronear_marguerite_2_2023_09_24T17_34_43.txt,True,nuagesbas,['nuagesfiligranes'],[]
images/pyronear_marguerite_2_2023_09_10T18_18_50.jpg,labels/pyronear_marguerite_2_2023_09_10T18_18_50.txt,True,nuagesbas,['nuagesbas'],['soleilcouchant']
images/pyronear_brison_2_2023_06_08T06_04_53.jpg,labels/pyronear_brison_2_2023_06_08T06_04_53.txt,True,grosnuages,['grosnuages'],['batiment']
images/pyronear_valbonne_3_2023_10_21T16_12_45.jpg,labels/pyronear_valbonne_3_2023_10_21T16_12_45.txt,True,glare,['glare'],[]
images/pyronear_valbonne_2_2023_11_05T15_07_36.jpg,labels/pyronear_valbonne_2_2023_11_05T15_07_36.txt,True,nuagesbas,['nuagesbas'],[]
images/pyronear_brison_1_2023_07_24T17_34_37.jpg,labels/pyronear_brison_1_2023_07_24T17_34_37.txt,True,tache,['tachenoire'],[]
images/pyronear_cabanelle_1_2023_10_11T14_47_28.jpg,labels/pyronear_cabanelle_1_2023_10_11T14_47_28.txt,True,brume,['brume'],[]
images/pyronear_brison_2_2023_09_21T08_20_33.jpg,labels/pyronear_brison_2_2023_09_21T08_20_33.txt,True,brume,"['batiment', 'brume']",['brume']
images/pyronear_brison_4_2023_10_29T12_06_44.jpg,labels/pyronear_brison_4_2023_10_29T12_06_44.txt,True,grosnuages,['grosnuages'],['brume']
images/pyronear_valbonne_2_2023_11_05T16_41_39.jpg,labels/pyronear_valbonne_2_2023_11_05T16_41_39.txt,True,nuagesbas,['nuagesbas'],[]
images/pyronear_valbonne_2_2023_11_07T06_29_03.jpg,labels/pyronear_valbonne_2_2023_11_07T06_29_03.txt,True,nuagesbas,['nuagesbas'],[]
images/pyronear_brison_4_2023_10_29T10_02_23.jpg,labels/pyronear_brison_4_2023_10_29T10_02_23.txt,True,grosnuages,['grosnuages'],['brume']
images/pyronear_ferion_2_2023_10_28T15_08_36.jpg,labels/pyronear_ferion_2_2023_10_28T15_08_36.txt,True,grosnuages,['grosnuages'],[]
images/pyronear_valbonne_2_2023_11_05T14_40_05.jpg,labels/pyronear_valbonne_2_2023_11_05T14_40_05.txt,True,nuagesbas,['nuagesbas'],[]
images/pyronear_cabanelle_1_2023_10_11T14_57_28.jpg,labels/pyronear_cabanelle_1_2023_10_11T14_57_28.txt,True,brume,['brume'],[]
images/pyronear_brison_1_2023_07_24T11_41_10.jpg,labels/pyronear_brison_1_2023_07_24T11_41_10.txt,True,tache,['tachenoire'],[]
images/pyronear_cabanelle_2_2023_10_01T06_37_36.jpg,labels/pyronear_cabanelle_2_2023_10_01T06_37_36.txt,True,soleil,"['glare', 'refletslac', 'soleil', 'tacherouge']",[]
images/pyronear_brison_2_2023_10_30T07_25_27.jpg,labels/pyronear_brison_2_2023_10_30T07_25_27.txt,True,brume,"['batiment', 'brume']",['brume']
images/pyronear_brison_4_2023_08_17T07_57_47.jpg,labels/pyronear_brison_4_2023_08_17T07_57_47.txt,True,grosnuages,['grosnuages'],"['insecte', 'tache']"
images/pyronear_cabanelle_1_2023_10_07T13_48_26.jpg,labels/pyronear_cabanelle_1_2023_10_07T13_48_26.txt,True,nuagesbas,['nuagesbas'],[]
images/pyronear_marguerite_1_2023_09_14T05_43_14.jpg,labels/pyronear_marguerite_1_2023_09_14T05_43_14.txt,True,grosnuages,['grosnuages'],[]
images/pyronear_courmettes_1_2023_11_03T06_25_20.jpg,labels/pyronear_courmettes_1_2023_11_03T06_25_20.txt,True,glare,['glaresoleilptrouge'],['soleilcouchant']
images/pyronear_salaunes_2_1_2023_08_27T08_46_05.jpg,labels/pyronear_salaunes_2_1_2023_08_27T08_46_05.txt,True,grosnuages,['grosnuages'],[]
images/pyronear_salaunes_1_4_2023_10_24T06_47_21.jpg,labels/pyronear_salaunes_1_4_2023_10_24T06_47_21.txt,True,grosnuages,['grosnuages'],[]
images/pyronear_cabanelle_1_2023_10_13T09_45_34.jpg,labels/pyronear_cabanelle_1_2023_10_13T09_45_34.txt,True,grosnuages,['grosnuages'],[]
images/pyronear_brison_2_2023_09_24T06_02_27.jpg,labels/pyronear_brison_2_2023_09_24T06_02_27.txt,True,glare,['glare'],[]
images/pyronear_valbonne_3_2023_09_29T17_46_58.jpg,labels/pyronear_valbonne_3_2023_09_29T17_46_58.txt,True,batiment,['batimentloin'],['soleilcouchant']
images/pyronear_salaunes_2_1_2023_08_27T09_36_06.jpg,labels/pyronear_salaunes_2_1_2023_08_27T09_36_06.txt,True,grosnuages,['grosnuages'],[]
images/pyronear_brison_4_2023_10_29T10_18_15.jpg,labels/pyronear_brison_4_2023_10_29T10_18_15.txt,True,grosnuages,['grosnuages'],['brume']
images/pyronear_brison_4_2023_08_17T10_28_54.jpg,labels/pyronear_brison_4_2023_08_17T10_28_54.txt,True,grosnuages,['grosnuages'],"['insecte', 'tache']"
images/pyronear_marguerite_3_2023_06_09T09_02_32.jpg,labels/pyronear_marguerite_3_2023_06_09T09_02_32.txt,True,arbre,['arbre'],['brume']
images/pyronear_salaunes_2_4_2023_08_18T06_29_42.jpg,labels/pyronear_salaunes_2_4_2023_08_18T06_29_42.txt,True,tuyau,['tuyau'],[]
images/pyronear_marguerite_3_2023_09_18T07_01_53.jpg,labels/pyronear_marguerite_3_2023_09_18T07_01_53.txt,True,arbre,['arbre'],['brume']
images/pyronear_brison_2_2023_09_24T05_59_12.jpg,labels/pyronear_brison_2_2023_09_24T05_59_12.txt,True,glare,['glare'],[]
images/pyronear_valbonne_4_2023_10_02T05_51_27.jpg,labels/pyronear_valbonne_4_2023_10_02T05_51_27.txt,True,soleil,['soleil'],['batiment']
images/pyronear_cabanelle_1_2023_10_10T11_27_44.jpg,labels/pyronear_cabanelle_1_2023_10_10T11_27_44.txt,True,grosnuages,"['grosnuages', 'nuagesbas']",[]
images/pyronear_brison_4_2023_08_17T07_34_28.jpg,labels/pyronear_brison_4_2023_08_17T07_34_28.txt,True,grosnuages,['grosnuages'],"['insecte', 'tache']"
images/pyronear_brison_3_2023_08_27T07_02_41.jpg,labels/pyronear_brison_3_2023_08_27T07_02_41.txt,True,grosnuages,['grosnuages'],['brume']
images/pyronear_ferion_1_2023_10_20T15_46_43.jpg,labels/pyronear_ferion_1_2023_10_20T15_46_43.txt,True,arbre,['arbre'],['brume']
images/pyronear_brison_4_2023_08_17T07_48_47.jpg,labels/pyronear_brison_4_2023_08_17T07_48_47.txt,True,grosnuages,['grosnuages'],"['insecte', 'tache']"
images/pyronear_marguerite_4_2023_06_09T13_18_44.jpg,labels/pyronear_marguerite_4_2023_06_09T13_18_44.txt,True,tache,"['batiment', 'tache']","['brume', 'pluie']"
images/pyronear_marguerite_2_2023_09_24T17_28_44.jpg,labels/pyronear_marguerite_2_2023_09_24T17_28_44.txt,True,nuagesbas,['nuagesfiligranes'],[]
images/pyronear_courmettes_4_2023_10_20T15_59_54.jpg,labels/pyronear_courmettes_4_2023_10_20T15_59_54.txt,True,grosnuages,['grosnuages'],"['antenne', 'soleilcontrejour']"
images/pyronear_brison_4_2023_08_17T10_02_20.jpg,labels/pyronear_brison_4_2023_08_17T10_02_20.txt,True,grosnuages,['grosnuages'],"['insecte', 'tache']"
images/pyronear_brison_2_2023_11_01T11_06_31.jpg,labels/pyronear_brison_2_2023_11_01T11_06_31.txt,True,brume,"['batiment', 'brume']",['brume']
images/pyronear_brison_2_2023_10_30T09_15_57.jpg,labels/pyronear_brison_2_2023_10_30T09_15_57.txt,True,brume,"['batiment', 'brume']",['brume']
images/pyronear_courmettes_1_2023_11_07T12_48_14.jpg,labels/pyronear_courmettes_1_2023_11_07T12_48_14.txt,True,nuagesbas,['nuagesbas'],[]
images/pyronear_brison_2_2023_10_19T17_00_22.jpg,labels/pyronear_brison_2_2023_10_19T17_00_22.txt,True,brume,"['batiment', 'brume']",['brume']
images/pyronear_valbonne_4_2023_10_29T09_40_21.jpg,labels/pyronear_valbonne_4_2023_10_29T09_40_21.txt,True,nuagesbas,['nuagesbas'],[]
images/pyronear_brison_2_2023_09_24T05_54_26.jpg,labels/pyronear_brison_2_2023_09_24T05_54_26.txt,True,glare,['glare'],[]
images/pyronear_marguerite_1_2023_09_14T05_42_43.jpg,labels/pyronear_marguerite_1_2023_09_14T05_42_43.txt,True,grosnuages,['grosnuages'],[]
images/pyronear_brison_2_2023_06_08T05_56_11.jpg,labels/pyronear_brison_2_2023_06_08T05_56_11.txt,True,grosnuages,['grosnuages'],['batiment']
images/pyronear_courmettes_2_2023_10_12T06_54_41.jpg,labels/pyronear_courmettes_2_2023_10_12T06_54_41.txt,True,grosnuages,['grosnuages'],[]
images/pyronear_marguerite_1_2023_06_14T03_32_39.jpg,labels/pyronear_marguerite_1_2023_06_14T03_32_39.txt,True,nuagesbas,['nuagesbas'],['nuit']
images/pyronear_cabanelle_1_2023_10_13T09_19_03.jpg,labels/pyronear_cabanelle_1_2023_10_13T09_19_03.txt,True,grosnuages,['grosnuages'],[]
images/pyronear_courmettes_2_2023_10_20T09_43_36.jpg,labels/pyronear_courmettes_2_2023_10_20T09_43_36.txt,True,grosnuages,['grosnuages'],['brume']
images/pyronear_brison_3_2023_09_07T06_47_33.jpg,labels/pyronear_brison_3_2023_09_07T06_47_33.txt,True,montagne,['montagne'],[]
images/pyronear_marguerite_3_2023_09_18T05_21_44.jpg,labels/pyronear_marguerite_3_2023_09_18T05_21_44.txt,True,arbre,['arbre'],['brume']
images/pyronear_courmettes_1_2023_09_27T05_52_03.jpg,labels/pyronear_courmettes_1_2023_09_27T05_52_03.txt,True,glare,['glareptjaune'],[]
images/pyronear_ferion_2_2023_10_28T07_00_40.jpg,labels/pyronear_ferion_2_2023_10_28T07_00_40.txt,True,glare,"['glare', 'tache']",[]
images/pyronear_courmettes_1_2023_11_03T06_26_20.jpg,labels/pyronear_courmettes_1_2023_11_03T06_26_20.txt,True,glare,['glaresoleilptrouge'],['soleilcouchant']
images/pyronear_valbonne_4_2023_10_24T16_28_51.jpg,labels/pyronear_valbonne_4_2023_10_24T16_28_51.txt,True,nuagesbas,['nuagesbas'],[]
images/pyronear_cabanelle_1_2023_10_13T09_14_33.jpg,labels/pyronear_cabanelle_1_2023_10_13T09_14_33.txt,True,grosnuages,['grosnuages'],[]
images/pyronear_courmettes_4_2023_11_02T09_38_36.jpg,labels/pyronear_courmettes_4_2023_11_02T09_38_36.txt,True,arbre,['arbre'],['brume']
images/pyronear_brison_1_2023_06_13T06_01_41.jpg,labels/pyronear_brison_1_2023_06_13T06_01_41.txt,True,grosnuages,['grosnuages'],[]
images/pyronear_st_peray_1_2023_07_21T08_52_30.jpg,labels/pyronear_st_peray_1_2023_07_21T08_52_30.txt,True,grosnuages,['grosnuages'],[]
images/pyronear_brison_2_2023_06_09T14_34_15.jpg,labels/pyronear_brison_2_2023_06_09T14_34_15.txt,True,nuagesbas,['nuagesbas'],['batiment']
images/pyronear_courmettes_1_2023_11_07T12_29_45.jpg,labels/pyronear_courmettes_1_2023_11_07T12_29_45.txt,True,nuagesbas,['nuagesbas'],[]
images/pyronear_brison_2_2023_10_30T08_30_52.jpg,labels/pyronear_brison_2_2023_10_30T08_30_52.txt,True,brume,"['batiment', 'brume']",['brume']
images/pyronear_salaunes_2_4_2023_08_18T06_29_39.jpg,labels/pyronear_salaunes_2_4_2023_08_18T06_29_39.txt,True,tuyau,['tuyau'],[]
images/pyronear_brison_3_2023_06_14T08_27_04.jpg,labels/pyronear_brison_3_2023_06_14T08_27_04.txt,True,grosnuages,['grosnuages'],['brume']
images/pyronear_marguerite_1_2023_09_15T17_03_38.jpg,labels/pyronear_marguerite_1_2023_09_15T17_03_38.txt,True,soleil,['soleilrayons'],[]
images/pyronear_salaunes_1_4_2023_09_29T17_21_24.jpg,labels/pyronear_salaunes_1_4_2023_09_29T17_21_24.txt,True,glare,['glareptjaune'],[]
images/pyronear_brison_3_2023_10_01T13_57_42.jpg,labels/pyronear_brison_3_2023_10_01T13_57_42.txt,True,montagne,['montagne'],[]
images/pyronear_cabanelle_2_2023_09_30T06_05_11.jpg,labels/pyronear_cabanelle_2_2023_09_30T06_05_11.txt,True,soleil,"['glare', 'refletslac', 'soleil', 'tacherouge']",[]
images/pyronear_ferion_2_2023_10_22T06_45_03.jpg,labels/pyronear_ferion_2_2023_10_22T06_45_03.txt,True,glare,['glare'],[]
images/pyronear_cabanelle_1_2023_10_13T09_19_33.jpg,labels/pyronear_cabanelle_1_2023_10_13T09_19_33.txt,True,grosnuages,['grosnuages'],[]
images/pyronear_brison_2_2023_10_19T07_48_12.jpg,labels/pyronear_brison_2_2023_10_19T07_48_12.txt,True,brume,"['batiment', 'brume']",['brume']
images/pyronear_salaunes_1_2_2023_08_15T08_13_52.jpg,labels/pyronear_salaunes_1_2_2023_08_15T08_13_52.txt,True,pluie,['pluie'],[]
images/pyronear_cabanelle_1_2023_10_10T11_40_45.jpg,labels/pyronear_cabanelle_1_2023_10_10T11_40_45.txt,True,grosnuages,"['grosnuages', 'nuagesbas']",[]
images/pyronear_brison_2_2023_10_30T07_34_24.jpg,labels/pyronear_brison_2_2023_10_30T07_34_24.txt,True,brume,"['batiment', 'brume']",['brume']
images/pyronear_brison_2_2023_10_19T08_22_43.jpg,labels/pyronear_brison_2_2023_10_19T08_22_43.txt,True,brume,"['batiment', 'brume']",['brume']
images/pyronear_brison_4_2023_07_09T19_02_11.jpg,labels/pyronear_brison_4_2023_07_09T19_02_11.txt,True,glare,['glare'],[]
images/pyronear_marguerite_4_2023_09_21T12_39_07.jpg,labels/pyronear_marguerite_4_2023_09_21T12_39_07.txt,True,tache,"['batiment', 'tache']","['brume', 'pluie']"
images/pyronear_brison_2_2023_07_09T05_46_15.jpg,labels/pyronear_brison_2_2023_07_09T05_46_15.txt,True,glare,['glare'],[]
images/pyronear_marguerite_1_2023_09_14T16_15_37.jpg,labels/pyronear_marguerite_1_2023_09_14T16_15_37.txt,True,glare,['glare'],[]
images/pyronear_brison_2_2023_10_29T06_24_59.jpg,labels/pyronear_brison_2_2023_10_29T06_24_59.txt,True,brume,"['batiment', 'brume']",['brume']
images/pyronear_courmettes_1_2023_09_26T04_56_11.jpg,labels/pyronear_courmettes_1_2023_09_26T04_56_11.txt,True,soleil,"['refletslac', 'soleil']",['soleilcouchant']
images/pyronear_salaunes_1_4_2023_10_04T17_14_11.jpg,labels/pyronear_salaunes_1_4_2023_10_04T17_14_11.txt,True,glare,['glareptjaune'],[]
images/pyronear_courmettes_4_2023_11_02T10_08_39.jpg,labels/pyronear_courmettes_4_2023_11_02T10_08_39.txt,True,arbre,['arbre'],['brume']
images/pyronear_brison_3_2023_10_07T17_25_14.jpg,labels/pyronear_brison_3_2023_10_07T17_25_14.txt,True,zonenoire,['zonenoire'],['soleilcouchant']
images/pyronear_brison_1_2023_09_13T07_41_00.jpg,labels/pyronear_brison_1_2023_09_13T07_41_00.txt,True,nuagesbas,['nuagesbas'],[]
images/pyronear_brison_2_2023_10_30T07_19_53.jpg,labels/pyronear_brison_2_2023_10_30T07_19_53.txt,True,brume,"['batiment', 'brume']",['brume']
images/pyronear_valbonne_2_2023_11_06T15_56_45.jpg,labels/pyronear_valbonne_2_2023_11_06T15_56_45.txt,True,nuagesbas,['nuagesbas'],[]
images/pyronear_brison_3_2023_08_29T05_50_39.jpg,labels/pyronear_brison_3_2023_08_29T05_50_39.txt,True,montagne,['montagne'],[]
images/pyronear_cabanelle_1_2023_10_10T11_54_15.jpg,labels/pyronear_cabanelle_1_2023_10_10T11_54_15.txt,True,grosnuages,"['grosnuages', 'nuagesbas']",[]
images/pyronear_valbonne_2_2023_11_06T15_12_21.jpg,labels/pyronear_valbonne_2_2023_11_06T15_12_21.txt,True,nuagesbas,['nuagesbas'],[]
images/pyronear_ferion_2_2023_10_28T15_31_07.jpg,labels/pyronear_ferion_2_2023_10_28T15_31_07.txt,True,grosnuages,['grosnuages'],[]
images/pyronear_marguerite_3_2023_09_18T10_41_31.jpg,labels/pyronear_marguerite_3_2023_09_18T10_41_31.txt,True,arbre,['arbre'],['brume']
images/pyronear_valbonne_2_2023_11_06T15_10_14.jpg,labels/pyronear_valbonne_2_2023_11_06T15_10_14.txt,True,nuagesbas,['nuagesbas'],[]
images/pyronear_ferion_4_2023_11_06T15_08_06.jpg,labels/pyronear_ferion_4_2023_11_06T15_08_06.txt,True,nuagesbas,['nuagesbas'],['soleilcouchant']
images/pyronear_courmettes_4_2023_10_03T17_24_55.jpg,labels/pyronear_courmettes_4_2023_10_03T17_24_55.txt,True,nuagesbas,['nuagesbas'],"['antenne', 'soleilcouchant']"
images/pyronear_valbonne_2_2023_11_05T15_22_37.jpg,labels/pyronear_valbonne_2_2023_11_05T15_22_37.txt,True,nuagesbas,['nuagesbas'],[]
images/pyronear_marguerite_1_2023_08_11T15_38_43.jpg,labels/pyronear_marguerite_1_2023_08_11T15_38_43.txt,True,soleil,['soleilrayons'],[]
images/pyronear_valbonne_2_2023_11_06T15_02_14.jpg,labels/pyronear_valbonne_2_2023_11_06T15_02_14.txt,True,nuagesbas,['nuagesbas'],[]
images/pyronear_valbonne_2_2023_11_06T13_59_50.jpg,labels/pyronear_valbonne_2_2023_11_06T13_59_50.txt,True,nuagesbas,['nuagesbas'],[]
images/pyronear_brison_4_2023_10_31T17_07_52.jpg,labels/pyronear_brison_4_2023_10_31T17_07_52.txt,True,nuagesbas,['nuagesbas'],[]
images/pyronear_courmettes_1_2023_09_26T06_08_14.jpg,labels/pyronear_courmettes_1_2023_09_26T06_08_14.txt,True,glare,['glaretache'],[]
images/pyronear_valbonne_2_2023_11_05T16_18_08.jpg,labels/pyronear_valbonne_2_2023_11_05T16_18_08.txt,True,nuagesbas,['nuagesbas'],[]
images/pyronear_brison_2_2023_10_09T05_54_36.jpg,labels/pyronear_brison_2_2023_10_09T05_54_36.txt,True,soleil,"['nuagesbas', 'soleil']",['batiment']
images/pyronear_marguerite_3_2023_09_18T05_44_16.jpg,labels/pyronear_marguerite_3_2023_09_18T05_44_16.txt,True,arbre,['arbre'],['brume']
images/pyronear_brison_2_2023_10_30T06_54_55.jpg,labels/pyronear_brison_2_2023_10_30T06_54_55.txt,True,brume,"['batiment', 'brume']",['brume']
images/pyronear_salaunes_2_1_2023_11_05T10_29_54.jpg,labels/pyronear_salaunes_2_1_2023_11_05T10_29_54.txt,True,grosnuages,['grosnuagesrefletssoleil'],[]
images/pyronear_marguerite_3_2023_09_18T07_49_57.jpg,labels/pyronear_marguerite_3_2023_09_18T07_49_57.txt,True,arbre,['arbre'],['brume']
images/pyronear_marguerite_2_2023_09_10T18_18_20.jpg,labels/pyronear_marguerite_2_2023_09_10T18_18_20.txt,True,nuagesbas,['nuagesbas'],['soleilcouchant']
images/pyronear_brison_4_2023_08_17T07_58_51.jpg,labels/pyronear_brison_4_2023_08_17T07_58_51.txt,True,grosnuages,['grosnuages'],"['insecte', 'tache']"
images/pyronear_marguerite_1_2023_08_22T16_16_18.jpg,labels/pyronear_marguerite_1_2023_08_22T16_16_18.txt,True,soleil,['soleilrayons'],[]
images/pyronear_valbonne_4_2023_10_01T05_48_17.jpg,labels/pyronear_valbonne_4_2023_10_01T05_48_17.txt,True,soleil,['soleil'],['batiment']
images/pyronear_marguerite_3_2023_09_18T09_12_27.jpg,labels/pyronear_marguerite_3_2023_09_18T09_12_27.txt,True,arbre,['arbre'],['brume']
images/pyronear_marguerite_3_2023_09_18T09_53_30.jpg,labels/pyronear_marguerite_3_2023_09_18T09_53_30.txt,True,nuagesbas,['nuagesbas'],[]
images/pyronear_marguerite_3_2023_09_18T09_29_29.jpg,labels/pyronear_marguerite_3_2023_09_18T09_29_29.txt,True,arbre,['arbre'],['brume']
images/pyronear_brison_2_2023_09_21T08_40_27.jpg,labels/pyronear_brison_2_2023_09_21T08_40_27.txt,True,brume,"['batiment', 'brume']",['brume']
images/pyronear_cabanelle_1_2023_10_11T11_47_22.jpg,labels/pyronear_cabanelle_1_2023_10_11T11_47_22.txt,True,brume,['brume'],[]
images/pyronear_valbonne_2_2023_11_05T15_17_07.jpg,labels/pyronear_valbonne_2_2023_11_05T15_17_07.txt,True,nuagesbas,['nuagesbas'],[]
images/pyronear_marguerite_3_2023_09_18T07_07_24.jpg,labels/pyronear_marguerite_3_2023_09_18T07_07_24.txt,True,arbre,['arbre'],['brume']
images/pyronear_ferion_4_2023_11_06T15_34_08.jpg,labels/pyronear_ferion_4_2023_11_06T15_34_08.txt,True,nuagesbas,['nuagesbas'],['soleilcouchant']
images/pyronear_cabanelle_2_2023_10_01T06_40_36.jpg,labels/pyronear_cabanelle_2_2023_10_01T06_40_36.txt,True,soleil,"['glare', 'refletslac', 'soleil', 'tacherouge']",[]
images/pyronear_courmettes_4_2023_11_02T08_59_36.jpg,labels/pyronear_courmettes_4_2023_11_02T08_59_36.txt,True,arbre,['arbre'],['brume']
images/pyronear_valbonne_4_2023_10_29T09_45_25.jpg,labels/pyronear_valbonne_4_2023_10_29T09_45_25.txt,True,nuagesbas,['nuagesbas'],[]
images/pyronear_marguerite_1_2023_09_14T16_00_05.jpg,labels/pyronear_marguerite_1_2023_09_14T16_00_05.txt,True,glare,['glaresoleilrayons'],[]
images/pyronear_ferion_2_2023_10_17T14_53_39.jpg,labels/pyronear_ferion_2_2023_10_17T14_53_39.txt,True,nuagesbas,['nuagesbas'],['brume']
images/pyronear_brison_1_2023_09_13T06_42_14.jpg,labels/pyronear_brison_1_2023_09_13T06_42_14.txt,True,nuagesbas,['nuagesbas'],[]
images/pyronear_brison_4_2023_10_24T15_23_52.jpg,labels/pyronear_brison_4_2023_10_24T15_23_52.txt,True,grosnuages,['grosnuages'],[]
images/pyronear_marguerite_3_2023_09_18T05_32_14.jpg,labels/pyronear_marguerite_3_2023_09_18T05_32_14.txt,True,arbre,['arbre'],['brume']
images/pyronear_brison_3_2023_08_27T07_02_37.jpg,labels/pyronear_brison_3_2023_08_27T07_02_37.txt,True,grosnuages,['grosnuages'],['brume']
images/pyronear_brison_2_2023_09_22T08_51_23.jpg,labels/pyronear_brison_2_2023_09_22T08_51_23.txt,True,nuagesbas,['nuagesbas'],['batiment']
images/pyronear_valbonne_4_2023_10_29T07_02_16.jpg,labels/pyronear_valbonne_4_2023_10_29T07_02_16.txt,True,nuagesbas,['nuagesbas'],[]
images/pyronear_marguerite_4_2023_09_21T11_35_04.jpg,labels/pyronear_marguerite_4_2023_09_21T11_35_04.txt,True,tache,"['batiment', 'tache']","['brume', 'pluie']"
images/pyronear_brison_4_2023_11_02T10_57_57.jpg,labels/pyronear_brison_4_2023_11_02T10_57_57.txt,True,nuagesbas,['nuagesbas'],[]
images/pyronear_brison_1_2023_06_15T04_01_19.jpg,labels/pyronear_brison_1_2023_06_15T04_01_19.txt,True,soleil,['soleil'],[]
images/pyronear_courmettes_1_2023_09_27T06_09_04.jpg,labels/pyronear_courmettes_1_2023_09_27T06_09_04.txt,True,glare,['glaretache'],[]
images/pyronear_brison_1_2023_06_13T06_02_20.jpg,labels/pyronear_brison_1_2023_06_13T06_02_20.txt,True,grosnuages,['grosnuages'],[]
images/pyronear_st_peray_1_2023_06_30T09_34_05.jpg,labels/pyronear_st_peray_1_2023_06_30T09_34_05.txt,True,nuagesbas,['nuagesbas'],[]
images/pyronear_brison_2_2023_10_30T13_42_27.jpg,labels/pyronear_brison_2_2023_10_30T13_42_27.txt,True,brume,"['batiment', 'brume']",['brume']
images/pyronear_marguerite_4_2023_10_29T13_24_15.jpg,labels/pyronear_marguerite_4_2023_10_29T13_24_15.txt,True,batiment,['batiment'],"['brume', 'pluie']"
images/pyronear_salaunes_2_1_2023_10_21T06_42_45.jpg,labels/pyronear_salaunes_2_1_2023_10_21T06_42_45.txt,True,grosnuages,['grosnuagesrefletssoleil'],[]
images/pyronear_brison_2_2023_09_21T08_22_54.jpg,labels/pyronear_brison_2_2023_09_21T08_22_54.txt,True,brume,"['batiment', 'brume']",['brume']
images/pyronear_brison_1_2023_06_22T11_36_19.jpg,labels/pyronear_brison_1_2023_06_22T11_36_19.txt,True,nuagesbas,['nuagesbas'],['brume']
images/pyronear_salaunes_2_4_2023_08_18T06_29_43.jpg,labels/pyronear_salaunes_2_4_2023_08_18T06_29_43.txt,True,tuyau,['tuyau'],[]
images/pyronear_brison_3_2023_10_02T13_21_09.jpg,labels/pyronear_brison_3_2023_10_02T13_21_09.txt,True,montagne,['montagne'],[]
images/pyronear_marguerite_3_2023_09_18T05_18_16.jpg,labels/pyronear_marguerite_3_2023_09_18T05_18_16.txt,True,arbre,['arbre'],['brume']
images/pyronear_cabanelle_1_2023_10_13T08_04_01.jpg,labels/pyronear_cabanelle_1_2023_10_13T08_04_01.txt,True,grosnuages,['grosnuages'],[]
images/pyronear_brison_3_2023_09_07T06_36_30.jpg,labels/pyronear_brison_3_2023_09_07T06_36_30.txt,True,montagne,['montagne'],[]
images/pyronear_cabanelle_1_2023_10_11T14_46_58.jpg,labels/pyronear_cabanelle_1_2023_10_11T14_46_58.txt,True,brume,['brume'],[]
images/pyronear_salaunes_2_1_2023_10_21T06_51_15.jpg,labels/pyronear_salaunes_2_1_2023_10_21T06_51_15.txt,True,grosnuages,['grosnuagesrefletssoleil'],[]
images/pyronear_brison_2_2023_10_19T07_48_06.jpg,labels/pyronear_brison_2_2023_10_19T07_48_06.txt,True,brume,"['batiment', 'brume']",['brume']
images/pyronear_valbonne_3_2023_10_20T11_12_42.jpg,labels/pyronear_valbonne_3_2023_10_20T11_12_42.txt,True,nuagesbas,['nuagesbas'],[]
images/pyronear_brison_2_2023_10_30T09_47_00.jpg,labels/pyronear_brison_2_2023_10_30T09_47_00.txt,True,brume,"['batiment', 'brume']",['brume']
images/pyronear_valbonne_3_2023_10_20T11_14_11.jpg,labels/pyronear_valbonne_3_2023_10_20T11_14_11.txt,True,nuagesbas,['nuagesbas'],[]
images/pyronear_cabanelle_1_2023_10_10T11_35_14.jpg,labels/pyronear_cabanelle_1_2023_10_10T11_35_14.txt,True,grosnuages,"['grosnuages', 'nuagesbas']",[]
images/pyronear_salaunes_2_1_2023_08_27T18_15_25.jpg,labels/pyronear_salaunes_2_1_2023_08_27T18_15_25.txt,True,grosnuages,['grosnuages'],[]
images/pyronear_brison_4_2023_08_17T07_27_42.jpg,labels/pyronear_brison_4_2023_08_17T07_27_42.txt,True,grosnuages,['grosnuages'],"['insecte', 'tache']"
images/pyronear_ferion_2_2023_10_29T15_04_38.jpg,labels/pyronear_ferion_2_2023_10_29T15_04_38.txt,True,grosnuages,['grosnuages'],[]
images/pyronear_courmettes_1_2023_11_03T06_27_20.jpg,labels/pyronear_courmettes_1_2023_11_03T06_27_20.txt,True,glare,['glaresoleilptrouge'],['soleilcouchant']
images/pyronear_salaunes_1_1_2023_08_09T18_03_59.jpg,labels/pyronear_salaunes_1_1_2023_08_09T18_03_59.txt,True,nuagesbas,['nuagesbas'],[]
images/pyronear_brison_1_2023_06_15T04_00_19.jpg,labels/pyronear_brison_1_2023_06_15T04_00_19.txt,True,soleil,['soleil'],[]
images/pyronear_valbonne_3_2023_09_28T17_41_39.jpg,labels/pyronear_valbonne_3_2023_09_28T17_41_39.txt,True,batiment,['batimentloin'],['soleilcouchant']
images/pyronear_cabanelle_1_2023_10_11T11_40_23.jpg,labels/pyronear_cabanelle_1_2023_10_11T11_40_23.txt,True,brume,['brume'],[]
images/pyronear_brison_4_2023_06_19T19_04_57.jpg,labels/pyronear_brison_4_2023_06_19T19_04_57.txt,True,glare,['glareptjaune'],[]
images/pyronear_brison_3_2023_08_29T06_10_44.jpg,labels/pyronear_brison_3_2023_08_29T06_10_44.txt,True,montagne,['montagne'],[]
images/pyronear_brison_2_2023_10_29T06_12_35.jpg,labels/pyronear_brison_2_2023_10_29T06_12_35.txt,True,brume,"['batiment', 'brume']",['brume']
images/pyronear_valbonne_2_2023_11_06T15_25_45.jpg,labels/pyronear_valbonne_2_2023_11_06T15_25_45.txt,True,nuagesbas,['nuagesbas'],[]
images/pyronear_marguerite_1_2023_09_14T14_53_34.jpg,labels/pyronear_marguerite_1_2023_09_14T14_53_34.txt,True,nuagesbas,['nuagesbas'],[]
images/pyronear_salaunes_1_2_2023_08_05T05_29_24.jpg,labels/pyronear_salaunes_1_2_2023_08_05T05_29_24.txt,True,grosnuages,['grosnuages'],[]
images/pyronear_valbonne_3_2023_10_20T11_12_44.jpg,labels/pyronear_valbonne_3_2023_10_20T11_12_44.txt,True,nuagesbas,['nuagesbas'],[]
images/pyronear_brison_1_2023_08_19T04_53_52.jpg,labels/pyronear_brison_1_2023_08_19T04_53_52.txt,True,soleil,['soleil'],[]
images/pyronear_valbonne_3_2023_10_20T10_39_09.jpg,labels/pyronear_valbonne_3_2023_10_20T10_39_09.txt,True,nuagesbas,['nuagesbas'],[]
images/pyronear_ferion_2_2023_10_17T14_29_46.jpg,labels/pyronear_ferion_2_2023_10_17T14_29_46.txt,True,nuagesbas,['nuagesbas'],['brume']
images/pyronear_valbonne_4_2023_10_18T10_37_45.jpg,labels/pyronear_valbonne_4_2023_10_18T10_37_45.txt,True,nuagesbas,['nuagesbas'],[]
images/pyronear_courmettes_1_2023_11_07T07_34_32.jpg,labels/pyronear_courmettes_1_2023_11_07T07_34_32.txt,True,soleil,"['refletslac', 'soleil']",[]
images/pyronear_marguerite_2_2023_09_24T17_25_50.jpg,labels/pyronear_marguerite_2_2023_09_24T17_25_50.txt,True,nuagesbas,['nuagesfiligranes'],[]
images/pyronear_brison_4_2023_06_28T18_58_36.jpg,labels/pyronear_brison_4_2023_06_28T18_58_36.txt,True,glare,['glare'],[]
images/pyronear_courmettes_1_2023_11_07T06_33_31.jpg,labels/pyronear_courmettes_1_2023_11_07T06_33_31.txt,True,glare,['glaresoleilptrouge'],['soleilcouchant']
images/pyronear_cabanelle_1_2023_10_11T12_20_31.jpg,labels/pyronear_cabanelle_1_2023_10_11T12_20_31.txt,True,brume,['brume'],[]
images/pyronear_cabanelle_1_2023_10_11T14_57_58.jpg,labels/pyronear_cabanelle_1_2023_10_11T14_57_58.txt,True,brume,['brume'],[]
images/pyronear_brison_4_2023_08_17T08_32_19.jpg,labels/pyronear_brison_4_2023_08_17T08_32_19.txt,True,grosnuages,['grosnuages'],"['insecte', 'tache']"
images/pyronear_brison_4_2023_10_29T10_26_15.jpg,labels/pyronear_brison_4_2023_10_29T10_26_15.txt,True,grosnuages,['grosnuages'],['brume']
images/pyronear_valbonne_2_2023_11_05T15_18_36.jpg,labels/pyronear_valbonne_2_2023_11_05T15_18_36.txt,True,nuagesbas,['nuagesbas'],[]
images/pyronear_marguerite_3_2023_09_18T05_27_15.jpg,labels/pyronear_marguerite_3_2023_09_18T05_27_15.txt,True,arbre,['arbre'],['brume']
images/pyronear_brison_2_2023_10_19T09_03_37.jpg,labels/pyronear_brison_2_2023_10_19T09_03_37.txt,True,brume,"['batiment', 'brume']",['brume']
images/pyronear_marguerite_4_2023_10_29T13_10_47.jpg,labels/pyronear_marguerite_4_2023_10_29T13_10_47.txt,True,batiment,['batiment'],"['brume', 'pluie']"
images/pyronear_courmettes_4_2023_11_02T09_22_39.jpg,labels/pyronear_courmettes_4_2023_11_02T09_22_39.txt,True,arbre,['arbre'],['brume']
images/pyronear_brison_2_2023_10_19T07_49_35.jpg,labels/pyronear_brison_2_2023_10_19T07_49_35.txt,True,brume,"['batiment', 'brume']",['brume']
images/pyronear_marguerite_1_2023_09_14T16_17_36.jpg,labels/pyronear_marguerite_1_2023_09_14T16_17_36.txt,True,glare,['glaresoleilrayons'],[]
images/pyronear_marguerite_4_2023_06_09T13_14_46.jpg,labels/pyronear_marguerite_4_2023_06_09T13_14_46.txt,True,tache,"['batiment', 'tache']","['brume', 'pluie']"
images/pyronear_ferion_2_2023_10_27T06_51_29.jpg,labels/pyronear_ferion_2_2023_10_27T06_51_29.txt,True,glare,['glare'],[]
images/pyronear_brison_4_2023_06_27T19_10_40.jpg,labels/pyronear_brison_4_2023_06_27T19_10_40.txt,True,soleil,['soleil'],[]
images/pyronear_brison_4_2023_08_17T09_48_51.jpg,labels/pyronear_brison_4_2023_08_17T09_48_51.txt,True,grosnuages,['grosnuages'],"['insecte', 'tache']"
images/pyronear_marguerite_1_2023_08_22T15_50_17.jpg,labels/pyronear_marguerite_1_2023_08_22T15_50_17.txt,True,soleil,['soleilrayons'],[]
images/pyronear_brison_2_2023_09_21T06_44_58.jpg,labels/pyronear_brison_2_2023_09_21T06_44_58.txt,True,brume,"['batiment', 'brume']",['brume']
images/pyronear_valbonne_3_2023_09_30T17_46_33.jpg,labels/pyronear_valbonne_3_2023_09_30T17_46_33.txt,True,batiment,['batimentloin'],['soleilcouchant']
images/pyronear_brison_2_2023_10_30T07_54_24.jpg,labels/pyronear_brison_2_2023_10_30T07_54_24.txt,True,brume,"['batiment', 'brume']",['brume']
images/pyronear_valbonne_3_2023_09_28T17_48_09.jpg,labels/pyronear_valbonne_3_2023_09_28T17_48_09.txt,True,batiment,['batimentloin'],['soleilcouchant']
images/pyronear_brison_2_2023_06_09T13_20_42.jpg,labels/pyronear_brison_2_2023_06_09T13_20_42.txt,True,nuagesbas,['nuagesbas'],['batiment']
images/pyronear_marguerite_1_2023_06_27T03_38_05.jpg,labels/pyronear_marguerite_1_2023_06_27T03_38_05.txt,True,nuagesbas,['nuagesbas'],['nuit']
images/pyronear_cabanelle_1_2023_10_11T15_27_29.jpg,labels/pyronear_cabanelle_1_2023_10_11T15_27_29.txt,True,brume,['brume'],[]
images/pyronear_courmettes_1_2023_11_07T13_08_44.jpg,labels/pyronear_courmettes_1_2023_11_07T13_08_44.txt,True,nuagesbas,['nuagesbas'],[]
images/pyronear_marguerite_2_2023_09_01T17_57_02.jpg,labels/pyronear_marguerite_2_2023_09_01T17_57_02.txt,True,nuagesbas,['nuagesbas'],['soleilcouchant']
images/pyronear_courmettes_1_2023_09_27T06_08_04.jpg,labels/pyronear_courmettes_1_2023_09_27T06_08_04.txt,True,glare,['glaretache'],[]
images/pyronear_valbonne_4_2023_11_04T13_40_14.jpg,labels/pyronear_valbonne_4_2023_11_04T13_40_14.txt,True,nuagesbas,['nuagesbas'],[]
images/pyronear_cabanelle_1_2023_10_13T09_02_33.jpg,labels/pyronear_cabanelle_1_2023_10_13T09_02_33.txt,True,grosnuages,['grosnuages'],[]
images/pyronear_brison_3_2023_06_08T05_30_16.jpg,labels/pyronear_brison_3_2023_06_08T05_30_16.txt,True,grosnuages,['grosnuages'],[]
images/pyronear_brison_4_2023_06_28T19_11_35.jpg,labels/pyronear_brison_4_2023_06_28T19_11_35.txt,True,soleil,['soleil'],[]
images/pyronear_marguerite_2_2023_08_29T17_34_45.jpg,labels/pyronear_marguerite_2_2023_08_29T17_34_45.txt,True,nuagesbas,['nuagesbas'],['soleilcouchant']
images/pyronear_valbonne_4_2023_10_18T08_32_08.jpg,labels/pyronear_valbonne_4_2023_10_18T08_32_08.txt,True,nuagesbas,['nuagesbas'],[]
images/pyronear_courmettes_2_2023_11_04T06_56_33.jpg,labels/pyronear_courmettes_2_2023_11_04T06_56_33.txt,True,glare,['glare'],[]
images/pyronear_brison_4_2023_06_27T18_55_40.jpg,labels/pyronear_brison_4_2023_06_27T18_55_40.txt,True,glare,['glare'],[]
images/pyronear_salaunes_2_4_2023_08_19T05_12_03.jpg,labels/pyronear_salaunes_2_4_2023_08_19T05_12_03.txt,True,tuyau,['tuyau'],[]
images/pyronear_salaunes_2_1_2023_11_05T10_47_21.jpg,labels/pyronear_salaunes_2_1_2023_11_05T10_47_21.txt,True,grosnuages,['grosnuagesrefletssoleil'],[]
images/pyronear_marguerite_1_2023_09_18T16_10_05.jpg,labels/pyronear_marguerite_1_2023_09_18T16_10_05.txt,True,glare,['glare'],[]
images/pyronear_salaunes_2_1_2023_11_05T10_44_52.jpg,labels/pyronear_salaunes_2_1_2023_11_05T10_44_52.txt,True,grosnuages,['grosnuagesrefletssoleil'],[]
images/pyronear_valbonne_4_2023_10_29T10_02_52.jpg,labels/pyronear_valbonne_4_2023_10_29T10_02_52.txt,True,nuagesbas,['nuagesbas'],[]
images/pyronear_salaunes_2_1_2023_08_27T08_30_11.jpg,labels/pyronear_salaunes_2_1_2023_08_27T08_30_11.txt,True,grosnuages,['grosnuages'],[]
images/pyronear_valbonne_3_2023_10_13T17_18_52.jpg,labels/pyronear_valbonne_3_2023_10_13T17_18_52.txt,True,batiment,['batimentloin'],['soleilcouchant']
images/pyronear_valbonne_2_2023_11_06T15_04_14.jpg,labels/pyronear_valbonne_2_2023_11_06T15_04_14.txt,True,nuagesbas,['nuagesbas'],[]
images/pyronear_cabanelle_1_2023_10_10T11_22_14.jpg,labels/pyronear_cabanelle_1_2023_10_10T11_22_14.txt,True,grosnuages,"['grosnuages', 'nuagesbas']",[]
images/pyronear_cabanelle_1_2023_10_13T08_49_02.jpg,labels/pyronear_cabanelle_1_2023_10_13T08_49_02.txt,True,grosnuages,['grosnuages'],[]
images/pyronear_brison_2_2023_10_19T08_22_35.jpg,labels/pyronear_brison_2_2023_10_19T08_22_35.txt,True,brume,"['batiment', 'brume']",['brume']
images/pyronear_brison_4_2023_06_19T19_05_22.jpg,labels/pyronear_brison_4_2023_06_19T19_05_22.txt,True,glare,['glareptjaune'],[]
images/pyronear_brison_4_2023_11_01T13_05_32.jpg,labels/pyronear_brison_4_2023_11_01T13_05_32.txt,True,nuagesbas,['nuagesbas'],[]
images/pyronear_brison_2_2023_09_14T17_46_32.jpg,labels/pyronear_brison_2_2023_09_14T17_46_32.txt,True,grosnuages,['grosnuages'],['batiment']
images/pyronear_cabanelle_1_2023_10_11T15_39_02.jpg,labels/pyronear_cabanelle_1_2023_10_11T15_39_02.txt,True,brume,['brume'],[]
images/pyronear_marguerite_3_2023_09_18T08_56_56.jpg,labels/pyronear_marguerite_3_2023_09_18T08_56_56.txt,True,arbre,['arbre'],['brume']
images/pyronear_salaunes_2_4_2023_08_18T06_32_40.jpg,labels/pyronear_salaunes_2_4_2023_08_18T06_32_40.txt,True,tuyau,['tuyau'],[]
images/pyronear_valbonne_2_2023_11_05T14_55_06.jpg,labels/pyronear_valbonne_2_2023_11_05T14_55_06.txt,True,nuagesbas,['nuagesbas'],[]
images/pyronear_valbonne_4_2023_10_29T09_57_22.jpg,labels/pyronear_valbonne_4_2023_10_29T09_57_22.txt,True,nuagesbas,['nuagesbas'],[]
images/pyronear_valbonne_4_2023_10_02T05_55_27.jpg,labels/pyronear_valbonne_4_2023_10_02T05_55_27.txt,True,soleil,['soleil'],['batiment']
images/pyronear_brison_2_2023_10_19T07_39_34.jpg,labels/pyronear_brison_2_2023_10_19T07_39_34.txt,True,brume,"['batiment', 'brume']",['brume']
images/pyronear_courmettes_1_2023_11_07T13_20_45.jpg,labels/pyronear_courmettes_1_2023_11_07T13_20_45.txt,True,nuagesbas,['nuagesbas'],[]
images/pyronear_courmettes_4_2023_10_20T16_07_24.jpg,labels/pyronear_courmettes_4_2023_10_20T16_07_24.txt,True,grosnuages,['grosnuages'],"['antenne', 'soleilcontrejour']"
images/pyronear_valbonne_2_2023_11_05T14_54_35.jpg,labels/pyronear_valbonne_2_2023_11_05T14_54_35.txt,True,nuagesbas,['nuagesbas'],[]
images/pyronear_marguerite_1_2023_06_13T18_24_44.jpg,labels/pyronear_marguerite_1_2023_06_13T18_24_44.txt,True,grosnuages,['grosnuages'],[]
images/pyronear_brison_2_2023_09_21T08_24_26.jpg,labels/pyronear_brison_2_2023_09_21T08_24_26.txt,True,brume,"['batiment', 'brume']",['brume']
images/pyronear_ferion_2_2023_11_06T06_46_07.jpg,labels/pyronear_ferion_2_2023_11_06T06_46_07.txt,True,glare,"['glare', 'tache']",[]
images/pyronear_valbonne_4_2023_10_01T05_56_47.jpg,labels/pyronear_valbonne_4_2023_10_01T05_56_47.txt,True,soleil,['soleil'],['batiment']
images/pyronear_courmettes_2_2023_10_20T09_44_07.jpg,labels/pyronear_courmettes_2_2023_10_20T09_44_07.txt,True,grosnuages,['grosnuages'],['brume']
images/pyronear_marguerite_2_2023_09_10T18_29_21.jpg,labels/pyronear_marguerite_2_2023_09_10T18_29_21.txt,True,nuagesbas,['nuagesbas'],['soleilcouchant']
images/pyronear_brison_4_2023_07_09T19_00_40.jpg,labels/pyronear_brison_4_2023_07_09T19_00_40.txt,True,glare,['glare'],[]
images/pyronear_marguerite_2_2023_09_10T18_27_51.jpg,labels/pyronear_marguerite_2_2023_09_10T18_27_51.txt,True,nuagesbas,['nuagesbas'],['soleilcouchant']
images/pyronear_courmettes_1_2023_11_07T13_53_46.jpg,labels/pyronear_courmettes_1_2023_11_07T13_53_46.txt,True,nuagesbas,['nuagesbas'],[]
images/pyronear_marguerite_2_2023_10_27T17_01_19.jpg,labels/pyronear_marguerite_2_2023_10_27T17_01_19.txt,True,nuagesbas,['nuagesbas'],['soleilcouchant']
images/pyronear_marguerite_3_2023_06_09T09_35_04.jpg,labels/pyronear_marguerite_3_2023_06_09T09_35_04.txt,True,arbre,['arbre'],['brume']
images/pyronear_courmettes_1_2023_11_07T12_54_43.jpg,labels/pyronear_courmettes_1_2023_11_07T12_54_43.txt,True,nuagesbas,['nuagesbas'],[]
images/pyronear_brison_2_2023_09_21T08_49_27.jpg,labels/pyronear_brison_2_2023_09_21T08_49_27.txt,True,brume,"['batiment', 'brume']",['brume']
images/pyronear_salaunes_2_4_2023_08_19T05_37_33.jpg,labels/pyronear_salaunes_2_4_2023_08_19T05_37_33.txt,True,tuyau,['tuyau'],[]
images/pyronear_brison_2_2023_09_14T15_00_57.jpg,labels/pyronear_brison_2_2023_09_14T15_00_57.txt,True,grosnuages,['grosnuages'],['batiment']
images/pyronear_courmettes_1_2023_09_29T05_57_14.jpg,labels/pyronear_courmettes_1_2023_09_29T05_57_14.txt,True,glare,"['glaretacherouge', 'soleilrefletslac']",[]
images/pyronear_marguerite_3_2023_09_18T07_11_24.jpg,labels/pyronear_marguerite_3_2023_09_18T07_11_24.txt,True,arbre,['arbre'],['brume']
images/pyronear_brison_4_2023_10_28T08_23_40.jpg,labels/pyronear_brison_4_2023_10_28T08_23_40.txt,True,nuagesbas,['nuagesbas'],[]
images/pyronear_brison_2_2023_10_19T09_04_06.jpg,labels/pyronear_brison_2_2023_10_19T09_04_06.txt,True,brume,"['batiment', 'brume']",['brume']
images/pyronear_courmettes_4_2023_11_02T09_37_37.jpg,labels/pyronear_courmettes_4_2023_11_02T09_37_37.txt,True,arbre,['arbre'],['brume']
images/pyronear_cabanelle_2_2023_10_01T06_46_06.jpg,labels/pyronear_cabanelle_2_2023_10_01T06_46_06.txt,True,soleil,"['refletslac', 'soleil']",[]
images/pyronear_brison_4_2023_08_17T08_32_49.jpg,labels/pyronear_brison_4_2023_08_17T08_32_49.txt,True,grosnuages,['grosnuages'],"['insecte', 'tache']"
images/pyronear_brison_3_2023_09_07T06_29_01.jpg,labels/pyronear_brison_3_2023_09_07T06_29_01.txt,True,montagne,['montagne'],[]
images/pyronear_cabanelle_1_2023_10_11T14_32_57.jpg,labels/pyronear_cabanelle_1_2023_10_11T14_32_57.txt,True,brume,['brume'],[]
images/pyronear_marguerite_1_2023_09_06T18_10_36.jpg,labels/pyronear_marguerite_1_2023_09_06T18_10_36.txt,True,soleil,['soleil'],[]
images/pyronear_brison_2_2023_10_30T07_29_24.jpg,labels/pyronear_brison_2_2023_10_30T07_29_24.txt,True,brume,"['batiment', 'brume']",['brume']
images/pyronear_brison_3_2023_09_07T06_34_01.jpg,labels/pyronear_brison_3_2023_09_07T06_34_01.txt,True,montagne,['montagne'],[]
images/pyronear_marguerite_3_2023_09_18T05_37_16.jpg,labels/pyronear_marguerite_3_2023_09_18T05_37_16.txt,True,arbre,['arbre'],['brume']
images/pyronear_courmettes_4_2023_11_02T09_49_36.jpg,labels/pyronear_courmettes_4_2023_11_02T09_49_36.txt,True,arbre,['arbre'],['brume']
images/pyronear_brison_3_2023_08_29T06_15_44.jpg,labels/pyronear_brison_3_2023_08_29T06_15_44.txt,True,montagne,['montagne'],[]
images/pyronear_brison_4_2023_08_17T10_29_51.jpg,labels/pyronear_brison_4_2023_08_17T10_29_51.txt,True,grosnuages,['grosnuages'],"['insecte', 'tache']"
images/pyronear_courmettes_2_2023_10_12T06_54_40.jpg,labels/pyronear_courmettes_2_2023_10_12T06_54_40.txt,True,grosnuages,['grosnuages'],[]
images/pyronear_brison_2_2023_09_18T16_57_31.jpg,labels/pyronear_brison_2_2023_09_18T16_57_31.txt,True,grosnuages,['grosnuages'],['batiment']
images/pyronear_ferion_2_2023_10_24T16_30_02.jpg,labels/pyronear_ferion_2_2023_10_24T16_30_02.txt,True,grosnuages,['grosnuages'],[]
images/pyronear_salaunes_1_4_2023_10_24T06_46_23.jpg,labels/pyronear_salaunes_1_4_2023_10_24T06_46_23.txt,True,grosnuages,['grosnuages'],[]
images/pyronear_courmettes_1_2023_09_26T04_55_41.jpg,labels/pyronear_courmettes_1_2023_09_26T04_55_41.txt,True,soleil,"['refletslac', 'soleil']",['soleilcouchant']
images/pyronear_brison_2_2023_08_26T11_48_36.jpg,labels/pyronear_brison_2_2023_08_26T11_48_36.txt,True,brume,"['batiment', 'brume']",['brume']
images/pyronear_salaunes_2_4_2023_08_19T05_30_32.jpg,labels/pyronear_salaunes_2_4_2023_08_19T05_30_32.txt,True,tuyau,['tuyau'],[]
images/pyronear_cabanelle_1_2023_10_10T11_38_44.jpg,labels/pyronear_cabanelle_1_2023_10_10T11_38_44.txt,True,grosnuages,"['grosnuages', 'nuagesbas']",[]
images/pyronear_marguerite_2_2023_09_24T17_30_43.jpg,labels/pyronear_marguerite_2_2023_09_24T17_30_43.txt,True,nuagesbas,['nuagesfiligranes'],[]
images/pyronear_brison_2_2023_10_30T08_08_25.jpg,labels/pyronear_brison_2_2023_10_30T08_08_25.txt,True,brume,"['batiment', 'brume']",['brume']
images/pyronear_salaunes_1_2_2023_09_25T06_49_59.jpg,labels/pyronear_salaunes_1_2_2023_09_25T06_49_59.txt,True,insecte,['insecte'],[]
images/pyronear_marguerite_3_2023_09_18T08_41_26.jpg,labels/pyronear_marguerite_3_2023_09_18T08_41_26.txt,True,arbre,['arbre'],['brume']
images/pyronear_brison_1_2023_09_13T06_25_13.jpg,labels/pyronear_brison_1_2023_09_13T06_25_13.txt,True,nuagesbas,['nuagesbas'],[]
images/pyronear_marguerite_1_2023_09_13T16_34_12.jpg,labels/pyronear_marguerite_1_2023_09_13T16_34_12.txt,True,soleil,['soleilrayons'],[]
images/pyronear_valbonne_4_2023_10_29T07_26_48.jpg,labels/pyronear_valbonne_4_2023_10_29T07_26_48.txt,True,nuagesbas,['nuagesbas'],[]
images/pyronear_salaunes_1_1_2023_11_03T15_35_05.jpg,labels/pyronear_salaunes_1_1_2023_11_03T15_35_05.txt,True,grosnuages,['grosnuages'],[]
images/pyronear_st_peray_1_2023_07_26T12_51_24.jpg,labels/pyronear_st_peray_1_2023_07_26T12_51_24.txt,True,grosnuages,['grosnuages'],[]
images/pyronear_valbonne_4_2023_10_02T06_02_26.jpg,labels/pyronear_valbonne_4_2023_10_02T06_02_26.txt,True,soleil,['soleil'],['batiment']
images/pyronear_brison_3_2023_09_22T05_09_54.jpg,labels/pyronear_brison_3_2023_09_22T05_09_54.txt,True,nuagesbas,['nuagesbas'],['nuit']
images/pyronear_marguerite_1_2023_09_14T16_01_36.jpg,labels/pyronear_marguerite_1_2023_09_14T16_01_36.txt,True,glare,['glaresoleilrayons'],[]
images/pyronear_marguerite_4_2023_10_29T13_37_16.jpg,labels/pyronear_marguerite_4_2023_10_29T13_37_16.txt,True,batiment,['batiment'],"['brume', 'pluie']"
images/pyronear_marguerite_3_2023_09_18T10_37_03.jpg,labels/pyronear_marguerite_3_2023_09_18T10_37_03.txt,True,arbre,['arbre'],['brume']
images/pyronear_brison_3_2023_09_07T06_55_32.jpg,labels/pyronear_brison_3_2023_09_07T06_55_32.txt,True,montagne,['montagne'],[]
images/pyronear_valbonne_3_2023_10_01T17_35_09.jpg,labels/pyronear_valbonne_3_2023_10_01T17_35_09.txt,True,batiment,['batimentloin'],['soleilcouchant']
images/pyronear_cabanelle_1_2023_10_10T11_39_45.jpg,labels/pyronear_cabanelle_1_2023_10_10T11_39_45.txt,True,grosnuages,"['grosnuages', 'nuagesbas']",[]
images/pyronear_valbonne_3_2023_10_14T17_23_13.jpg,labels/pyronear_valbonne_3_2023_10_14T17_23_13.txt,True,batiment,['batimentloin'],['soleilcouchant']
images/pyronear_brison_3_2023_09_25T18_05_35.jpg,labels/pyronear_brison_3_2023_09_25T18_05_35.txt,True,glare,['glareptrouge'],['soleilcouchant']
images/pyronear_courmettes_4_2023_10_20T16_01_54.jpg,labels/pyronear_courmettes_4_2023_10_20T16_01_54.txt,True,grosnuages,['grosnuages'],"['antenne', 'soleilcontrejour']"
images/pyronear_brison_3_2023_09_07T06_47_05.jpg,labels/pyronear_brison_3_2023_09_07T06_47_05.txt,True,montagne,['montagne'],[]
images/pyronear_salaunes_2_1_2023_10_21T06_43_14.jpg,labels/pyronear_salaunes_2_1_2023_10_21T06_43_14.txt,True,grosnuages,['grosnuagesrefletssoleil'],[]
images/pyronear_marguerite_1_2023_08_22T16_16_25.jpg,labels/pyronear_marguerite_1_2023_08_22T16_16_25.txt,True,soleil,['soleilrayons'],[]
images/pyronear_marguerite_4_2023_10_29T13_17_46.jpg,labels/pyronear_marguerite_4_2023_10_29T13_17_46.txt,True,batiment,['batiment'],"['brume', 'pluie']"
images/pyronear_salaunes_2_1_2023_08_27T08_57_06.jpg,labels/pyronear_salaunes_2_1_2023_08_27T08_57_06.txt,True,grosnuages,['grosnuages'],[]
images/pyronear_brison_2_2023_09_21T06_15_21.jpg,labels/pyronear_brison_2_2023_09_21T06_15_21.txt,True,brume,"['batiment', 'brume']",['brume']
images/pyronear_marguerite_1_2023_09_14T16_05_06.jpg,labels/pyronear_marguerite_1_2023_09_14T16_05_06.txt,True,glare,['glare'],[]
images/pyronear_brison_2_2023_10_30T13_50_31.jpg,labels/pyronear_brison_2_2023_10_30T13_50_31.txt,True,brume,"['batiment', 'brume']",['brume']
images/pyronear_ferion_2_2023_10_24T15_54_32.jpg,labels/pyronear_ferion_2_2023_10_24T15_54_32.txt,True,grosnuages,['grosnuages'],[]
images/pyronear_brison_2_2023_11_02T06_23_49.jpg,labels/pyronear_brison_2_2023_11_02T06_23_49.txt,True,brume,"['batiment', 'brume']",['brume']
images/pyronear_brison_2_2023_06_09T14_29_15.jpg,labels/pyronear_brison_2_2023_06_09T14_29_15.txt,True,nuagesbas,['nuagesbas'],['batiment']
images/pyronear_marguerite_1_2023_06_14T03_33_38.jpg,labels/pyronear_marguerite_1_2023_06_14T03_33_38.txt,True,nuagesbas,['nuagesbas'],['nuit']
images/pyronear_courmettes_4_2023_11_02T09_47_08.jpg,labels/pyronear_courmettes_4_2023_11_02T09_47_08.txt,True,arbre,['arbre'],['brume']
images/pyronear_courmettes_1_2023_09_29T06_07_44.jpg,labels/pyronear_courmettes_1_2023_09_29T06_07_44.txt,True,glare,"['glaretacherouge', 'soleilrefletslac']",[]
images/pyronear_brison_4_2023_10_24T16_05_37.jpg,labels/pyronear_brison_4_2023_10_24T16_05_37.txt,True,grosnuages,['grosnuages'],[]
images/pyronear_brison_2_2023_09_21T05_51_58.jpg,labels/pyronear_brison_2_2023_09_21T05_51_58.txt,True,brume,"['batiment', 'brume']",['brume']
images/pyronear_courmettes_2_2023_10_24T14_50_20.jpg,labels/pyronear_courmettes_2_2023_10_24T14_50_20.txt,True,grosnuages,['grosnuages'],[]
images/pyronear_brison_4_2023_08_17T07_30_12.jpg,labels/pyronear_brison_4_2023_08_17T07_30_12.txt,True,grosnuages,['grosnuages'],"['insecte', 'tache']"
images/pyronear_salaunes_1_4_2023_09_29T17_16_23.jpg,labels/pyronear_salaunes_1_4_2023_09_29T17_16_23.txt,True,glare,['glareptjaune'],[]
images/pyronear_brison_1_2023_09_13T07_41_16.jpg,labels/pyronear_brison_1_2023_09_13T07_41_16.txt,True,nuagesbas,['nuagesbas'],[]
images/pyronear_brison_2_2023_09_21T11_02_10.jpg,labels/pyronear_brison_2_2023_09_21T11_02_10.txt,True,brume,"['batiment', 'brume']",['brume']
images/pyronear_valbonne_3_2023_10_20T16_22_20.jpg,labels/pyronear_valbonne_3_2023_10_20T16_22_20.txt,True,glare,['glare'],[]
images/pyronear_marguerite_4_2023_10_29T13_31_15.jpg,labels/pyronear_marguerite_4_2023_10_29T13_31_15.txt,True,batiment,['batiment'],"['brume', 'pluie']"
images/pyronear_marguerite_1_2023_08_22T13_44_45.jpg,labels/pyronear_marguerite_1_2023_08_22T13_44_45.txt,True,soleil,['soleilrayons'],[]
images/pyronear_marguerite_4_2023_10_29T11_26_42.jpg,labels/pyronear_marguerite_4_2023_10_29T11_26_42.txt,True,batiment,['batiment'],"['brume', 'pluie']"
images/pyronear_courmettes_2_2023_10_27T06_58_48.jpg,labels/pyronear_courmettes_2_2023_10_27T06_58_48.txt,True,glare,['glare'],[]
images/pyronear_brison_2_2023_10_19T10_19_12.jpg,labels/pyronear_brison_2_2023_10_19T10_19_12.txt,True,brume,"['batiment', 'brume']",['brume']
images/pyronear_marguerite_4_2023_09_21T12_39_35.jpg,labels/pyronear_marguerite_4_2023_09_21T12_39_35.txt,True,tache,"['batiment', 'tache']","['brume', 'pluie']"
images/pyronear_marguerite_1_2023_08_22T14_52_15.jpg,labels/pyronear_marguerite_1_2023_08_22T14_52_15.txt,True,soleil,['soleilrayons'],[]
images/pyronear_brison_4_2023_06_19T19_01_22.jpg,labels/pyronear_brison_4_2023_06_19T19_01_22.txt,True,glare,['glareptjaune'],[]
images/pyronear_courmettes_1_2023_09_26T04_55_11.jpg,labels/pyronear_courmettes_1_2023_09_26T04_55_11.txt,True,soleil,"['refletslac', 'soleil']",['soleilcouchant']
images/pyronear_valbonne_4_2023_10_29T10_03_51.jpg,labels/pyronear_valbonne_4_2023_10_29T10_03_51.txt,True,nuagesbas,['nuagesbas'],[]
images/pyronear_st_peray_1_2023_07_21T08_46_30.jpg,labels/pyronear_st_peray_1_2023_07_21T08_46_30.txt,True,grosnuages,['grosnuages'],[]
images/pyronear_brison_2_2023_11_01T11_19_18.jpg,labels/pyronear_brison_2_2023_11_01T11_19_18.txt,True,brume,"['batiment', 'brume']",['brume']
images/pyronear_valbonne_3_2023_10_14T17_17_14.jpg,labels/pyronear_valbonne_3_2023_10_14T17_17_14.txt,True,batiment,['batimentloin'],['soleilcouchant']
images/pyronear_salaunes_1_4_2023_10_04T17_14_47.jpg,labels/pyronear_salaunes_1_4_2023_10_04T17_14_47.txt,True,glare,['glareptjaune'],[]
images/pyronear_marguerite_3_2023_06_09T09_56_34.jpg,labels/pyronear_marguerite_3_2023_06_09T09_56_34.txt,True,arbre,['arbre'],['brume']
images/pyronear_courmettes_4_2023_10_03T17_24_29.jpg,labels/pyronear_courmettes_4_2023_10_03T17_24_29.txt,True,nuagesbas,['nuagesbas'],"['antenne', 'soleilcouchant']"
images/pyronear_cabanelle_1_2023_10_10T11_46_15.jpg,labels/pyronear_cabanelle_1_2023_10_10T11_46_15.txt,True,grosnuages,"['grosnuages', 'nuagesbas']",[]
images/pyronear_valbonne_4_2023_10_29T09_46_23.jpg,labels/pyronear_valbonne_4_2023_10_29T09_46_23.txt,True,nuagesbas,['nuagesbas'],[]
images/pyronear_cabanelle_1_2023_10_11T12_20_30.jpg,labels/pyronear_cabanelle_1_2023_10_11T12_20_30.txt,True,brume,['brume'],[]
images/pyronear_courmettes_1_2023_11_07T13_02_45.jpg,labels/pyronear_courmettes_1_2023_11_07T13_02_45.txt,True,nuagesbas,['nuagesbas'],[]
images/pyronear_valbonne_4_2023_11_02T09_36_35.jpg,labels/pyronear_valbonne_4_2023_11_02T09_36_35.txt,True,nuagesbas,['nuagesbas'],[]
images/pyronear_valbonne_4_2023_10_08T05_56_25.jpg,labels/pyronear_valbonne_4_2023_10_08T05_56_25.txt,True,soleil,['soleil'],['batiment']
images/pyronear_valbonne_4_2023_10_29T07_02_17.jpg,labels/pyronear_valbonne_4_2023_10_29T07_02_17.txt,True,nuagesbas,['nuagesbas'],[]
images/pyronear_marguerite_4_2023_11_01T10_45_01.jpg,labels/pyronear_marguerite_4_2023_11_01T10_45_01.txt,True,batiment,['batiment'],"['brume', 'pluie']"
images/pyronear_courmettes_1_2023_11_07T06_13_33.jpg,labels/pyronear_courmettes_1_2023_11_07T06_13_33.txt,True,soleil,['soleil'],[]
images/pyronear_courmettes_1_2023_09_27T05_32_02.jpg,labels/pyronear_courmettes_1_2023_09_27T05_32_02.txt,True,soleil,['soleil'],[]
images/pyronear_cabanelle_2_2023_10_01T06_45_36.jpg,labels/pyronear_cabanelle_2_2023_10_01T06_45_36.txt,True,soleil,"['refletslac', 'soleil']",[]
images/pyronear_valbonne_2_2023_11_05T14_41_36.jpg,labels/pyronear_valbonne_2_2023_11_05T14_41_36.txt,True,nuagesbas,['nuagesbas'],[]
images/pyronear_courmettes_4_2023_11_02T11_00_11.jpg,labels/pyronear_courmettes_4_2023_11_02T11_00_11.txt,True,arbre,['arbre'],['brume']
images/pyronear_brison_4_2023_06_28T18_56_34.jpg,labels/pyronear_brison_4_2023_06_28T18_56_34.txt,True,glare,['glare'],[]
images/pyronear_marguerite_1_2023_07_30T16_22_31.jpg,labels/pyronear_marguerite_1_2023_07_30T16_22_31.txt,True,soleil,['soleilrayons'],[]
images/pyronear_brison_2_2023_09_22T08_40_13.jpg,labels/pyronear_brison_2_2023_09_22T08_40_13.txt,True,nuagesbas,['nuagesbas'],['batiment']
images/pyronear_salaunes_1_4_2023_09_29T17_08_24.jpg,labels/pyronear_salaunes_1_4_2023_09_29T17_08_24.txt,True,glare,['glareptjaune'],[]
images/pyronear_marguerite_1_2023_09_14T05_41_43.jpg,labels/pyronear_marguerite_1_2023_09_14T05_41_43.txt,True,grosnuages,['grosnuages'],[]
images/pyronear_brison_3_2023_09_07T06_28_37.jpg,labels/pyronear_brison_3_2023_09_07T06_28_37.txt,True,montagne,['montagne'],[]
images/pyronear_courmettes_4_2023_11_02T11_07_42.jpg,labels/pyronear_courmettes_4_2023_11_02T11_07_42.txt,True,arbre,['arbre'],['brume']
images/pyronear_courmettes_1_2023_09_29T05_35_15.jpg,labels/pyronear_courmettes_1_2023_09_29T05_35_15.txt,True,soleil,['soleil'],[]
images/pyronear_salaunes_2_1_2023_08_27T08_53_36.jpg,labels/pyronear_salaunes_2_1_2023_08_27T08_53_36.txt,True,grosnuages,['grosnuages'],[]
images/pyronear_courmettes_2_2023_10_20T09_47_06.jpg,labels/pyronear_courmettes_2_2023_10_20T09_47_06.txt,True,grosnuages,['grosnuages'],['brume']
images/pyronear_courmettes_4_2023_11_02T09_32_41.jpg,labels/pyronear_courmettes_4_2023_11_02T09_32_41.txt,True,arbre,['arbre'],['brume']
images/pyronear_courmettes_1_2023_11_07T12_52_14.jpg,labels/pyronear_courmettes_1_2023_11_07T12_52_14.txt,True,nuagesbas,['nuagesbas'],[]
images/pyronear_brison_1_2023_07_10T04_13_43.jpg,labels/pyronear_brison_1_2023_07_10T04_13_43.txt,True,soleil,['soleil'],[]
images/pyronear_salaunes_1_2_2023_08_15T08_12_52.jpg,labels/pyronear_salaunes_1_2_2023_08_15T08_12_52.txt,True,pluie,['pluie'],[]
images/pyronear_salaunes_2_1_2023_08_27T08_33_05.jpg,labels/pyronear_salaunes_2_1_2023_08_27T08_33_05.txt,True,grosnuages,['grosnuages'],[]
images/pyronear_valbonne_3_2023_09_29T17_40_59.jpg,labels/pyronear_valbonne_3_2023_09_29T17_40_59.txt,True,batiment,['batimentloin'],['soleilcouchant']
images/pyronear_courmettes_2_2023_10_20T09_46_36.jpg,labels/pyronear_courmettes_2_2023_10_20T09_46_36.txt,True,grosnuages,['grosnuages'],['brume']
images/pyronear_valbonne_3_2023_10_14T17_16_15.jpg,labels/pyronear_valbonne_3_2023_10_14T17_16_15.txt,True,batiment,['batimentloin'],['soleilcouchant']
images/pyronear_brison_2_2023_10_19T07_24_12.jpg,labels/pyronear_brison_2_2023_10_19T07_24_12.txt,True,brume,"['batiment', 'brume']",['brume']
images/pyronear_salaunes_1_4_2023_10_02T17_21_25.jpg,labels/pyronear_salaunes_1_4_2023_10_02T17_21_25.txt,True,glare,['glareptjaune'],[]
images/pyronear_courmettes_2_2023_10_20T09_52_07.jpg,labels/pyronear_courmettes_2_2023_10_20T09_52_07.txt,True,grosnuages,['grosnuages'],['brume']
images/pyronear_marguerite_1_2023_09_16T13_04_29.jpg,labels/pyronear_marguerite_1_2023_09_16T13_04_29.txt,True,nuagesbas,['nuagesbas'],[]
images/pyronear_marguerite_4_2023_10_29T11_26_43.jpg,labels/pyronear_marguerite_4_2023_10_29T11_26_43.txt,True,batiment,['batiment'],"['brume', 'pluie']"
images/pyronear_courmettes_2_2023_11_04T06_56_03.jpg,labels/pyronear_courmettes_2_2023_11_04T06_56_03.txt,True,glare,['glare'],[]
images/pyronear_st_peray_1_2023_06_30T09_33_05.jpg,labels/pyronear_st_peray_1_2023_06_30T09_33_05.txt,True,nuagesbas,['nuagesbas'],[]
images/pyronear_brison_2_2023_07_09T05_45_45.jpg,labels/pyronear_brison_2_2023_07_09T05_45_45.txt,True,glare,['glare'],[]
images/pyronear_brison_2_2023_10_30T06_38_22.jpg,labels/pyronear_brison_2_2023_10_30T06_38_22.txt,True,brume,"['batiment', 'brume']",['brume']
images/pyronear_valbonne_2_2023_11_07T14_37_51.jpg,labels/pyronear_valbonne_2_2023_11_07T14_37_51.txt,True,nuagesbas,['nuagesbas'],[]
images/pyronear_courmettes_4_2023_10_20T16_02_59.jpg,labels/pyronear_courmettes_4_2023_10_20T16_02_59.txt,True,grosnuages,['grosnuages'],"['antenne', 'soleilcontrejour']"
images/pyronear_marguerite_3_2023_09_18T10_23_31.jpg,labels/pyronear_marguerite_3_2023_09_18T10_23_31.txt,True,arbre,['arbre'],['brume']
images/pyronear_courmettes_4_2023_10_20T16_00_24.jpg,labels/pyronear_courmettes_4_2023_10_20T16_00_24.txt,True,grosnuages,['grosnuages'],"['antenne', 'soleilcontrejour']"
images/pyronear_valbonne_3_2023_09_29T17_45_27.jpg,labels/pyronear_valbonne_3_2023_09_29T17_45_27.txt,True,batiment,['batimentloin'],['soleilcouchant']
images/pyronear_courmettes_4_2023_09_29T17_03_19.jpg,labels/pyronear_courmettes_4_2023_09_29T17_03_19.txt,True,soleil,['soleil'],['batiment']
images/pyronear_marguerite_4_2023_10_29T13_22_06.jpg,labels/pyronear_marguerite_4_2023_10_29T13_22_06.txt,True,batiment,['batiment'],"['brume', 'pluie']"
images/pyronear_marguerite_1_2023_09_09T16_15_38.jpg,labels/pyronear_marguerite_1_2023_09_09T16_15_38.txt,True,glare,['glare'],[]
images/pyronear_cabanelle_2_2023_10_04T06_28_32.jpg,labels/pyronear_cabanelle_2_2023_10_04T06_28_32.txt,True,soleil,"['refletslac', 'soleil']",[]
images/pyronear_ferion_2_2023_10_17T14_30_36.jpg,labels/pyronear_ferion_2_2023_10_17T14_30_36.txt,True,nuagesbas,['nuagesbas'],['brume']
images/pyronear_brison_1_2023_07_11T04_15_45.jpg,labels/pyronear_brison_1_2023_07_11T04_15_45.txt,True,soleil,['soleil'],[]
images/pyronear_brison_2_2023_09_21T09_57_57.jpg,labels/pyronear_brison_2_2023_09_21T09_57_57.txt,True,brume,"['batiment', 'brume']",['brume']
images/pyronear_marguerite_3_2023_09_18T05_55_46.jpg,labels/pyronear_marguerite_3_2023_09_18T05_55_46.txt,True,arbre,['arbre'],['brume']
images/pyronear_brison_4_2023_08_17T10_15_53.jpg,labels/pyronear_brison_4_2023_08_17T10_15_53.txt,True,grosnuages,['grosnuages'],"['insecte', 'tache']"
images/pyronear_brison_2_2023_10_29T06_16_28.jpg,labels/pyronear_brison_2_2023_10_29T06_16_28.txt,True,brume,"['batiment', 'brume']",['brume']
images/pyronear_cabanelle_1_2023_10_13T08_51_03.jpg,labels/pyronear_cabanelle_1_2023_10_13T08_51_03.txt,True,grosnuages,['grosnuages'],[]
images/pyronear_brison_2_2023_10_30T08_05_25.jpg,labels/pyronear_brison_2_2023_10_30T08_05_25.txt,True,brume,"['batiment', 'brume']",['brume']
images/pyronear_marguerite_1_2023_06_27T03_34_05.jpg,labels/pyronear_marguerite_1_2023_06_27T03_34_05.txt,True,nuagesbas,['nuagesbas'],['nuit']
images/pyronear_cabanelle_1_2023_10_13T09_44_34.jpg,labels/pyronear_cabanelle_1_2023_10_13T09_44_34.txt,True,grosnuages,['grosnuages'],[]
images/pyronear_cabanelle_1_2023_10_10T11_48_15.jpg,labels/pyronear_cabanelle_1_2023_10_10T11_48_15.txt,True,grosnuages,"['grosnuages', 'nuagesbas']",[]
images/pyronear_marguerite_2_2023_09_10T18_20_50.jpg,labels/pyronear_marguerite_2_2023_09_10T18_20_50.txt,True,nuagesbas,['nuagesbas'],['soleilcouchant']
images/pyronear_brison_1_2023_07_11T04_18_12.jpg,labels/pyronear_brison_1_2023_07_11T04_18_12.txt,True,soleil,['soleil'],[]
images/pyronear_courmettes_1_2023_09_27T06_23_04.jpg,labels/pyronear_courmettes_1_2023_09_27T06_23_04.txt,True,soleil,"['glare', 'refletslac', 'soleil', 'tacherouge']",[]
images/pyronear_brison_3_2023_08_29T06_13_15.jpg,labels/pyronear_brison_3_2023_08_29T06_13_15.txt,True,montagne,['montagne'],[]
images/pyronear_ferion_3_2023_10_19T16_52_26.jpg,labels/pyronear_ferion_3_2023_10_19T16_52_26.txt,True,brume,['brume'],[]
images/pyronear_valbonne_4_2023_10_31T06_08_51.jpg,labels/pyronear_valbonne_4_2023_10_31T06_08_51.txt,True,nuagesbas,['nuagesbas'],[]
images/pyronear_courmettes_1_2023_11_03T06_24_50.jpg,labels/pyronear_courmettes_1_2023_11_03T06_24_50.txt,True,glare,['glaresoleilptrouge'],['soleilcouchant']
images/pyronear_cabanelle_2_2023_09_30T05_50_41.jpg,labels/pyronear_cabanelle_2_2023_09_30T05_50_41.txt,True,soleil,"['glare', 'refletslac', 'soleil', 'tacherouge']",[]
images/pyronear_courmettes_1_2023_11_07T12_30_13.jpg,labels/pyronear_courmettes_1_2023_11_07T12_30_13.txt,True,nuagesbas,['nuagesbas'],[]
images/pyronear_courmettes_4_2023_11_02T09_35_38.jpg,labels/pyronear_courmettes_4_2023_11_02T09_35_38.txt,True,arbre,['arbre'],['brume']
images/pyronear_valbonne_2_2023_11_06T15_22_14.jpg,labels/pyronear_valbonne_2_2023_11_06T15_22_14.txt,True,nuagesbas,['nuagesbas'],[]
images/pyronear_valbonne_2_2023_11_05T15_35_07.jpg,labels/pyronear_valbonne_2_2023_11_05T15_35_07.txt,True,nuagesbas,['nuagesbas'],[]
images/pyronear_brison_2_2023_10_30T09_21_57.jpg,labels/pyronear_brison_2_2023_10_30T09_21_57.txt,True,brume,"['batiment', 'brume']",['brume']
images/pyronear_marguerite_1_2023_08_22T17_04_52.jpg,labels/pyronear_marguerite_1_2023_08_22T17_04_52.txt,True,soleil,['soleilrayons'],[]
images/pyronear_brison_2_2023_06_09T14_24_14.jpg,labels/pyronear_brison_2_2023_06_09T14_24_14.txt,True,nuagesbas,['nuagesbas'],['batiment']
images/pyronear_marguerite_1_2023_07_30T16_16_31.jpg,labels/pyronear_marguerite_1_2023_07_30T16_16_31.txt,True,soleil,['soleilrayons'],[]
images/pyronear_brison_2_2023_10_30T07_53_25.jpg,labels/pyronear_brison_2_2023_10_30T07_53_25.txt,True,brume,"['batiment', 'brume']",['brume']
images/pyronear_brison_3_2023_08_29T05_51_45.jpg,labels/pyronear_brison_3_2023_08_29T05_51_45.txt,True,montagne,['montagne'],[]
images/pyronear_courmettes_4_2023_11_02T11_24_11.jpg,labels/pyronear_courmettes_4_2023_11_02T11_24_11.txt,True,arbre,['arbre'],['brume']
images/pyronear_ferion_2_2023_10_24T16_25_01.jpg,labels/pyronear_ferion_2_2023_10_24T16_25_01.txt,True,grosnuages,['grosnuages'],[]
images/pyronear_brison_4_2023_06_16T18_58_23.jpg,labels/pyronear_brison_4_2023_06_16T18_58_23.txt,True,glare,['glareptjaune'],[]
images/pyronear_valbonne_4_2023_10_02T05_59_26.jpg,labels/pyronear_valbonne_4_2023_10_02T05_59_26.txt,True,soleil,['soleil'],['batiment']
images/pyronear_courmettes_1_2023_11_04T06_25_59.jpg,labels/pyronear_courmettes_1_2023_11_04T06_25_59.txt,True,glare,['glaresoleilptrouge'],['soleilcouchant']
images/pyronear_courmettes_2_2023_10_24T14_46_51.jpg,labels/pyronear_courmettes_2_2023_10_24T14_46_51.txt,True,grosnuages,['grosnuages'],[]
images/pyronear_cabanelle_1_2023_10_13T09_37_04.jpg,labels/pyronear_cabanelle_1_2023_10_13T09_37_04.txt,True,grosnuages,['grosnuages'],[]
images/pyronear_marguerite_4_2023_09_21T06_47_56.jpg,labels/pyronear_marguerite_4_2023_09_21T06_47_56.txt,True,tache,"['batiment', 'tache']","['brume', 'pluie']"
images/pyronear_cabanelle_1_2023_10_11T14_58_58.jpg,labels/pyronear_cabanelle_1_2023_10_11T14_58_58.txt,True,brume,['brume'],[]
images/pyronear_salaunes_1_2_2023_08_15T08_14_21.jpg,labels/pyronear_salaunes_1_2_2023_08_15T08_14_21.txt,True,pluie,['pluie'],[]
images/pyronear_courmettes_1_2023_09_29T06_14_44.jpg,labels/pyronear_courmettes_1_2023_09_29T06_14_44.txt,True,glare,"['glaretacherouge', 'soleilrefletslac']",[]
images/pyronear_brison_2_2023_08_27T09_15_06.jpg,labels/pyronear_brison_2_2023_08_27T09_15_06.txt,True,grosnuages,['grosnuages'],['batiment']
images/pyronear_marguerite_3_2023_09_18T08_02_55.jpg,labels/pyronear_marguerite_3_2023_09_18T08_02_55.txt,True,arbre,['arbre'],['brume']
images/pyronear_brison_2_2023_10_30T06_58_22.jpg,labels/pyronear_brison_2_2023_10_30T06_58_22.txt,True,brume,"['batiment', 'brume']",['brume']
images/pyronear_valbonne_2_2023_11_05T14_59_36.jpg,labels/pyronear_valbonne_2_2023_11_05T14_59_36.txt,True,nuagesbas,['nuagesbas'],[]
images/pyronear_brison_4_2023_06_28T18_58_05.jpg,labels/pyronear_brison_4_2023_06_28T18_58_05.txt,True,glare,['glare'],[]
images/pyronear_brison_3_2023_08_31T06_28_34.jpg,labels/pyronear_brison_3_2023_08_31T06_28_34.txt,True,montagne,['montagne'],[]
images/pyronear_marguerite_1_2023_09_14T05_37_13.jpg,labels/pyronear_marguerite_1_2023_09_14T05_37_13.txt,True,grosnuages,['grosnuages'],[]
images/pyronear_courmettes_2_2023_10_26T06_54_20.jpg,labels/pyronear_courmettes_2_2023_10_26T06_54_20.txt,True,glare,['glare'],[]
images/pyronear_brison_4_2023_10_28T08_57_10.jpg,labels/pyronear_brison_4_2023_10_28T08_57_10.txt,True,nuagesbas,['nuagesbas'],[]
images/pyronear_cabanelle_1_2023_10_11T14_50_28.jpg,labels/pyronear_cabanelle_1_2023_10_11T14_50_28.txt,True,brume,['brume'],[]
images/pyronear_brison_2_2023_09_21T09_58_58.jpg,labels/pyronear_brison_2_2023_09_21T09_58_58.txt,True,brume,"['batiment', 'brume']",['brume']
images/pyronear_ferion_1_2023_10_20T15_49_43.jpg,labels/pyronear_ferion_1_2023_10_20T15_49_43.txt,True,arbre,['arbre'],['brume']
images/pyronear_brison_4_2023_08_17T08_07_47.jpg,labels/pyronear_brison_4_2023_08_17T08_07_47.txt,True,grosnuages,['grosnuages'],"['insecte', 'tache']"
images/pyronear_brison_3_2023_09_07T06_42_38.jpg,labels/pyronear_brison_3_2023_09_07T06_42_38.txt,True,montagne,['montagne'],[]
images/pyronear_brison_4_2023_06_16T19_01_53.jpg,labels/pyronear_brison_4_2023_06_16T19_01_53.txt,True,glare,['glareptjaune'],[]
images/pyronear_cabanelle_1_2023_10_13T09_03_33.jpg,labels/pyronear_cabanelle_1_2023_10_13T09_03_33.txt,True,grosnuages,['grosnuages'],[]
images/pyronear_cabanelle_1_2023_10_10T08_51_12.jpg,labels/pyronear_cabanelle_1_2023_10_10T08_51_12.txt,True,grosnuages,"['grosnuages', 'nuagesbas']",[]
images/pyronear_cabanelle_1_2023_10_13T06_00_57.jpg,labels/pyronear_cabanelle_1_2023_10_13T06_00_57.txt,True,grosnuages,['grosnuages'],['brume']
images/pyronear_brison_2_2023_09_21T05_52_05.jpg,labels/pyronear_brison_2_2023_09_21T05_52_05.txt,True,brume,"['batiment', 'brume']",['brume']
images/pyronear_ferion_2_2023_10_28T15_29_36.jpg,labels/pyronear_ferion_2_2023_10_28T15_29_36.txt,True,grosnuages,['grosnuages'],[]
images/pyronear_marguerite_3_2023_09_18T07_08_53.jpg,labels/pyronear_marguerite_3_2023_09_18T07_08_53.txt,True,arbre,['arbre'],['brume']
images/pyronear_brison_2_2023_10_30T07_37_54.jpg,labels/pyronear_brison_2_2023_10_30T07_37_54.txt,True,brume,"['batiment', 'brume']",['brume']
images/pyronear_marguerite_3_2023_09_18T06_58_54.jpg,labels/pyronear_marguerite_3_2023_09_18T06_58_54.txt,True,arbre,['arbre'],['brume']
images/pyronear_brison_3_2023_09_30T15_44_21.jpg,labels/pyronear_brison_3_2023_09_30T15_44_21.txt,True,montagne,['montagne'],[]
images/pyronear_st_peray_1_2023_07_21T08_37_29.jpg,labels/pyronear_st_peray_1_2023_07_21T08_37_29.txt,True,grosnuages,['grosnuages'],[]
images/pyronear_salaunes_1_2_2023_08_15T08_16_51.jpg,labels/pyronear_salaunes_1_2_2023_08_15T08_16_51.txt,True,pluie,['pluie'],[]
images/pyronear_courmettes_2_2023_10_26T06_51_50.jpg,labels/pyronear_courmettes_2_2023_10_26T06_51_50.txt,True,glare,['glare'],[]
images/pyronear_brison_2_2023_10_19T08_33_06.jpg,labels/pyronear_brison_2_2023_10_19T08_33_06.txt,True,brume,"['batiment', 'brume']",['brume']
images/pyronear_courmettes_1_2023_09_29T06_13_44.jpg,labels/pyronear_courmettes_1_2023_09_29T06_13_44.txt,True,glare,"['glaretacherouge', 'soleilrefletslac']",[]
images/pyronear_marguerite_2_2023_09_24T17_39_43.jpg,labels/pyronear_marguerite_2_2023_09_24T17_39_43.txt,True,nuagesbas,['nuagesfiligranes'],[]
images/pyronear_brison_3_2023_06_14T07_46_19.jpg,labels/pyronear_brison_3_2023_06_14T07_46_19.txt,True,grosnuages,['grosnuages'],['brume']
images/pyronear_marguerite_1_2023_09_14T16_02_06.jpg,labels/pyronear_marguerite_1_2023_09_14T16_02_06.txt,True,glare,['glaresoleilrayons'],[]
images/pyronear_salaunes_1_2_2023_09_30T11_57_08.jpg,labels/pyronear_salaunes_1_2_2023_09_30T11_57_08.txt,True,glare,['glare'],[]
images/pyronear_courmettes_1_2023_11_07T12_40_44.jpg,labels/pyronear_courmettes_1_2023_11_07T12_40_44.txt,True,nuagesbas,['nuagesbas'],[]
images/pyronear_marguerite_1_2023_06_14T03_31_07.jpg,labels/pyronear_marguerite_1_2023_06_14T03_31_07.txt,True,nuagesbas,['nuagesbas'],['nuit']
images/pyronear_valbonne_4_2023_10_02T05_58_26.jpg,labels/pyronear_valbonne_4_2023_10_02T05_58_26.txt,True,soleil,['soleil'],['batiment']
images/pyronear_brison_4_2023_08_17T07_33_28.jpg,labels/pyronear_brison_4_2023_08_17T07_33_28.txt,True,grosnuages,['grosnuages'],"['insecte', 'tache']"
images/pyronear_cabanelle_1_2023_10_10T08_36_41.jpg,labels/pyronear_cabanelle_1_2023_10_10T08_36_41.txt,True,grosnuages,"['grosnuages', 'nuagesbas']",[]
images/pyronear_courmettes_4_2023_11_02T09_57_38.jpg,labels/pyronear_courmettes_4_2023_11_02T09_57_38.txt,True,arbre,['arbre'],['brume']
images/pyronear_courmettes_1_2023_11_07T14_00_46.jpg,labels/pyronear_courmettes_1_2023_11_07T14_00_46.txt,True,nuagesbas,['nuagesbas'],[]
images/pyronear_valbonne_3_2023_10_14T17_16_44.jpg,labels/pyronear_valbonne_3_2023_10_14T17_16_44.txt,True,batiment,['batimentloin'],['soleilcouchant']
images/pyronear_cabanelle_2_2023_10_04T06_32_31.jpg,labels/pyronear_cabanelle_2_2023_10_04T06_32_31.txt,True,soleil,"['refletslac', 'soleil']",[]
images/pyronear_marguerite_3_2023_09_18T09_29_57.jpg,labels/pyronear_marguerite_3_2023_09_18T09_29_57.txt,True,arbre,['arbre'],['brume']
images/pyronear_brison_1_2023_07_24T11_40_45.jpg,labels/pyronear_brison_1_2023_07_24T11_40_45.txt,True,tache,['tachenoire'],[]
images/pyronear_marguerite_4_2023_06_09T13_52_46.jpg,labels/pyronear_marguerite_4_2023_06_09T13_52_46.txt,True,tache,"['batiment', 'tache']","['brume', 'pluie']"
images/pyronear_valbonne_2_2023_11_05T15_19_06.jpg,labels/pyronear_valbonne_2_2023_11_05T15_19_06.txt,True,nuagesbas,['nuagesbas'],[]
images/pyronear_brison_2_2023_09_21T09_30_27.jpg,labels/pyronear_brison_2_2023_09_21T09_30_27.txt,True,brume,"['batiment', 'brume']",['brume']
images/pyronear_brison_2_2023_10_30T07_19_27.jpg,labels/pyronear_brison_2_2023_10_30T07_19_27.txt,True,brume,"['batiment', 'brume']",['brume']
images/pyronear_marguerite_2_2023_09_24T17_29_14.jpg,labels/pyronear_marguerite_2_2023_09_24T17_29_14.txt,True,nuagesbas,['nuagesfiligranes'],[]
images/pyronear_marguerite_3_2023_09_18T08_36_56.jpg,labels/pyronear_marguerite_3_2023_09_18T08_36_56.txt,True,arbre,['arbre'],['brume']
images/pyronear_salaunes_1_4_2023_10_04T17_19_17.jpg,labels/pyronear_salaunes_1_4_2023_10_04T17_19_17.txt,True,glare,['glareptjaune'],[]
images/pyronear_ferion_3_2023_10_19T16_54_23.jpg,labels/pyronear_ferion_3_2023_10_19T16_54_23.txt,True,brume,['brume'],[]
images/pyronear_ferion_2_2023_11_06T06_43_18.jpg,labels/pyronear_ferion_2_2023_11_06T06_43_18.txt,True,glare,"['glare', 'tache']",[]
images/pyronear_marguerite_1_2023_06_13T18_35_15.jpg,labels/pyronear_marguerite_1_2023_06_13T18_35_15.txt,True,grosnuages,['grosnuages'],[]
images/pyronear_courmettes_1_2023_09_26T05_24_43.jpg,labels/pyronear_courmettes_1_2023_09_26T05_24_43.txt,True,soleil,['soleil'],[]
images/pyronear_valbonne_3_2023_09_28T17_47_08.jpg,labels/pyronear_valbonne_3_2023_09_28T17_47_08.txt,True,batiment,['batimentloin'],['soleilcouchant']
images/pyronear_marguerite_3_2023_09_18T05_26_45.jpg,labels/pyronear_marguerite_3_2023_09_18T05_26_45.txt,True,arbre,['arbre'],['brume']
images/pyronear_marguerite_1_2023_09_15T16_14_06.jpg,labels/pyronear_marguerite_1_2023_09_15T16_14_06.txt,True,glare,['glare'],[]
images/pyronear_salaunes_1_1_2023_08_09T18_08_29.jpg,labels/pyronear_salaunes_1_1_2023_08_09T18_08_29.txt,True,nuagesbas,['nuagesbas'],[]
images/pyronear_marguerite_1_2023_06_14T03_36_38.jpg,labels/pyronear_marguerite_1_2023_06_14T03_36_38.txt,True,nuagesbas,['nuagesbas'],['nuit']
images/pyronear_salaunes_1_4_2023_10_05T17_15_13.jpg,labels/pyronear_salaunes_1_4_2023_10_05T17_15_13.txt,True,glare,['glareptjaune'],[]
images/pyronear_cabanelle_1_2023_10_10T08_36_39.jpg,labels/pyronear_cabanelle_1_2023_10_10T08_36_39.txt,True,grosnuages,"['grosnuages', 'nuagesbas']",[]
images/pyronear_salaunes_2_2_2023_10_31T08_13_46.jpg,labels/pyronear_salaunes_2_2_2023_10_31T08_13_46.txt,True,grosnuages,['grosnuagesrefletssoleil'],[]
images/pyronear_courmettes_1_2023_11_07T13_47_45.jpg,labels/pyronear_courmettes_1_2023_11_07T13_47_45.txt,True,nuagesbas,['nuagesbas'],[]
images/pyronear_courmettes_1_2023_11_07T13_24_45.jpg,labels/pyronear_courmettes_1_2023_11_07T13_24_45.txt,True,nuagesbas,['nuagesbas'],[]
images/pyronear_salaunes_1_4_2023_09_29T17_16_54.jpg,labels/pyronear_salaunes_1_4_2023_09_29T17_16_54.txt,True,glare,['glareptjaune'],[]
images/pyronear_cabanelle_1_2023_10_11T06_59_57.jpg,labels/pyronear_cabanelle_1_2023_10_11T06_59_57.txt,True,brume,['brume'],[]
images/pyronear_brison_4_2023_08_17T09_52_50.jpg,labels/pyronear_brison_4_2023_08_17T09_52_50.txt,True,grosnuages,['grosnuages'],"['insecte', 'tache']"
images/pyronear_salaunes_1_2_2023_09_25T06_48_33.jpg,labels/pyronear_salaunes_1_2_2023_09_25T06_48_33.txt,True,insecte,['insecte'],[]
images/pyronear_brison_3_2023_08_29T06_07_44.jpg,labels/pyronear_brison_3_2023_08_29T06_07_44.txt,True,montagne,['montagne'],[]
images/pyronear_brison_2_2023_10_30T07_47_24.jpg,labels/pyronear_brison_2_2023_10_30T07_47_24.txt,True,brume,"['batiment', 'brume']",['brume']
images/pyronear_courmettes_1_2023_09_26T05_21_56.jpg,labels/pyronear_courmettes_1_2023_09_26T05_21_56.txt,True,soleil,['soleil'],[]
images/pyronear_cabanelle_1_2023_10_13T08_57_33.jpg,labels/pyronear_cabanelle_1_2023_10_13T08_57_33.txt,True,grosnuages,['grosnuages'],[]
images/pyronear_cabanelle_1_2023_10_13T09_16_33.jpg,labels/pyronear_cabanelle_1_2023_10_13T09_16_33.txt,True,grosnuages,['grosnuages'],[]
images/pyronear_valbonne_2_2023_11_07T14_29_49.jpg,labels/pyronear_valbonne_2_2023_11_07T14_29_49.txt,True,nuagesbas,['nuagesbas'],[]
images/pyronear_brison_4_2023_08_17T10_31_51.jpg,labels/pyronear_brison_4_2023_08_17T10_31_51.txt,True,grosnuages,['grosnuages'],"['insecte', 'tache']"
images/pyronear_salaunes_2_1_2023_07_04T05_44_40.jpg,labels/pyronear_salaunes_2_1_2023_07_04T05_44_40.txt,True,arbre,['arbre'],['brume']
images/pyronear_ferion_4_2023_11_06T16_00_40.jpg,labels/pyronear_ferion_4_2023_11_06T16_00_40.txt,True,nuagesbas,['nuagesbas'],['soleilcouchant']
images/pyronear_marguerite_1_2023_09_14T14_56_04.jpg,labels/pyronear_marguerite_1_2023_09_14T14_56_04.txt,True,nuagesbas,['nuagesbas'],[]
images/pyronear_marguerite_1_2023_08_11T15_30_43.jpg,labels/pyronear_marguerite_1_2023_08_11T15_30_43.txt,True,soleil,['soleilrayons'],[]
images/pyronear_marguerite_1_2023_09_16T17_00_37.jpg,labels/pyronear_marguerite_1_2023_09_16T17_00_37.txt,True,nuagesbas,['nuagesbas'],[]
images/pyronear_marguerite_4_2023_09_18T08_09_30.jpg,labels/pyronear_marguerite_4_2023_09_18T08_09_30.txt,True,tache,"['batiment', 'tache']","['brume', 'pluie']"
images/pyronear_marguerite_1_2023_08_22T13_30_42.jpg,labels/pyronear_marguerite_1_2023_08_22T13_30_42.txt,True,soleil,['soleilrayons'],[]
images/pyronear_salaunes_2_4_2023_08_19T05_09_01.jpg,labels/pyronear_salaunes_2_4_2023_08_19T05_09_01.txt,True,tuyau,['tuyau'],[]
images/pyronear_marguerite_4_2023_10_29T11_26_45.jpg,labels/pyronear_marguerite_4_2023_10_29T11_26_45.txt,True,batiment,['batiment'],"['brume', 'pluie']"
images/pyronear_marguerite_3_2023_09_18T07_59_55.jpg,labels/pyronear_marguerite_3_2023_09_18T07_59_55.txt,True,arbre,['arbre'],['brume']
images/pyronear_courmettes_1_2023_11_07T12_46_15.jpg,labels/pyronear_courmettes_1_2023_11_07T12_46_15.txt,True,nuagesbas,['nuagesbas'],[]
images/pyronear_marguerite_1_2023_09_14T05_34_13.jpg,labels/pyronear_marguerite_1_2023_09_14T05_34_13.txt,True,grosnuages,['grosnuages'],[]
images/pyronear_valbonne_3_2023_10_14T17_24_42.jpg,labels/pyronear_valbonne_3_2023_10_14T17_24_42.txt,True,batiment,['batimentloin'],['soleilcouchant']
images/pyronear_brison_2_2023_08_27T09_05_35.jpg,labels/pyronear_brison_2_2023_08_27T09_05_35.txt,True,grosnuages,['grosnuages'],['batiment']
images/pyronear_courmettes_1_2023_09_27T06_21_34.jpg,labels/pyronear_courmettes_1_2023_09_27T06_21_34.txt,True,soleil,"['glare', 'refletslac', 'soleil', 'tacherouge']",[]
images/pyronear_brison_4_2023_06_12T12_07_04.jpg,labels/pyronear_brison_4_2023_06_12T12_07_04.txt,True,nuagesbas,['nuagesbas'],['brume']
images/pyronear_brison_1_2023_07_01T04_08_17.jpg,labels/pyronear_brison_1_2023_07_01T04_08_17.txt,True,soleil,['soleil'],[]
images/pyronear_marguerite_3_2023_09_18T05_25_17.jpg,labels/pyronear_marguerite_3_2023_09_18T05_25_17.txt,True,arbre,['arbre'],['brume']
images/pyronear_cabanelle_1_2023_10_13T08_50_32.jpg,labels/pyronear_cabanelle_1_2023_10_13T08_50_32.txt,True,grosnuages,['grosnuages'],[]
images/pyronear_brison_4_2023_08_17T07_49_20.jpg,labels/pyronear_brison_4_2023_08_17T07_49_20.txt,True,grosnuages,['grosnuages'],"['insecte', 'tache']"
images/pyronear_cabanelle_1_2023_10_13T08_06_01.jpg,labels/pyronear_cabanelle_1_2023_10_13T08_06_01.txt,True,grosnuages,['grosnuages'],[]
images/pyronear_brison_3_2023_08_29T05_50_16.jpg,labels/pyronear_brison_3_2023_08_29T05_50_16.txt,True,montagne,['montagne'],[]
images/pyronear_brison_1_2023_09_13T16_03_12.jpg,labels/pyronear_brison_1_2023_09_13T16_03_12.txt,True,grosnuages,['grosnuages'],[]
images/pyronear_marguerite_1_2023_08_22T15_51_17.jpg,labels/pyronear_marguerite_1_2023_08_22T15_51_17.txt,True,soleil,['soleilrayons'],[]
images/pyronear_courmettes_1_2023_11_03T06_21_50.jpg,labels/pyronear_courmettes_1_2023_11_03T06_21_50.txt,True,glare,['glaresoleilptrouge'],['soleilcouchant']
images/pyronear_valbonne_3_2023_10_13T17_15_54.jpg,labels/pyronear_valbonne_3_2023_10_13T17_15_54.txt,True,batiment,['batimentloin'],['soleilcouchant']
images/pyronear_salaunes_2_4_2023_08_19T05_28_35.jpg,labels/pyronear_salaunes_2_4_2023_08_19T05_28_35.txt,True,tuyau,['tuyau'],[]
images/pyronear_courmettes_4_2023_11_02T09_25_36.jpg,labels/pyronear_courmettes_4_2023_11_02T09_25_36.txt,True,arbre,['arbre'],['brume']
images/pyronear_salaunes_2_4_2023_08_19T05_44_06.jpg,labels/pyronear_salaunes_2_4_2023_08_19T05_44_06.txt,True,tuyau,['tuyau'],[]
images/pyronear_cabanelle_1_2023_10_11T15_22_29.jpg,labels/pyronear_cabanelle_1_2023_10_11T15_22_29.txt,True,brume,['brume'],[]
images/pyronear_brison_4_2023_06_24T19_14_54.jpg,labels/pyronear_brison_4_2023_06_24T19_14_54.txt,True,soleil,['soleil'],[]
images/pyronear_brison_2_2023_10_05T05_45_01.jpg,labels/pyronear_brison_2_2023_10_05T05_45_01.txt,True,soleil,"['nuagesbas', 'soleil']",['batiment']
images/pyronear_salaunes_2_1_2023_07_04T05_44_09.jpg,labels/pyronear_salaunes_2_1_2023_07_04T05_44_09.txt,True,arbre,['arbre'],['brume']
images/pyronear_cabanelle_1_2023_10_13T09_30_07.jpg,labels/pyronear_cabanelle_1_2023_10_13T09_30_07.txt,True,grosnuages,['grosnuages'],[]
images/pyronear_courmettes_4_2023_11_02T11_09_40.jpg,labels/pyronear_courmettes_4_2023_11_02T11_09_40.txt,True,arbre,['arbre'],['brume']
images/pyronear_marguerite_1_2023_09_16T16_59_08.jpg,labels/pyronear_marguerite_1_2023_09_16T16_59_08.txt,True,nuagesbas,['nuagesbas'],[]
images/pyronear_valbonne_2_2023_11_05T15_23_06.jpg,labels/pyronear_valbonne_2_2023_11_05T15_23_06.txt,True,nuagesbas,['nuagesbas'],[]
images/pyronear_salaunes_2_1_2023_08_27T08_51_35.jpg,labels/pyronear_salaunes_2_1_2023_08_27T08_51_35.txt,True,grosnuages,['grosnuages'],[]
images/pyronear_brison_2_2023_06_08T05_56_42.jpg,labels/pyronear_brison_2_2023_06_08T05_56_42.txt,True,grosnuages,['grosnuages'],['batiment']
images/pyronear_marguerite_3_2023_09_18T09_15_28.jpg,labels/pyronear_marguerite_3_2023_09_18T09_15_28.txt,True,arbre,['arbre'],['brume']
images/pyronear_brison_3_2023_10_01T15_34_47.jpg,labels/pyronear_brison_3_2023_10_01T15_34_47.txt,True,montagne,['montagne'],[]
images/pyronear_valbonne_4_2023_11_02T08_56_08.jpg,labels/pyronear_valbonne_4_2023_11_02T08_56_08.txt,True,nuagesbas,['nuagesbas'],[]
images/pyronear_marguerite_4_2023_10_29T13_16_45.jpg,labels/pyronear_marguerite_4_2023_10_29T13_16_45.txt,True,batiment,['batiment'],"['brume', 'pluie']"
images/pyronear_marguerite_3_2023_09_18T09_08_27.jpg,labels/pyronear_marguerite_3_2023_09_18T09_08_27.txt,True,arbre,['arbre'],['brume']
images/pyronear_courmettes_2_2023_10_10T06_28_28.jpg,labels/pyronear_courmettes_2_2023_10_10T06_28_28.txt,True,grosnuages,['grosnuages'],"['brume', 'soleil']"
images/pyronear_brison_1_2023_07_24T17_25_07.jpg,labels/pyronear_brison_1_2023_07_24T17_25_07.txt,True,tache,['tachenoire'],[]
images/pyronear_marguerite_3_2023_09_18T07_27_23.jpg,labels/pyronear_marguerite_3_2023_09_18T07_27_23.txt,True,arbre,['arbre'],['brume']
images/pyronear_ferion_2_2023_10_24T16_25_36.jpg,labels/pyronear_ferion_2_2023_10_24T16_25_36.txt,True,grosnuages,['grosnuages'],[]
images/pyronear_salaunes_2_2_2023_10_31T07_53_19.jpg,labels/pyronear_salaunes_2_2_2023_10_31T07_53_19.txt,True,grosnuages,['grosnuagesrefletssoleil'],[]
images/pyronear_marguerite_3_2023_09_18T09_08_59.jpg,labels/pyronear_marguerite_3_2023_09_18T09_08_59.txt,True,arbre,['arbre'],['brume']
images/pyronear_brison_2_2023_09_22T08_52_54.jpg,labels/pyronear_brison_2_2023_09_22T08_52_54.txt,True,nuagesbas,['nuagesbas'],['batiment']
images/pyronear_cabanelle_1_2023_10_11T15_23_59.jpg,labels/pyronear_cabanelle_1_2023_10_11T15_23_59.txt,True,brume,['brume'],[]
images/pyronear_brison_4_2023_08_17T10_19_21.jpg,labels/pyronear_brison_4_2023_08_17T10_19_21.txt,True,grosnuages,['grosnuages'],"['insecte', 'tache']"
images/pyronear_brison_2_2023_10_30T07_54_55.jpg,labels/pyronear_brison_2_2023_10_30T07_54_55.txt,True,brume,"['batiment', 'brume']",['brume']
images/pyronear_ferion_2_2023_10_28T14_59_04.jpg,labels/pyronear_ferion_2_2023_10_28T14_59_04.txt,True,grosnuages,['grosnuages'],[]
images/pyronear_cabanelle_2_2023_10_01T06_43_36.jpg,labels/pyronear_cabanelle_2_2023_10_01T06_43_36.txt,True,soleil,"['glare', 'refletslac', 'soleil', 'tacherouge']",[]
images/pyronear_courmettes_4_2023_10_12T16_32_26.jpg,labels/pyronear_courmettes_4_2023_10_12T16_32_26.txt,True,brume,['brume'],['batiment']
images/pyronear_marguerite_3_2023_09_18T08_17_26.jpg,labels/pyronear_marguerite_3_2023_09_18T08_17_26.txt,True,arbre,['arbre'],['brume']
images/pyronear_marguerite_1_2023_09_14T16_15_06.jpg,labels/pyronear_marguerite_1_2023_09_14T16_15_06.txt,True,glare,['glaresoleilrayons'],[]
images/pyronear_brison_2_2023_10_30T07_39_55.jpg,labels/pyronear_brison_2_2023_10_30T07_39_55.txt,True,brume,"['batiment', 'brume']",['brume']
images/pyronear_courmettes_1_2023_11_03T06_19_50.jpg,labels/pyronear_courmettes_1_2023_11_03T06_19_50.txt,True,glare,['glaresoleilptrouge'],['soleilcouchant']
images/pyronear_courmettes_4_2023_09_29T17_03_18.jpg,labels/pyronear_courmettes_4_2023_09_29T17_03_18.txt,True,soleil,['soleil'],['batiment']
images/pyronear_valbonne_4_2023_10_01T05_46_48.jpg,labels/pyronear_valbonne_4_2023_10_01T05_46_48.txt,True,soleil,['soleil'],['batiment']
images/pyronear_marguerite_2_2023_09_01T17_55_05.jpg,labels/pyronear_marguerite_2_2023_09_01T17_55_05.txt,True,nuagesbas,['nuagesbas'],['soleilcouchant']
images/pyronear_marguerite_2_2023_09_10T18_28_21.jpg,labels/pyronear_marguerite_2_2023_09_10T18_28_21.txt,True,nuagesbas,['nuagesbas'],['soleilcouchant']
images/pyronear_marguerite_1_2023_09_10T16_09_12.jpg,labels/pyronear_marguerite_1_2023_09_10T16_09_12.txt,True,glare,['glare'],[]
images/pyronear_valbonne_3_2023_10_14T17_24_13.jpg,labels/pyronear_valbonne_3_2023_10_14T17_24_13.txt,True,batiment,['batimentloin'],['soleilcouchant']
images/pyronear_brison_4_2023_08_17T09_51_51.jpg,labels/pyronear_brison_4_2023_08_17T09_51_51.txt,True,grosnuages,['grosnuages'],"['insecte', 'tache']"
images/pyronear_brison_4_2023_06_27T19_10_10.jpg,labels/pyronear_brison_4_2023_06_27T19_10_10.txt,True,soleil,['soleil'],[]
images/pyronear_brison_2_2023_10_19T09_09_36.jpg,labels/pyronear_brison_2_2023_10_19T09_09_36.txt,True,brume,"['batiment', 'brume']",['brume']
images/pyronear_courmettes_1_2023_09_27T05_35_03.jpg,labels/pyronear_courmettes_1_2023_09_27T05_35_03.txt,True,soleil,['soleil'],[]
images/pyronear_marguerite_2_2023_09_01T18_25_04.jpg,labels/pyronear_marguerite_2_2023_09_01T18_25_04.txt,True,nuagesbas,['nuagesbas'],['soleilcouchant']
images/pyronear_marguerite_1_2023_09_09T16_13_38.jpg,labels/pyronear_marguerite_1_2023_09_09T16_13_38.txt,True,glare,['glare'],[]
images/pyronear_valbonne_2_2023_11_05T16_07_09.jpg,labels/pyronear_valbonne_2_2023_11_05T16_07_09.txt,True,nuagesbas,['nuagesbas'],[]
images/pyronear_valbonne_2_2023_11_05T14_39_35.jpg,labels/pyronear_valbonne_2_2023_11_05T14_39_35.txt,True,nuagesbas,['nuagesbas'],[]
images/pyronear_marguerite_3_2023_09_18T08_03_57.jpg,labels/pyronear_marguerite_3_2023_09_18T08_03_57.txt,True,arbre,['arbre'],['brume']
images/pyronear_marguerite_1_2023_09_10T16_16_13.jpg,labels/pyronear_marguerite_1_2023_09_10T16_16_13.txt,True,glare,['glare'],[]
images/pyronear_brison_2_2023_09_21T09_27_59.jpg,labels/pyronear_brison_2_2023_09_21T09_27_59.txt,True,brume,"['batiment', 'brume']",['brume']
images/pyronear_cabanelle_1_2023_10_07T14_00_56.jpg,labels/pyronear_cabanelle_1_2023_10_07T14_00_56.txt,True,nuagesbas,['nuagesbas'],[]
images/pyronear_courmettes_1_2023_11_07T12_51_44.jpg,labels/pyronear_courmettes_1_2023_11_07T12_51_44.txt,True,nuagesbas,['nuagesbas'],[]
images/pyronear_salaunes_2_4_2023_08_19T04_59_02.jpg,labels/pyronear_salaunes_2_4_2023_08_19T04_59_02.txt,True,tuyau,['tuyau'],[]
images/pyronear_marguerite_3_2023_06_09T09_34_34.jpg,labels/pyronear_marguerite_3_2023_06_09T09_34_34.txt,True,arbre,['arbre'],['brume']
images/pyronear_brison_4_2023_10_28T07_34_40.jpg,labels/pyronear_brison_4_2023_10_28T07_34_40.txt,True,nuagesbas,['nuagesbas'],[]
images/pyronear_valbonne_4_2023_10_29T07_05_16.jpg,labels/pyronear_valbonne_4_2023_10_29T07_05_16.txt,True,nuagesbas,['nuagesbas'],[]
images/pyronear_ferion_1_2023_10_20T15_49_13.jpg,labels/pyronear_ferion_1_2023_10_20T15_49_13.txt,True,arbre,['arbre'],['brume']
images/pyronear_salaunes_2_2_2023_10_24T06_54_14.jpg,labels/pyronear_salaunes_2_2_2023_10_24T06_54_14.txt,True,grosnuages,['grosnuagesrefletssoleil'],[]
images/pyronear_brison_1_2023_06_13T15_42_32.jpg,labels/pyronear_brison_1_2023_06_13T15_42_32.txt,True,nuagesbas,['nuagesbas'],[]
images/pyronear_courmettes_1_2023_11_07T13_27_15.jpg,labels/pyronear_courmettes_1_2023_11_07T13_27_15.txt,True,nuagesbas,['nuagesbas'],[]
images/pyronear_cabanelle_1_2023_10_13T08_49_03.jpg,labels/pyronear_cabanelle_1_2023_10_13T08_49_03.txt,True,grosnuages,['grosnuages'],[]
images/pyronear_courmettes_1_2023_11_07T06_30_00.jpg,labels/pyronear_courmettes_1_2023_11_07T06_30_00.txt,True,glare,['glaresoleilptrouge'],['soleilcouchant']
images/pyronear_brison_1_2023_07_10T04_15_12.jpg,labels/pyronear_brison_1_2023_07_10T04_15_12.txt,True,soleil,['soleil'],[]
images/pyronear_marguerite_4_2023_09_16T08_22_00.jpg,labels/pyronear_marguerite_4_2023_09_16T08_22_00.txt,True,tache,"['batiment', 'tache']","['brume', 'pluie']"
images/pyronear_brison_4_2023_08_17T10_01_51.jpg,labels/pyronear_brison_4_2023_08_17T10_01_51.txt,True,grosnuages,['grosnuages'],"['insecte', 'tache']"
images/pyronear_brison_2_2023_06_08T05_57_11.jpg,labels/pyronear_brison_2_2023_06_08T05_57_11.txt,True,grosnuages,['grosnuages'],['batiment']
images/pyronear_brison_2_2023_09_21T09_33_56.jpg,labels/pyronear_brison_2_2023_09_21T09_33_56.txt,True,brume,"['batiment', 'brume']",['brume']
images/pyronear_courmettes_2_2023_10_10T06_28_23.jpg,labels/pyronear_courmettes_2_2023_10_10T06_28_23.txt,True,grosnuages,['grosnuages'],"['brume', 'soleil']"
images/pyronear_cabanelle_1_2023_10_13T08_55_03.jpg,labels/pyronear_cabanelle_1_2023_10_13T08_55_03.txt,True,grosnuages,['grosnuages'],[]
images/pyronear_valbonne_2_2023_11_06T16_03_15.jpg,labels/pyronear_valbonne_2_2023_11_06T16_03_15.txt,True,nuagesbas,['nuagesbas'],[]
images/pyronear_valbonne_2_2023_11_05T15_25_37.jpg,labels/pyronear_valbonne_2_2023_11_05T15_25_37.txt,True,nuagesbas,['nuagesbas'],[]
images/pyronear_brison_2_2023_10_30T13_58_01.jpg,labels/pyronear_brison_2_2023_10_30T13_58_01.txt,True,brume,"['batiment', 'brume']",['brume']
images/pyronear_marguerite_3_2023_09_18T10_42_30.jpg,labels/pyronear_marguerite_3_2023_09_18T10_42_30.txt,True,arbre,['arbre'],['brume']
images/pyronear_ferion_1_2023_10_20T15_45_15.jpg,labels/pyronear_ferion_1_2023_10_20T15_45_15.txt,True,arbre,['arbre'],['brume']
images/pyronear_marguerite_1_2023_06_13T18_35_46.jpg,labels/pyronear_marguerite_1_2023_06_13T18_35_46.txt,True,grosnuages,['grosnuages'],[]
images/pyronear_brison_4_2023_06_27T19_09_10.jpg,labels/pyronear_brison_4_2023_06_27T19_09_10.txt,True,soleil,['soleil'],[]
images/pyronear_courmettes_1_2023_11_07T13_55_46.jpg,labels/pyronear_courmettes_1_2023_11_07T13_55_46.txt,True,nuagesbas,['nuagesbas'],[]
images/pyronear_courmettes_1_2023_11_07T14_04_46.jpg,labels/pyronear_courmettes_1_2023_11_07T14_04_46.txt,True,nuagesbas,['nuagesbas'],[]
images/pyronear_courmettes_4_2023_11_02T10_00_38.jpg,labels/pyronear_courmettes_4_2023_11_02T10_00_38.txt,True,arbre,['arbre'],['brume']
images/pyronear_marguerite_4_2023_09_21T11_35_03.jpg,labels/pyronear_marguerite_4_2023_09_21T11_35_03.txt,True,tache,"['batiment', 'tache']","['brume', 'pluie']"
images/pyronear_brison_3_2023_08_29T06_06_44.jpg,labels/pyronear_brison_3_2023_08_29T06_06_44.txt,True,montagne,['montagne'],[]
images/pyronear_brison_3_2023_09_07T06_56_01.jpg,labels/pyronear_brison_3_2023_09_07T06_56_01.txt,True,montagne,['montagne'],[]
images/pyronear_brison_2_2023_09_27T05_47_45.jpg,labels/pyronear_brison_2_2023_09_27T05_47_45.txt,True,glare,['glare'],[]
images/pyronear_courmettes_1_2023_09_26T04_50_48.jpg,labels/pyronear_courmettes_1_2023_09_26T04_50_48.txt,True,soleil,"['refletslac', 'soleil']",['soleilcouchant']
images/pyronear_courmettes_1_2023_09_27T06_22_34.jpg,labels/pyronear_courmettes_1_2023_09_27T06_22_34.txt,True,soleil,"['glare', 'refletslac', 'soleil', 'tacherouge']",[]
images/pyronear_brison_2_2023_10_30T13_56_01.jpg,labels/pyronear_brison_2_2023_10_30T13_56_01.txt,True,brume,"['batiment', 'brume']",['brume']
images/pyronear_courmettes_4_2023_11_02T11_25_10.jpg,labels/pyronear_courmettes_4_2023_11_02T11_25_10.txt,True,arbre,['arbre'],['brume']
images/pyronear_valbonne_2_2023_11_06T15_45_15.jpg,labels/pyronear_valbonne_2_2023_11_06T15_45_15.txt,True,nuagesbas,['nuagesbas'],[]
images/pyronear_brison_3_2023_06_08T05_47_14.jpg,labels/pyronear_brison_3_2023_06_08T05_47_14.txt,True,grosnuages,['grosnuages'],[]
images/pyronear_brison_2_2023_10_30T09_14_30.jpg,labels/pyronear_brison_2_2023_10_30T09_14_30.txt,True,brume,"['batiment', 'brume']",['brume']
images/pyronear_courmettes_2_2023_10_12T06_55_41.jpg,labels/pyronear_courmettes_2_2023_10_12T06_55_41.txt,True,grosnuages,['grosnuages'],[]
images/pyronear_brison_3_2023_09_07T06_59_01.jpg,labels/pyronear_brison_3_2023_09_07T06_59_01.txt,True,montagne,['montagne'],[]
images/pyronear_brison_2_2023_10_02T05_43_49.jpg,labels/pyronear_brison_2_2023_10_02T05_43_49.txt,True,soleil,['soleil'],['batiment']
images/pyronear_cabanelle_1_2023_10_13T08_55_32.jpg,labels/pyronear_cabanelle_1_2023_10_13T08_55_32.txt,True,grosnuages,['grosnuages'],[]
images/pyronear_salaunes_1_4_2023_10_05T17_13_46.jpg,labels/pyronear_salaunes_1_4_2023_10_05T17_13_46.txt,True,glare,['glareptjaune'],[]
images/pyronear_brison_4_2023_10_29T10_19_13.jpg,labels/pyronear_brison_4_2023_10_29T10_19_13.txt,True,grosnuages,['grosnuages'],['brume']
images/pyronear_brison_4_2023_11_01T13_03_23.jpg,labels/pyronear_brison_4_2023_11_01T13_03_23.txt,True,nuagesbas,['nuagesbas'],[]
images/pyronear_courmettes_2_2023_10_26T06_56_21.jpg,labels/pyronear_courmettes_2_2023_10_26T06_56_21.txt,True,glare,['glare'],[]
images/pyronear_valbonne_4_2023_10_29T06_03_35.jpg,labels/pyronear_valbonne_4_2023_10_29T06_03_35.txt,True,nuagesbas,['nuagesbas'],[]
images/pyronear_valbonne_4_2023_10_29T07_03_46.jpg,labels/pyronear_valbonne_4_2023_10_29T07_03_46.txt,True,nuagesbas,['nuagesbas'],[]
images/pyronear_marguerite_3_2023_09_18T07_26_24.jpg,labels/pyronear_marguerite_3_2023_09_18T07_26_24.txt,True,arbre,['arbre'],['brume']
images/pyronear_marguerite_3_2023_09_18T05_25_14.jpg,labels/pyronear_marguerite_3_2023_09_18T05_25_14.txt,True,arbre,['arbre'],['brume']
images/pyronear_valbonne_2_2023_11_05T15_24_06.jpg,labels/pyronear_valbonne_2_2023_11_05T15_24_06.txt,True,nuagesbas,['nuagesbas'],[]
images/pyronear_salaunes_2_1_2023_10_21T06_47_15.jpg,labels/pyronear_salaunes_2_1_2023_10_21T06_47_15.txt,True,grosnuages,['grosnuagesrefletssoleil'],[]
images/pyronear_salaunes_2_2_2023_10_24T06_51_43.jpg,labels/pyronear_salaunes_2_2_2023_10_24T06_51_43.txt,True,grosnuages,['grosnuagesrefletssoleil'],[]
images/pyronear_marguerite_3_2023_09_18T10_29_00.jpg,labels/pyronear_marguerite_3_2023_09_18T10_29_00.txt,True,arbre,['arbre'],['brume']
images/pyronear_marguerite_3_2023_09_18T05_19_15.jpg,labels/pyronear_marguerite_3_2023_09_18T05_19_15.txt,True,arbre,['arbre'],['brume']
images/pyronear_brison_2_2023_10_30T07_18_53.jpg,labels/pyronear_brison_2_2023_10_30T07_18_53.txt,True,brume,"['batiment', 'brume']",['brume']
images/pyronear_brison_2_2023_09_21T08_53_02.jpg,labels/pyronear_brison_2_2023_09_21T08_53_02.txt,True,brume,"['batiment', 'brume']",['brume']
images/pyronear_cabanelle_1_2023_10_11T15_09_59.jpg,labels/pyronear_cabanelle_1_2023_10_11T15_09_59.txt,True,brume,['brume'],[]
images/pyronear_marguerite_3_2023_09_18T07_11_54.jpg,labels/pyronear_marguerite_3_2023_09_18T07_11_54.txt,True,arbre,['arbre'],['brume']
images/pyronear_courmettes_2_2023_10_28T06_40_15.jpg,labels/pyronear_courmettes_2_2023_10_28T06_40_15.txt,True,glare,['glare'],[]
images/pyronear_brison_4_2023_07_30T06_02_05.jpg,labels/pyronear_brison_4_2023_07_30T06_02_05.txt,True,nuagesbas,['nuagesbas'],[]
images/pyronear_salaunes_1_2_2023_09_30T11_25_06.jpg,labels/pyronear_salaunes_1_2_2023_09_30T11_25_06.txt,True,glare,['glare'],[]
images/pyronear_marguerite_2_2023_09_24T17_41_13.jpg,labels/pyronear_marguerite_2_2023_09_24T17_41_13.txt,True,nuagesbas,['nuagesfiligranes'],[]
images/pyronear_brison_2_2023_10_30T08_13_55.jpg,labels/pyronear_brison_2_2023_10_30T08_13_55.txt,True,brume,"['batiment', 'brume']",['brume']
images/pyronear_cabanelle_1_2023_10_11T14_51_28.jpg,labels/pyronear_cabanelle_1_2023_10_11T14_51_28.txt,True,brume,['brume'],[]
images/pyronear_marguerite_1_2023_09_18T16_12_06.jpg,labels/pyronear_marguerite_1_2023_09_18T16_12_06.txt,True,glare,['glare'],[]
images/pyronear_valbonne_2_2023_11_06T15_35_15.jpg,labels/pyronear_valbonne_2_2023_11_06T15_35_15.txt,True,nuagesbas,['nuagesbas'],[]
images/pyronear_marguerite_2_2023_09_10T18_15_20.jpg,labels/pyronear_marguerite_2_2023_09_10T18_15_20.txt,True,nuagesbas,['nuagesbas'],['soleilcouchant']
images/pyronear_courmettes_1_2023_09_27T06_23_34.jpg,labels/pyronear_courmettes_1_2023_09_27T06_23_34.txt,True,soleil,"['glare', 'refletslac', 'soleil', 'tacherouge']",[]
images/pyronear_brison_3_2023_08_29T06_09_14.jpg,labels/pyronear_brison_3_2023_08_29T06_09_14.txt,True,montagne,['montagne'],[]
images/pyronear_brison_2_2023_10_30T08_14_43.jpg,labels/pyronear_brison_2_2023_10_30T08_14_43.txt,True,brume,"['batiment', 'brume']",['brume']
images/pyronear_marguerite_3_2023_09_18T05_22_15.jpg,labels/pyronear_marguerite_3_2023_09_18T05_22_15.txt,True,arbre,['arbre'],['brume']
images/pyronear_marguerite_1_2023_09_15T16_11_36.jpg,labels/pyronear_marguerite_1_2023_09_15T16_11_36.txt,True,glare,['glare'],[]
images/pyronear_courmettes_1_2023_11_07T12_58_44.jpg,labels/pyronear_courmettes_1_2023_11_07T12_58_44.txt,True,nuagesbas,['nuagesbas'],[]
images/pyronear_salaunes_2_1_2023_11_05T10_45_51.jpg,labels/pyronear_salaunes_2_1_2023_11_05T10_45_51.txt,True,grosnuages,['grosnuagesrefletssoleil'],[]
images/pyronear_marguerite_1_2023_09_14T05_36_43.jpg,labels/pyronear_marguerite_1_2023_09_14T05_36_43.txt,True,grosnuages,['grosnuages'],[]
images/pyronear_courmettes_1_2023_09_29T05_35_43.jpg,labels/pyronear_courmettes_1_2023_09_29T05_35_43.txt,True,soleil,['soleil'],[]
images/pyronear_brison_2_2023_10_29T06_05_58.jpg,labels/pyronear_brison_2_2023_10_29T06_05_58.txt,True,brume,"['batiment', 'brume']",['brume']
images/pyronear_brison_3_2023_10_07T17_24_15.jpg,labels/pyronear_brison_3_2023_10_07T17_24_15.txt,True,zonenoire,['zonenoire'],['soleilcouchant']
images/pyronear_valbonne_4_2023_10_18T10_43_46.jpg,labels/pyronear_valbonne_4_2023_10_18T10_43_46.txt,True,nuagesbas,['nuagesbas'],[]
images/pyronear_valbonne_3_2023_09_29T17_41_00.jpg,labels/pyronear_valbonne_3_2023_09_29T17_41_00.txt,True,batiment,['batimentloin'],['soleilcouchant']
images/pyronear_marguerite_3_2023_06_09T08_53_32.jpg,labels/pyronear_marguerite_3_2023_06_09T08_53_32.txt,True,arbre,['arbre'],['brume']
images/pyronear_marguerite_1_2023_08_22T15_13_15.jpg,labels/pyronear_marguerite_1_2023_08_22T15_13_15.txt,True,soleil,['soleilrayons'],[]
images/pyronear_marguerite_1_2023_06_27T03_38_36.jpg,labels/pyronear_marguerite_1_2023_06_27T03_38_36.txt,True,nuagesbas,['nuagesbas'],['nuit']
images/pyronear_courmettes_4_2023_09_28T10_13_02.jpg,labels/pyronear_courmettes_4_2023_09_28T10_13_02.txt,True,nuagesbas,['nuagesbas'],[]
images/pyronear_marguerite_3_2023_09_18T06_49_25.jpg,labels/pyronear_marguerite_3_2023_09_18T06_49_25.txt,True,arbre,['arbre'],['brume']
images/pyronear_ferion_2_2023_10_28T16_26_07.jpg,labels/pyronear_ferion_2_2023_10_28T16_26_07.txt,True,grosnuages,['grosnuages'],[]
images/pyronear_brison_3_2023_06_08T05_45_45.jpg,labels/pyronear_brison_3_2023_06_08T05_45_45.txt,True,grosnuages,['grosnuages'],[]
images/pyronear_marguerite_3_2023_09_18T07_02_53.jpg,labels/pyronear_marguerite_3_2023_09_18T07_02_53.txt,True,arbre,['arbre'],['brume']
images/pyronear_brison_1_2023_09_13T05_47_42.jpg,labels/pyronear_brison_1_2023_09_13T05_47_42.txt,True,nuagesbas,['nuagesbas'],[]
images/pyronear_valbonne_2_2023_11_07T14_38_50.jpg,labels/pyronear_valbonne_2_2023_11_07T14_38_50.txt,True,nuagesbas,['nuagesbas'],[]
images/pyronear_ferion_3_2023_10_20T13_59_46.jpg,labels/pyronear_ferion_3_2023_10_20T13_59_46.txt,True,brume,['brume'],[]
images/pyronear_courmettes_1_2023_11_03T06_17_52.jpg,labels/pyronear_courmettes_1_2023_11_03T06_17_52.txt,True,glare,['glaresoleilptrouge'],['soleilcouchant']
images/pyronear_brison_2_2023_09_14T17_44_01.jpg,labels/pyronear_brison_2_2023_09_14T17_44_01.txt,True,grosnuages,['grosnuages'],['batiment']
images/pyronear_ferion_3_2023_10_24T15_53_05.jpg,labels/pyronear_ferion_3_2023_10_24T15_53_05.txt,True,grosnuages,"['grosnuages', 'soleilreflets']",[]
images/pyronear_valbonne_2_2023_11_05T15_19_36.jpg,labels/pyronear_valbonne_2_2023_11_05T15_19_36.txt,True,nuagesbas,['nuagesbas'],[]
images/pyronear_brison_2_2023_09_22T08_49_43.jpg,labels/pyronear_brison_2_2023_09_22T08_49_43.txt,True,nuagesbas,['nuagesbas'],['batiment']
images/pyronear_valbonne_3_2023_10_20T11_19_42.jpg,labels/pyronear_valbonne_3_2023_10_20T11_19_42.txt,True,nuagesbas,['nuagesbas'],[]
images/pyronear_marguerite_3_2023_09_18T05_53_46.jpg,labels/pyronear_marguerite_3_2023_09_18T05_53_46.txt,True,arbre,['arbre'],['brume']
images/pyronear_marguerite_2_2023_09_10T18_12_50.jpg,labels/pyronear_marguerite_2_2023_09_10T18_12_50.txt,True,nuagesbas,['nuagesbas'],['soleilcouchant']
images/pyronear_ferion_2_2023_10_17T14_43_36.jpg,labels/pyronear_ferion_2_2023_10_17T14_43_36.txt,True,nuagesbas,['nuagesbas'],['brume']
images/pyronear_cabanelle_1_2023_10_10T09_04_10.jpg,labels/pyronear_cabanelle_1_2023_10_10T09_04_10.txt,True,grosnuages,"['grosnuages', 'nuagesbas']",[]
images/pyronear_valbonne_4_2023_10_29T09_18_21.jpg,labels/pyronear_valbonne_4_2023_10_29T09_18_21.txt,True,nuagesbas,['nuagesbas'],[]
images/pyronear_courmettes_4_2023_11_02T10_07_11.jpg,labels/pyronear_courmettes_4_2023_11_02T10_07_11.txt,True,arbre,['arbre'],['brume']
images/pyronear_brison_2_2023_10_29T06_29_58.jpg,labels/pyronear_brison_2_2023_10_29T06_29_58.txt,True,brume,"['batiment', 'brume']",['brume']
images/pyronear_cabanelle_1_2023_10_13T09_05_03.jpg,labels/pyronear_cabanelle_1_2023_10_13T09_05_03.txt,True,grosnuages,['grosnuages'],[]
images/pyronear_marguerite_3_2023_09_18T05_27_46.jpg,labels/pyronear_marguerite_3_2023_09_18T05_27_46.txt,True,arbre,['arbre'],['brume']
images/pyronear_brison_3_2023_08_29T07_42_02.jpg,labels/pyronear_brison_3_2023_08_29T07_42_02.txt,True,montagne,['montagne'],[]
images/pyronear_courmettes_4_2023_11_02T09_44_37.jpg,labels/pyronear_courmettes_4_2023_11_02T09_44_37.txt,True,arbre,['arbre'],['brume']
images/pyronear_cabanelle_1_2023_10_11T15_12_29.jpg,labels/pyronear_cabanelle_1_2023_10_11T15_12_29.txt,True,brume,['brume'],[]
images/pyronear_salaunes_2_4_2023_08_19T05_03_32.jpg,labels/pyronear_salaunes_2_4_2023_08_19T05_03_32.txt,True,tuyau,['tuyau'],[]
images/pyronear_marguerite_3_2023_09_18T09_14_28.jpg,labels/pyronear_marguerite_3_2023_09_18T09_14_28.txt,True,arbre,['arbre'],['brume']
images/pyronear_courmettes_1_2023_09_27T05_23_02.jpg,labels/pyronear_courmettes_1_2023_09_27T05_23_02.txt,True,soleil,['soleil'],[]
images/pyronear_marguerite_4_2023_10_20T07_33_45.jpg,labels/pyronear_marguerite_4_2023_10_20T07_33_45.txt,True,batiment,['batiment'],"['brume', 'pluie']"
images/pyronear_valbonne_4_2023_10_01T05_50_47.jpg,labels/pyronear_valbonne_4_2023_10_01T05_50_47.txt,True,soleil,['soleil'],['batiment']
images/pyronear_salaunes_2_4_2023_08_19T05_45_03.jpg,labels/pyronear_salaunes_2_4_2023_08_19T05_45_03.txt,True,tuyau,['tuyau'],[]
images/pyronear_marguerite_2_2023_09_10T18_19_21.jpg,labels/pyronear_marguerite_2_2023_09_10T18_19_21.txt,True,nuagesbas,['nuagesbas'],['soleilcouchant']
images/pyronear_brison_3_2023_08_29T06_19_45.jpg,labels/pyronear_brison_3_2023_08_29T06_19_45.txt,True,montagne,['montagne'],[]
images/pyronear_courmettes_1_2023_09_27T06_27_04.jpg,labels/pyronear_courmettes_1_2023_09_27T06_27_04.txt,True,soleil,"['glare', 'refletslac', 'soleil', 'tacherouge']",[]
images/pyronear_brison_4_2023_08_17T08_04_59.jpg,labels/pyronear_brison_4_2023_08_17T08_04_59.txt,True,grosnuages,['grosnuages'],"['insecte', 'tache']"
images/pyronear_brison_1_2023_06_13T06_05_20.jpg,labels/pyronear_brison_1_2023_06_13T06_05_20.txt,True,grosnuages,['grosnuages'],[]
images/pyronear_marguerite_1_2023_09_14T16_14_36.jpg,labels/pyronear_marguerite_1_2023_09_14T16_14_36.txt,True,glare,['glaresoleilrayons'],[]
images/pyronear_salaunes_1_4_2023_09_29T17_17_23.jpg,labels/pyronear_salaunes_1_4_2023_09_29T17_17_23.txt,True,glare,['glareptjaune'],[]
images/pyronear_courmettes_4_2023_10_20T15_58_56.jpg,labels/pyronear_courmettes_4_2023_10_20T15_58_56.txt,True,grosnuages,['grosnuages'],"['antenne', 'soleilcontrejour']"
images/pyronear_ferion_2_2023_10_29T14_05_41.jpg,labels/pyronear_ferion_2_2023_10_29T14_05_41.txt,True,grosnuages,"['grosnuages', 'nuagesbas']",[]
images/pyronear_valbonne_3_2023_11_06T15_55_21.jpg,labels/pyronear_valbonne_3_2023_11_06T15_55_21.txt,True,batiment,"['batiment', 'soleil']",['soleilcouchant']
images/pyronear_valbonne_3_2023_09_30T17_41_34.jpg,labels/pyronear_valbonne_3_2023_09_30T17_41_34.txt,True,batiment,['batimentloin'],['soleilcouchant']
images/pyronear_marguerite_2_2023_09_24T17_28_13.jpg,labels/pyronear_marguerite_2_2023_09_24T17_28_13.txt,True,nuagesbas,['nuagesfiligranes'],[]
images/pyronear_brison_3_2023_09_07T06_59_32.jpg,labels/pyronear_brison_3_2023_09_07T06_59_32.txt,True,montagne,['montagne'],[]
images/pyronear_marguerite_1_2023_09_14T05_47_13.jpg,labels/pyronear_marguerite_1_2023_09_14T05_47_13.txt,True,grosnuages,['grosnuages'],[]
images/pyronear_courmettes_1_2023_11_07T13_53_16.jpg,labels/pyronear_courmettes_1_2023_11_07T13_53_16.txt,True,nuagesbas,['nuagesbas'],[]
images/pyronear_brison_2_2023_10_30T06_55_19.jpg,labels/pyronear_brison_2_2023_10_30T06_55_19.txt,True,brume,"['batiment', 'brume']",['brume']
images/pyronear_brison_2_2023_10_19T07_36_34.jpg,labels/pyronear_brison_2_2023_10_19T07_36_34.txt,True,brume,"['batiment', 'brume']",['brume']
images/pyronear_valbonne_4_2023_10_18T08_58_39.jpg,labels/pyronear_valbonne_4_2023_10_18T08_58_39.txt,True,nuagesbas,['nuagesbas'],[]
images/pyronear_marguerite_1_2023_09_10T16_09_43.jpg,labels/pyronear_marguerite_1_2023_09_10T16_09_43.txt,True,glare,['glare'],[]
images/pyronear_brison_4_2023_08_17T07_38_20.jpg,labels/pyronear_brison_4_2023_08_17T07_38_20.txt,True,grosnuages,['grosnuages'],"['insecte', 'tache']"
images/pyronear_courmettes_2_2023_10_20T09_51_05.jpg,labels/pyronear_courmettes_2_2023_10_20T09_51_05.txt,True,grosnuages,['grosnuages'],['brume']
images/pyronear_marguerite_3_2023_09_18T07_28_24.jpg,labels/pyronear_marguerite_3_2023_09_18T07_28_24.txt,True,arbre,['arbre'],['brume']
images/pyronear_brison_4_2023_08_17T07_35_22.jpg,labels/pyronear_brison_4_2023_08_17T07_35_22.txt,True,grosnuages,['grosnuages'],"['insecte', 'tache']"
images/pyronear_brison_2_2023_10_30T06_55_59.jpg,labels/pyronear_brison_2_2023_10_30T06_55_59.txt,True,brume,"['batiment', 'brume']",['brume']
images/pyronear_brison_3_2023_09_07T06_36_01.jpg,labels/pyronear_brison_3_2023_09_07T06_36_01.txt,True,montagne,['montagne'],[]
images/pyronear_brison_3_2023_08_31T06_28_11.jpg,labels/pyronear_brison_3_2023_08_31T06_28_11.txt,True,montagne,['montagne'],[]
images/pyronear_valbonne_2_2023_11_05T15_30_36.jpg,labels/pyronear_valbonne_2_2023_11_05T15_30_36.txt,True,nuagesbas,['nuagesbas'],[]
images/pyronear_brison_2_2023_09_22T08_57_54.jpg,labels/pyronear_brison_2_2023_09_22T08_57_54.txt,True,nuagesbas,['nuagesbas'],['batiment']
images/pyronear_ferion_4_2023_11_06T16_02_38.jpg,labels/pyronear_ferion_4_2023_11_06T16_02_38.txt,True,nuagesbas,['nuagesbas'],['soleilcouchant']
images/pyronear_brison_3_2023_08_29T06_14_45.jpg,labels/pyronear_brison_3_2023_08_29T06_14_45.txt,True,montagne,['montagne'],[]
images/pyronear_valbonne_2_2023_11_06T15_33_45.jpg,labels/pyronear_valbonne_2_2023_11_06T15_33_45.txt,True,nuagesbas,['nuagesbas'],[]
images/pyronear_brison_3_2023_09_07T07_08_32.jpg,labels/pyronear_brison_3_2023_09_07T07_08_32.txt,True,montagne,['montagne'],[]
images/pyronear_courmettes_1_2023_11_03T05_50_49.jpg,labels/pyronear_courmettes_1_2023_11_03T05_50_49.txt,True,zonenoire,['zonenoire'],['soleilcouchant']
images/pyronear_valbonne_2_2023_11_06T16_00_46.jpg,labels/pyronear_valbonne_2_2023_11_06T16_00_46.txt,True,nuagesbas,['nuagesbas'],[]
images/pyronear_valbonne_3_2023_09_29T17_42_28.jpg,labels/pyronear_valbonne_3_2023_09_29T17_42_28.txt,True,batiment,['batimentloin'],['soleilcouchant']
images/pyronear_valbonne_2_2023_11_06T15_23_45.jpg,labels/pyronear_valbonne_2_2023_11_06T15_23_45.txt,True,nuagesbas,['nuagesbas'],[]
images/pyronear_brison_1_2023_07_24T11_31_14.jpg,labels/pyronear_brison_1_2023_07_24T11_31_14.txt,True,tache,['tachenoire'],[]
images/pyronear_salaunes_1_1_2023_08_09T18_14_59.jpg,labels/pyronear_salaunes_1_1_2023_08_09T18_14_59.txt,True,nuagesbas,['nuagesbas'],[]
images/pyronear_brison_1_2023_06_13T06_05_34.jpg,labels/pyronear_brison_1_2023_06_13T06_05_34.txt,True,grosnuages,['grosnuages'],[]
images/pyronear_valbonne_4_2023_10_01T05_54_47.jpg,labels/pyronear_valbonne_4_2023_10_01T05_54_47.txt,True,soleil,['soleil'],['batiment']
images/pyronear_marguerite_3_2023_09_18T07_34_24.jpg,labels/pyronear_marguerite_3_2023_09_18T07_34_24.txt,True,arbre,['arbre'],['brume']
images/pyronear_brison_4_2023_08_17T10_17_52.jpg,labels/pyronear_brison_4_2023_08_17T10_17_52.txt,True,grosnuages,['grosnuages'],"['insecte', 'tache']"
images/pyronear_marguerite_2_2023_09_10T18_36_50.jpg,labels/pyronear_marguerite_2_2023_09_10T18_36_50.txt,True,nuagesbas,['nuagesbas'],['soleilcouchant']
images/pyronear_salaunes_1_4_2023_10_02T17_24_18.jpg,labels/pyronear_salaunes_1_4_2023_10_02T17_24_18.txt,True,glare,['glareptjaune'],[]
images/pyronear_brison_2_2023_09_14T17_45_02.jpg,labels/pyronear_brison_2_2023_09_14T17_45_02.txt,True,grosnuages,['grosnuages'],['batiment']
images/pyronear_brison_2_2023_09_22T08_44_43.jpg,labels/pyronear_brison_2_2023_09_22T08_44_43.txt,True,nuagesbas,['nuagesbas'],['batiment']
images/pyronear_brison_1_2023_06_23T04_05_52.jpg,labels/pyronear_brison_1_2023_06_23T04_05_52.txt,True,soleil,['soleil'],[]
images/pyronear_marguerite_1_2023_09_14T05_41_14.jpg,labels/pyronear_marguerite_1_2023_09_14T05_41_14.txt,True,grosnuages,['grosnuages'],[]
images/pyronear_brison_2_2023_06_09T13_23_12.jpg,labels/pyronear_brison_2_2023_06_09T13_23_12.txt,True,nuagesbas,['nuagesbas'],['batiment']
images/pyronear_marguerite_1_2023_09_14T05_47_43.jpg,labels/pyronear_marguerite_1_2023_09_14T05_47_43.txt,True,grosnuages,['grosnuages'],[]
images/pyronear_brison_2_2023_11_01T11_03_34.jpg,labels/pyronear_brison_2_2023_11_01T11_03_34.txt,True,brume,"['batiment', 'brume']",['brume']
images/pyronear_marguerite_3_2023_09_18T07_48_54.jpg,labels/pyronear_marguerite_3_2023_09_18T07_48_54.txt,True,arbre,['arbre'],['brume']
images/pyronear_brison_2_2023_08_27T09_11_05.jpg,labels/pyronear_brison_2_2023_08_27T09_11_05.txt,True,grosnuages,['grosnuages'],['batiment']
images/pyronear_brison_2_2023_10_30T13_44_51.jpg,labels/pyronear_brison_2_2023_10_30T13_44_51.txt,True,brume,"['batiment', 'brume']",['brume']
images/pyronear_valbonne_2_2023_11_05T15_03_06.jpg,labels/pyronear_valbonne_2_2023_11_05T15_03_06.txt,True,nuagesbas,['nuagesbas'],[]
images/pyronear_ferion_2_2023_10_29T15_07_37.jpg,labels/pyronear_ferion_2_2023_10_29T15_07_37.txt,True,grosnuages,['grosnuages'],[]
images/pyronear_brison_3_2023_08_29T06_12_14.jpg,labels/pyronear_brison_3_2023_08_29T06_12_14.txt,True,montagne,['montagne'],[]
images/pyronear_cabanelle_1_2023_10_11T15_11_29.jpg,labels/pyronear_cabanelle_1_2023_10_11T15_11_29.txt,True,brume,['brume'],[]
images/pyronear_courmettes_1_2023_11_07T13_50_46.jpg,labels/pyronear_courmettes_1_2023_11_07T13_50_46.txt,True,nuagesbas,['nuagesbas'],[]
images/pyronear_courmettes_1_2023_11_07T13_24_14.jpg,labels/pyronear_courmettes_1_2023_11_07T13_24_14.txt,True,nuagesbas,['nuagesbas'],[]
images/pyronear_marguerite_1_2023_09_14T05_46_14.jpg,labels/pyronear_marguerite_1_2023_09_14T05_46_14.txt,True,grosnuages,['grosnuages'],[]
images/pyronear_salaunes_1_4_2023_10_05T17_17_44.jpg,labels/pyronear_salaunes_1_4_2023_10_05T17_17_44.txt,True,glare,['glareptjaune'],[]
images/pyronear_courmettes_4_2023_10_11T15_59_39.jpg,labels/pyronear_courmettes_4_2023_10_11T15_59_39.txt,True,nuagesbas,['nuagesbas'],['brume']
images/pyronear_courmettes_1_2023_09_27T05_53_33.jpg,labels/pyronear_courmettes_1_2023_09_27T05_53_33.txt,True,glare,['glareptjaune'],[]
images/pyronear_cabanelle_1_2023_10_13T06_02_27.jpg,labels/pyronear_cabanelle_1_2023_10_13T06_02_27.txt,True,grosnuages,['grosnuages'],['brume']
images/pyronear_salaunes_2_1_2023_08_27T08_32_36.jpg,labels/pyronear_salaunes_2_1_2023_08_27T08_32_36.txt,True,grosnuages,['grosnuages'],[]
images/pyronear_courmettes_4_2023_11_02T09_45_37.jpg,labels/pyronear_courmettes_4_2023_11_02T09_45_37.txt,True,arbre,['arbre'],['brume']
images/pyronear_salaunes_2_1_2023_11_05T10_23_20.jpg,labels/pyronear_salaunes_2_1_2023_11_05T10_23_20.txt,True,grosnuages,['grosnuagesrefletssoleil'],[]
images/pyronear_ferion_2_2023_10_22T06_45_08.jpg,labels/pyronear_ferion_2_2023_10_22T06_45_08.txt,True,glare,['glare'],[]
images/pyronear_valbonne_4_2023_11_02T08_23_34.jpg,labels/pyronear_valbonne_4_2023_11_02T08_23_34.txt,True,nuagesbas,['nuagesbas'],[]
images/pyronear_cabanelle_1_2023_10_13T09_37_06.jpg,labels/pyronear_cabanelle_1_2023_10_13T09_37_06.txt,True,grosnuages,['grosnuages'],[]
images/pyronear_marguerite_2_2023_09_24T17_32_13.jpg,labels/pyronear_marguerite_2_2023_09_24T17_32_13.txt,True,nuagesbas,['nuagesfiligranes'],[]
images/pyronear_brison_2_2023_10_08T05_52_12.jpg,labels/pyronear_brison_2_2023_10_08T05_52_12.txt,True,soleil,['soleil'],['batiment']
images/pyronear_marguerite_3_2023_09_18T10_28_00.jpg,labels/pyronear_marguerite_3_2023_09_18T10_28_00.txt,True,arbre,['arbre'],['brume']
images/pyronear_cabanelle_1_2023_10_10T11_23_14.jpg,labels/pyronear_cabanelle_1_2023_10_10T11_23_14.txt,True,grosnuages,"['grosnuages', 'nuagesbas']",[]
images/pyronear_cabanelle_1_2023_10_13T08_18_32.jpg,labels/pyronear_cabanelle_1_2023_10_13T08_18_32.txt,True,grosnuages,['grosnuages'],[]
images/pyronear_salaunes_2_1_2023_10_21T06_45_45.jpg,labels/pyronear_salaunes_2_1_2023_10_21T06_45_45.txt,True,grosnuages,['grosnuagesrefletssoleil'],[]
images/pyronear_valbonne_4_2023_10_01T06_02_47.jpg,labels/pyronear_valbonne_4_2023_10_01T06_02_47.txt,True,soleil,['soleil'],['batiment']
images/pyronear_brison_4_2023_08_17T07_59_47.jpg,labels/pyronear_brison_4_2023_08_17T07_59_47.txt,True,grosnuages,['grosnuages'],"['insecte', 'tache']"
images/pyronear_brison_2_2023_10_19T08_28_35.jpg,labels/pyronear_brison_2_2023_10_19T08_28_35.txt,True,brume,"['batiment', 'brume']",['brume']
images/pyronear_brison_4_2023_10_29T12_07_18.jpg,labels/pyronear_brison_4_2023_10_29T12_07_18.txt,True,grosnuages,['grosnuages'],['brume']
images/pyronear_brison_4_2023_08_17T07_37_51.jpg,labels/pyronear_brison_4_2023_08_17T07_37_51.txt,True,grosnuages,['grosnuages'],"['insecte', 'tache']"
images/pyronear_brison_3_2023_09_21T14_40_05.jpg,labels/pyronear_brison_3_2023_09_21T14_40_05.txt,True,grosnuages,['grosnuages'],['brume']
images/pyronear_ferion_4_2023_11_06T15_36_08.jpg,labels/pyronear_ferion_4_2023_11_06T15_36_08.txt,True,nuagesbas,['nuagesbas'],['soleilcouchant']
images/pyronear_marguerite_4_2023_10_29T13_29_45.jpg,labels/pyronear_marguerite_4_2023_10_29T13_29_45.txt,True,batiment,['batiment'],"['brume', 'pluie']"
images/pyronear_marguerite_2_2023_09_24T17_31_13.jpg,labels/pyronear_marguerite_2_2023_09_24T17_31_13.txt,True,nuagesbas,['nuagesfiligranes'],[]
images/pyronear_brison_3_2023_09_21T12_53_34.jpg,labels/pyronear_brison_3_2023_09_21T12_53_34.txt,True,grosnuages,['grosnuages'],['brume']
images/pyronear_brison_3_2023_08_29T06_22_15.jpg,labels/pyronear_brison_3_2023_08_29T06_22_15.txt,True,montagne,['montagne'],[]
images/pyronear_courmettes_1_2023_11_07T13_22_15.jpg,labels/pyronear_courmettes_1_2023_11_07T13_22_15.txt,True,nuagesbas,['nuagesbas'],[]
images/pyronear_marguerite_1_2023_08_22T13_30_12.jpg,labels/pyronear_marguerite_1_2023_08_22T13_30_12.txt,True,soleil,['soleilrayons'],[]
images/pyronear_valbonne_4_2023_11_02T10_08_37.jpg,labels/pyronear_valbonne_4_2023_11_02T10_08_37.txt,True,nuagesbas,['nuagesbas'],[]
images/pyronear_brison_2_2023_10_30T06_47_22.jpg,labels/pyronear_brison_2_2023_10_30T06_47_22.txt,True,brume,"['batiment', 'brume']",['brume']
images/pyronear_salaunes_1_4_2023_10_04T17_21_47.jpg,labels/pyronear_salaunes_1_4_2023_10_04T17_21_47.txt,True,glare,['glareptjaune'],[]
images/pyronear_valbonne_3_2023_10_20T10_43_11.jpg,labels/pyronear_valbonne_3_2023_10_20T10_43_11.txt,True,nuagesbas,['nuagesbas'],[]
images/pyronear_valbonne_2_2023_11_07T14_21_18.jpg,labels/pyronear_valbonne_2_2023_11_07T14_21_18.txt,True,nuagesbas,['nuagesbas'],[]
images/pyronear_cabanelle_1_2023_10_11T15_10_29.jpg,labels/pyronear_cabanelle_1_2023_10_11T15_10_29.txt,True,brume,['brume'],[]
images/pyronear_courmettes_1_2023_09_28T06_01_02.jpg,labels/pyronear_courmettes_1_2023_09_28T06_01_02.txt,True,glare,['glaretache'],[]
images/pyronear_salaunes_1_2_2023_09_30T11_49_12.jpg,labels/pyronear_salaunes_1_2_2023_09_30T11_49_12.txt,True,glare,['glare'],[]
images/pyronear_marguerite_1_2023_09_14T05_44_44.jpg,labels/pyronear_marguerite_1_2023_09_14T05_44_44.txt,True,grosnuages,['grosnuages'],[]
images/pyronear_courmettes_1_2023_09_26T05_24_12.jpg,labels/pyronear_courmettes_1_2023_09_26T05_24_12.txt,True,soleil,['soleil'],[]
images/pyronear_marguerite_3_2023_09_18T07_59_25.jpg,labels/pyronear_marguerite_3_2023_09_18T07_59_25.txt,True,arbre,['arbre'],['brume']
images/pyronear_brison_2_2023_09_21T09_32_56.jpg,labels/pyronear_brison_2_2023_09_21T09_32_56.txt,True,brume,"['batiment', 'brume']",['brume']
images/pyronear_valbonne_3_2023_10_20T11_18_12.jpg,labels/pyronear_valbonne_3_2023_10_20T11_18_12.txt,True,nuagesbas,['nuagesbas'],[]
images/pyronear_ferion_2_2023_10_28T15_11_05.jpg,labels/pyronear_ferion_2_2023_10_28T15_11_05.txt,True,grosnuages,['grosnuages'],[]
images/pyronear_salaunes_2_1_2023_08_27T09_33_43.jpg,labels/pyronear_salaunes_2_1_2023_08_27T09_33_43.txt,True,grosnuages,['grosnuages'],[]
images/pyronear_brison_3_2023_09_07T06_39_01.jpg,labels/pyronear_brison_3_2023_09_07T06_39_01.txt,True,montagne,['montagne'],[]
images/pyronear_salaunes_2_4_2023_08_19T05_06_31.jpg,labels/pyronear_salaunes_2_4_2023_08_19T05_06_31.txt,True,tuyau,['tuyau'],[]
images/pyronear_ferion_2_2023_10_27T06_51_03.jpg,labels/pyronear_ferion_2_2023_10_27T06_51_03.txt,True,glare,['glare'],[]
images/pyronear_marguerite_4_2023_10_29T13_09_16.jpg,labels/pyronear_marguerite_4_2023_10_29T13_09_16.txt,True,batiment,['batiment'],"['brume', 'pluie']"
images/pyronear_cabanelle_1_2023_10_10T11_38_15.jpg,labels/pyronear_cabanelle_1_2023_10_10T11_38_15.txt,True,grosnuages,"['grosnuages', 'nuagesbas']",[]
images/pyronear_brison_2_2023_08_27T09_00_11.jpg,labels/pyronear_brison_2_2023_08_27T09_00_11.txt,True,grosnuages,['grosnuages'],['batiment']
images/pyronear_brison_2_2023_11_01T11_21_02.jpg,labels/pyronear_brison_2_2023_11_01T11_21_02.txt,True,brume,"['batiment', 'brume']",['brume']
images/pyronear_cabanelle_1_2023_10_11T15_06_29.jpg,labels/pyronear_cabanelle_1_2023_10_11T15_06_29.txt,True,brume,['brume'],[]
images/pyronear_courmettes_2_2023_10_06T07_07_11.jpg,labels/pyronear_courmettes_2_2023_10_06T07_07_11.txt,True,soleil,['soleil'],[]
images/pyronear_marguerite_2_2023_09_10T18_37_20.jpg,labels/pyronear_marguerite_2_2023_09_10T18_37_20.txt,True,nuagesbas,['nuagesbas'],['soleilcouchant']
images/pyronear_courmettes_1_2023_09_29T06_10_14.jpg,labels/pyronear_courmettes_1_2023_09_29T06_10_14.txt,True,glare,"['glaretacherouge', 'soleilrefletslac']",[]
images/pyronear_courmettes_1_2023_09_29T06_09_14.jpg,labels/pyronear_courmettes_1_2023_09_29T06_09_14.txt,True,glare,"['glaretacherouge', 'soleilrefletslac']",[]
images/pyronear_marguerite_2_2023_09_10T18_33_20.jpg,labels/pyronear_marguerite_2_2023_09_10T18_33_20.txt,True,nuagesbas,['nuagesbas'],['soleilcouchant']
images/pyronear_valbonne_4_2023_10_29T07_49_17.jpg,labels/pyronear_valbonne_4_2023_10_29T07_49_17.txt,True,nuagesbas,['nuagesbas'],[]
images/pyronear_brison_2_2023_08_27T09_13_05.jpg,labels/pyronear_brison_2_2023_08_27T09_13_05.txt,True,grosnuages,['grosnuages'],['batiment']
images/pyronear_brison_2_2023_09_21T08_40_34.jpg,labels/pyronear_brison_2_2023_09_21T08_40_34.txt,True,brume,"['batiment', 'brume']",['brume']
images/pyronear_brison_2_2023_10_30T08_15_55.jpg,labels/pyronear_brison_2_2023_10_30T08_15_55.txt,True,brume,"['batiment', 'brume']",['brume']
images/pyronear_brison_4_2023_08_17T07_53_16.jpg,labels/pyronear_brison_4_2023_08_17T07_53_16.txt,True,grosnuages,['grosnuages'],"['insecte', 'tache']"
images/pyronear_valbonne_4_2023_10_28T15_50_04.jpg,labels/pyronear_valbonne_4_2023_10_28T15_50_04.txt,True,nuagesbas,['nuagesbas'],[]
images/pyronear_valbonne_4_2023_10_02T05_44_56.jpg,labels/pyronear_valbonne_4_2023_10_02T05_44_56.txt,True,soleil,"['glare', 'soleil']",['batiment']
images/pyronear_brison_3_2023_06_14T08_25_57.jpg,labels/pyronear_brison_3_2023_06_14T08_25_57.txt,True,grosnuages,['grosnuages'],['brume']
images/pyronear_courmettes_4_2023_09_28T10_11_54.jpg,labels/pyronear_courmettes_4_2023_09_28T10_11_54.txt,True,nuagesbas,['nuagesbas'],[]
images/pyronear_salaunes_1_1_2023_11_01T10_05_07.jpg,labels/pyronear_salaunes_1_1_2023_11_01T10_05_07.txt,True,grosnuages,['grosnuages'],[]
images/pyronear_courmettes_1_2023_11_07T13_46_45.jpg,labels/pyronear_courmettes_1_2023_11_07T13_46_45.txt,True,nuagesbas,['nuagesbas'],[]
images/pyronear_marguerite_1_2023_09_05T17_54_25.jpg,labels/pyronear_marguerite_1_2023_09_05T17_54_25.txt,True,soleil,['soleil'],[]
images/pyronear_brison_4_2023_10_24T16_03_07.jpg,labels/pyronear_brison_4_2023_10_24T16_03_07.txt,True,grosnuages,['grosnuages'],[]
images/pyronear_courmettes_1_2023_09_29T05_36_13.jpg,labels/pyronear_courmettes_1_2023_09_29T05_36_13.txt,True,soleil,['soleil'],[]
images/pyronear_marguerite_4_2023_09_21T06_42_56.jpg,labels/pyronear_marguerite_4_2023_09_21T06_42_56.txt,True,tache,"['batiment', 'tache']","['brume', 'pluie']"
images/pyronear_courmettes_2_2023_10_06T07_06_19.jpg,labels/pyronear_courmettes_2_2023_10_06T07_06_19.txt,True,soleil,['soleil'],[]
images/pyronear_salaunes_2_4_2023_08_19T04_59_05.jpg,labels/pyronear_salaunes_2_4_2023_08_19T04_59_05.txt,True,tuyau,['tuyau'],[]
images/pyronear_marguerite_1_2023_07_30T16_30_01.jpg,labels/pyronear_marguerite_1_2023_07_30T16_30_01.txt,True,soleil,['soleilrayons'],[]
images/pyronear_valbonne_3_2023_10_20T08_36_05.jpg,labels/pyronear_valbonne_3_2023_10_20T08_36_05.txt,True,nuagesbas,['nuagesbas'],[]
images/pyronear_marguerite_1_2023_08_22T15_52_47.jpg,labels/pyronear_marguerite_1_2023_08_22T15_52_47.txt,True,soleil,['soleilrayons'],[]
images/pyronear_brison_4_2023_10_28T06_03_47.jpg,labels/pyronear_brison_4_2023_10_28T06_03_47.txt,True,nuagesbas,['nuagesbas'],[]
images/pyronear_cabanelle_1_2023_10_10T11_35_44.jpg,labels/pyronear_cabanelle_1_2023_10_10T11_35_44.txt,True,grosnuages,"['grosnuages', 'nuagesbas']",[]
images/pyronear_marguerite_1_2023_08_22T13_58_50.jpg,labels/pyronear_marguerite_1_2023_08_22T13_58_50.txt,True,soleil,['soleilrayons'],[]
images/pyronear_courmettes_1_2023_11_07T13_33_45.jpg,labels/pyronear_courmettes_1_2023_11_07T13_33_45.txt,True,nuagesbas,['nuagesbas'],[]
images/pyronear_marguerite_1_2023_08_22T16_45_20.jpg,labels/pyronear_marguerite_1_2023_08_22T16_45_20.txt,True,soleil,['soleilrayons'],[]
images/pyronear_ferion_2_2023_10_31T06_50_23.jpg,labels/pyronear_ferion_2_2023_10_31T06_50_23.txt,True,glare,"['glare', 'tache']",[]
images/pyronear_brison_4_2023_06_28T18_56_05.jpg,labels/pyronear_brison_4_2023_06_28T18_56_05.txt,True,glare,['glare'],[]
images/pyronear_brison_3_2023_09_07T06_49_31.jpg,labels/pyronear_brison_3_2023_09_07T06_49_31.txt,True,montagne,['montagne'],[]
images/pyronear_cabanelle_1_2023_10_13T08_27_34.jpg,labels/pyronear_cabanelle_1_2023_10_13T08_27_34.txt,True,grosnuages,['grosnuages'],[]
images/pyronear_valbonne_2_2023_11_05T16_02_09.jpg,labels/pyronear_valbonne_2_2023_11_05T16_02_09.txt,True,nuagesbas,['nuagesbas'],[]
images/pyronear_cabanelle_1_2023_10_13T06_00_26.jpg,labels/pyronear_cabanelle_1_2023_10_13T06_00_26.txt,True,grosnuages,['grosnuages'],['brume']
images/pyronear_brison_2_2023_10_30T09_18_57.jpg,labels/pyronear_brison_2_2023_10_30T09_18_57.txt,True,brume,"['batiment', 'brume']",['brume']
images/pyronear_brison_2_2023_07_10T05_12_47.jpg,labels/pyronear_brison_2_2023_07_10T05_12_47.txt,True,glare,['glare'],[]
images/pyronear_valbonne_4_2023_10_29T09_57_53.jpg,labels/pyronear_valbonne_4_2023_10_29T09_57_53.txt,True,nuagesbas,['nuagesbas'],[]
images/pyronear_cabanelle_1_2023_10_13T09_11_03.jpg,labels/pyronear_cabanelle_1_2023_10_13T09_11_03.txt,True,grosnuages,['grosnuages'],[]
images/pyronear_marguerite_1_2023_09_16T12_35_28.jpg,labels/pyronear_marguerite_1_2023_09_16T12_35_28.txt,True,nuagesbas,['nuagesbas'],[]
images/pyronear_marguerite_3_2023_09_18T10_23_38.jpg,labels/pyronear_marguerite_3_2023_09_18T10_23_38.txt,True,arbre,['arbre'],['brume']
images/pyronear_marguerite_2_2023_09_10T18_20_19.jpg,labels/pyronear_marguerite_2_2023_09_10T18_20_19.txt,True,nuagesbas,['nuagesbas'],['soleilcouchant']
images/pyronear_brison_2_2023_09_18T05_34_40.jpg,labels/pyronear_brison_2_2023_09_18T05_34_40.txt,True,brume,"['batiment', 'brume']",['brume']
images/pyronear_salaunes_2_1_2023_11_05T10_31_51.jpg,labels/pyronear_salaunes_2_1_2023_11_05T10_31_51.txt,True,grosnuages,['grosnuagesrefletssoleil'],[]
images/pyronear_brison_4_2023_10_24T16_04_37.jpg,labels/pyronear_brison_4_2023_10_24T16_04_37.txt,True,grosnuages,['grosnuages'],[]
images/pyronear_brison_4_2023_10_28T05_57_47.jpg,labels/pyronear_brison_4_2023_10_28T05_57_47.txt,True,nuagesbas,['nuagesbas'],[]
images/pyronear_marguerite_1_2023_09_14T16_02_35.jpg,labels/pyronear_marguerite_1_2023_09_14T16_02_35.txt,True,glare,['glaresoleilrayons'],[]
images/pyronear_cabanelle_1_2023_10_13T08_36_32.jpg,labels/pyronear_cabanelle_1_2023_10_13T08_36_32.txt,True,grosnuages,['grosnuages'],[]
images/pyronear_brison_2_2023_10_30T06_49_22.jpg,labels/pyronear_brison_2_2023_10_30T06_49_22.txt,True,brume,"['batiment', 'brume']",['brume']
images/pyronear_courmettes_4_2023_11_02T08_56_09.jpg,labels/pyronear_courmettes_4_2023_11_02T08_56_09.txt,True,arbre,['arbre'],['brume']
images/pyronear_courmettes_1_2023_09_29T06_24_44.jpg,labels/pyronear_courmettes_1_2023_09_29T06_24_44.txt,True,glare,"['glaretacherouge', 'soleilrefletslac']",[]
images/pyronear_brison_2_2023_09_21T08_40_25.jpg,labels/pyronear_brison_2_2023_09_21T08_40_25.txt,True,brume,"['batiment', 'brume']",['brume']
images/pyronear_salaunes_2_1_2023_11_05T10_49_52.jpg,labels/pyronear_salaunes_2_1_2023_11_05T10_49_52.txt,True,grosnuages,['grosnuagesrefletssoleil'],[]
images/pyronear_brison_2_2023_10_30T08_24_22.jpg,labels/pyronear_brison_2_2023_10_30T08_24_22.txt,True,brume,"['batiment', 'brume']",['brume']
images/pyronear_marguerite_1_2023_08_22T16_34_18.jpg,labels/pyronear_marguerite_1_2023_08_22T16_34_18.txt,True,soleil,['soleilrayons'],[]
images/pyronear_valbonne_2_2023_11_07T14_27_26.jpg,labels/pyronear_valbonne_2_2023_11_07T14_27_26.txt,True,nuagesbas,['nuagesbas'],[]
images/pyronear_brison_4_2023_08_17T09_47_21.jpg,labels/pyronear_brison_4_2023_08_17T09_47_21.txt,True,grosnuages,['grosnuages'],"['insecte', 'tache']"
images/pyronear_marguerite_3_2023_09_18T08_59_26.jpg,labels/pyronear_marguerite_3_2023_09_18T08_59_26.txt,True,arbre,['arbre'],['brume']
images/pyronear_brison_1_2023_07_04T04_07_43.jpg,labels/pyronear_brison_1_2023_07_04T04_07_43.txt,True,soleil,['soleil'],[]
images/pyronear_cabanelle_1_2023_10_13T09_45_04.jpg,labels/pyronear_cabanelle_1_2023_10_13T09_45_04.txt,True,grosnuages,['grosnuages'],[]
images/pyronear_brison_4_2023_08_17T09_53_21.jpg,labels/pyronear_brison_4_2023_08_17T09_53_21.txt,True,grosnuages,['grosnuages'],"['insecte', 'tache']"
images/pyronear_brison_1_2023_07_24T17_35_07.jpg,labels/pyronear_brison_1_2023_07_24T17_35_07.txt,True,tache,['tachenoire'],[]
images/pyronear_cabanelle_1_2023_10_10T11_21_14.jpg,labels/pyronear_cabanelle_1_2023_10_10T11_21_14.txt,True,grosnuages,"['grosnuages', 'nuagesbas']",[]
images/pyronear_marguerite_1_2023_08_22T16_35_48.jpg,labels/pyronear_marguerite_1_2023_08_22T16_35_48.txt,True,soleil,['soleilrayons'],[]
images/pyronear_brison_3_2023_09_07T06_56_32.jpg,labels/pyronear_brison_3_2023_09_07T06_56_32.txt,True,montagne,['montagne'],[]
images/pyronear_valbonne_2_2023_11_06T15_55_45.jpg,labels/pyronear_valbonne_2_2023_11_06T15_55_45.txt,True,nuagesbas,['nuagesbas'],[]
images/pyronear_valbonne_2_2023_11_05T14_43_05.jpg,labels/pyronear_valbonne_2_2023_11_05T14_43_05.txt,True,nuagesbas,['nuagesbas'],[]
images/pyronear_cabanelle_1_2023_10_13T08_10_05.jpg,labels/pyronear_cabanelle_1_2023_10_13T08_10_05.txt,True,grosnuages,['grosnuages'],[]
images/pyronear_marguerite_1_2023_09_13T16_53_20.jpg,labels/pyronear_marguerite_1_2023_09_13T16_53_20.txt,True,soleil,['soleilrayons'],[]
images/pyronear_brison_2_2023_09_21T08_27_25.jpg,labels/pyronear_brison_2_2023_09_21T08_27_25.txt,True,brume,"['batiment', 'brume']",['brume']
images/pyronear_marguerite_1_2023_06_28T19_18_04.jpg,labels/pyronear_marguerite_1_2023_06_28T19_18_04.txt,True,soleil,['soleil'],[]
images/pyronear_cabanelle_1_2023_10_10T15_20_22.jpg,labels/pyronear_cabanelle_1_2023_10_10T15_20_22.txt,True,grosnuages,"['grosnuages', 'nuagesbas']",[]
images/pyronear_salaunes_2_2_2023_10_31T07_55_16.jpg,labels/pyronear_salaunes_2_2_2023_10_31T07_55_16.txt,True,grosnuages,['grosnuagesrefletssoleil'],[]
images/pyronear_valbonne_2_2023_11_06T15_53_16.jpg,labels/pyronear_valbonne_2_2023_11_06T15_53_16.txt,True,nuagesbas,['nuagesbas'],[]
images/pyronear_valbonne_2_2023_11_05T14_44_05.jpg,labels/pyronear_valbonne_2_2023_11_05T14_44_05.txt,True,nuagesbas,['nuagesbas'],[]
images/pyronear_marguerite_3_2023_06_09T09_36_03.jpg,labels/pyronear_marguerite_3_2023_06_09T09_36_03.txt,True,arbre,['arbre'],['brume']
images/pyronear_marguerite_4_2023_10_29T13_28_15.jpg,labels/pyronear_marguerite_4_2023_10_29T13_28_15.txt,True,batiment,['batiment'],"['brume', 'pluie']"
images/pyronear_marguerite_4_2023_11_01T10_44_30.jpg,labels/pyronear_marguerite_4_2023_11_01T10_44_30.txt,True,batiment,['batiment'],"['brume', 'pluie']"
images/pyronear_valbonne_2_2023_11_05T16_08_07.jpg,labels/pyronear_valbonne_2_2023_11_05T16_08_07.txt,True,nuagesbas,['nuagesbas'],[]
images/pyronear_marguerite_4_2023_06_09T13_10_44.jpg,labels/pyronear_marguerite_4_2023_06_09T13_10_44.txt,True,tache,"['batiment', 'tache']","['brume', 'pluie']"
images/pyronear_ferion_2_2023_10_28T15_30_07.jpg,labels/pyronear_ferion_2_2023_10_28T15_30_07.txt,True,grosnuages,['grosnuages'],[]
images/pyronear_marguerite_2_2023_09_10T18_34_50.jpg,labels/pyronear_marguerite_2_2023_09_10T18_34_50.txt,True,nuagesbas,['nuagesbas'],['soleilcouchant']
images/pyronear_marguerite_3_2023_09_18T07_36_25.jpg,labels/pyronear_marguerite_3_2023_09_18T07_36_25.txt,True,arbre,['arbre'],['brume']
images/pyronear_salaunes_1_4_2023_10_05T17_13_43.jpg,labels/pyronear_salaunes_1_4_2023_10_05T17_13_43.txt,True,glare,['glareptjaune'],[]
images/pyronear_courmettes_1_2023_11_07T13_03_44.jpg,labels/pyronear_courmettes_1_2023_11_07T13_03_44.txt,True,nuagesbas,['nuagesbas'],[]
images/pyronear_salaunes_2_1_2023_10_21T06_48_15.jpg,labels/pyronear_salaunes_2_1_2023_10_21T06_48_15.txt,True,grosnuages,['grosnuagesrefletssoleil'],[]
images/pyronear_courmettes_2_2023_10_24T14_41_20.jpg,labels/pyronear_courmettes_2_2023_10_24T14_41_20.txt,True,grosnuages,['grosnuages'],[]
images/pyronear_brison_3_2023_10_01T13_56_22.jpg,labels/pyronear_brison_3_2023_10_01T13_56_22.txt,True,montagne,['montagne'],[]
images/pyronear_marguerite_3_2023_09_18T09_31_58.jpg,labels/pyronear_marguerite_3_2023_09_18T09_31_58.txt,True,arbre,['arbre'],['brume']
images/pyronear_brison_1_2023_06_10T05_43_46.jpg,labels/pyronear_brison_1_2023_06_10T05_43_46.txt,True,grosnuages,['grosnuages'],[]
images/pyronear_cabanelle_1_2023_10_13T09_07_03.jpg,labels/pyronear_cabanelle_1_2023_10_13T09_07_03.txt,True,grosnuages,['grosnuages'],[]
images/pyronear_valbonne_3_2023_09_30T17_47_03.jpg,labels/pyronear_valbonne_3_2023_09_30T17_47_03.txt,True,batiment,['batimentloin'],['soleilcouchant']
images/pyronear_valbonne_4_2023_10_08T06_01_59.jpg,labels/pyronear_valbonne_4_2023_10_08T06_01_59.txt,True,soleil,['soleil'],['batiment']
images/pyronear_ferion_2_2023_11_03T06_46_46.jpg,labels/pyronear_ferion_2_2023_11_03T06_46_46.txt,True,glare,"['glare', 'tache']",[]
images/pyronear_ferion_2_2023_10_29T15_01_38.jpg,labels/pyronear_ferion_2_2023_10_29T15_01_38.txt,True,grosnuages,['grosnuages'],[]
images/pyronear_cabanelle_1_2023_10_13T08_43_02.jpg,labels/pyronear_cabanelle_1_2023_10_13T08_43_02.txt,True,grosnuages,['grosnuages'],[]
images/pyronear_brison_2_2023_09_22T08_47_43.jpg,labels/pyronear_brison_2_2023_09_22T08_47_43.txt,True,nuagesbas,['nuagesbas'],['batiment']
images/pyronear_courmettes_4_2023_11_02T09_05_39.jpg,labels/pyronear_courmettes_4_2023_11_02T09_05_39.txt,True,arbre,['arbre'],['brume']
images/pyronear_valbonne_3_2023_09_28T17_45_08.jpg,labels/pyronear_valbonne_3_2023_09_28T17_45_08.txt,True,batiment,['batimentloin'],['soleilcouchant']
images/pyronear_valbonne_4_2023_11_01T16_43_34.jpg,labels/pyronear_valbonne_4_2023_11_01T16_43_34.txt,True,nuagesbas,['nuagesbas'],[]
images/pyronear_brison_4_2023_10_28T06_01_50.jpg,labels/pyronear_brison_4_2023_10_28T06_01_50.txt,True,nuagesbas,['nuagesbas'],[]
images/pyronear_brison_2_2023_10_30T07_23_23.jpg,labels/pyronear_brison_2_2023_10_30T07_23_23.txt,True,brume,"['batiment', 'brume']",['brume']
images/pyronear_salaunes_2_1_2023_08_27T08_31_35.jpg,labels/pyronear_salaunes_2_1_2023_08_27T08_31_35.txt,True,grosnuages,['grosnuages'],[]
images/pyronear_ferion_2_2023_10_28T16_21_38.jpg,labels/pyronear_ferion_2_2023_10_28T16_21_38.txt,True,grosnuages,['grosnuages'],[]
images/pyronear_salaunes_1_2_2023_08_05T05_28_24.jpg,labels/pyronear_salaunes_1_2_2023_08_05T05_28_24.txt,True,grosnuages,['grosnuages'],[]
images/pyronear_marguerite_4_2023_09_21T06_43_22.jpg,labels/pyronear_marguerite_4_2023_09_21T06_43_22.txt,True,tache,"['batiment', 'tache']","['brume', 'pluie']"
images/pyronear_brison_2_2023_11_04T11_01_07.jpg,labels/pyronear_brison_2_2023_11_04T11_01_07.txt,True,brume,"['batiment', 'brume']",['brume']
images/pyronear_salaunes_2_1_2023_06_06T18_05_58.jpg,labels/pyronear_salaunes_2_1_2023_06_06T18_05_58.txt,True,grosnuages,['grosnuages'],[]
images/pyronear_valbonne_3_2023_10_20T10_52_40.jpg,labels/pyronear_valbonne_3_2023_10_20T10_52_40.txt,True,nuagesbas,['nuagesbas'],[]
images/pyronear_brison_3_2023_10_07T17_28_14.jpg,labels/pyronear_brison_3_2023_10_07T17_28_14.txt,True,zonenoire,['zonenoire'],['soleilcouchant']
images/pyronear_courmettes_4_2023_10_20T16_22_01.jpg,labels/pyronear_courmettes_4_2023_10_20T16_22_01.txt,True,grosnuages,['grosnuages'],"['antenne', 'soleilcontrejour']"
images/pyronear_courmettes_1_2023_11_07T13_37_15.jpg,labels/pyronear_courmettes_1_2023_11_07T13_37_15.txt,True,nuagesbas,['nuagesbas'],[]
images/pyronear_courmettes_4_2023_11_02T10_35_40.jpg,labels/pyronear_courmettes_4_2023_11_02T10_35_40.txt,True,arbre,['arbre'],['brume']
images/pyronear_courmettes_1_2023_11_04T06_33_29.jpg,labels/pyronear_courmettes_1_2023_11_04T06_33_29.txt,True,glare,['glaresoleilptrouge'],['soleilcouchant']
images/pyronear_brison_2_2023_10_30T06_41_22.jpg,labels/pyronear_brison_2_2023_10_30T06_41_22.txt,True,brume,"['batiment', 'brume']",['brume']
images/pyronear_ferion_2_2023_10_17T14_41_06.jpg,labels/pyronear_ferion_2_2023_10_17T14_41_06.txt,True,nuagesbas,['nuagesbas'],['brume']
images/pyronear_brison_1_2023_06_13T06_12_57.jpg,labels/pyronear_brison_1_2023_06_13T06_12_57.txt,True,grosnuages,['grosnuages'],[]
images/pyronear_ferion_1_2023_10_20T15_47_13.jpg,labels/pyronear_ferion_1_2023_10_20T15_47_13.txt,True,arbre,['arbre'],['brume']
images/pyronear_marguerite_4_2023_10_17T14_50_54.jpg,labels/pyronear_marguerite_4_2023_10_17T14_50_54.txt,True,batiment,['batiment'],"['brume', 'pluie']"
images/pyronear_valbonne_2_2023_11_05T15_35_37.jpg,labels/pyronear_valbonne_2_2023_11_05T15_35_37.txt,True,nuagesbas,['nuagesbas'],[]
images/pyronear_valbonne_2_2023_11_07T14_35_19.jpg,labels/pyronear_valbonne_2_2023_11_07T14_35_19.txt,True,nuagesbas,['nuagesbas'],[]
images/pyronear_cabanelle_1_2023_10_10T08_58_41.jpg,labels/pyronear_cabanelle_1_2023_10_10T08_58_41.txt,True,grosnuages,"['grosnuages', 'nuagesbas']",[]
images/pyronear_salaunes_2_1_2023_08_27T09_50_07.jpg,labels/pyronear_salaunes_2_1_2023_08_27T09_50_07.txt,True,grosnuages,['grosnuages'],[]
images/pyronear_courmettes_4_2023_10_03T17_12_56.jpg,labels/pyronear_courmettes_4_2023_10_03T17_12_56.txt,True,nuagesbas,['nuagesbas'],"['antenne', 'soleilcouchant']"
images/pyronear_valbonne_3_2023_09_28T17_50_07.jpg,labels/pyronear_valbonne_3_2023_09_28T17_50_07.txt,True,batiment,['batimentloin'],['soleilcouchant']
images/pyronear_courmettes_2_2023_10_05T07_52_17.jpg,labels/pyronear_courmettes_2_2023_10_05T07_52_17.txt,True,soleil,['soleil'],[]
images/pyronear_marguerite_1_2023_09_14T05_49_44.jpg,labels/pyronear_marguerite_1_2023_09_14T05_49_44.txt,True,grosnuages,['grosnuages'],[]
images/pyronear_courmettes_2_2023_10_26T06_52_49.jpg,labels/pyronear_courmettes_2_2023_10_26T06_52_49.txt,True,glare,['glare'],[]
images/pyronear_brison_3_2023_08_31T06_28_02.jpg,labels/pyronear_brison_3_2023_08_31T06_28_02.txt,True,montagne,['montagne'],[]
images/pyronear_brison_4_2023_06_19T19_01_52.jpg,labels/pyronear_brison_4_2023_06_19T19_01_52.txt,True,glare,['glareptjaune'],[]
images/pyronear_salaunes_2_1_2023_11_05T07_25_54.jpg,labels/pyronear_salaunes_2_1_2023_11_05T07_25_54.txt,True,grosnuages,['grosnuagesrefletssoleil'],[]
images/pyronear_salaunes_2_4_2023_08_19T05_35_04.jpg,labels/pyronear_salaunes_2_4_2023_08_19T05_35_04.txt,True,tuyau,['tuyau'],[]
images/pyronear_marguerite_2_2023_09_10T18_25_50.jpg,labels/pyronear_marguerite_2_2023_09_10T18_25_50.txt,True,nuagesbas,['nuagesbas'],['soleilcouchant']
images/pyronear_brison_4_2023_06_19T19_02_22.jpg,labels/pyronear_brison_4_2023_06_19T19_02_22.txt,True,glare,['glareptjaune'],[]
images/pyronear_marguerite_2_2023_10_27T17_03_19.jpg,labels/pyronear_marguerite_2_2023_10_27T17_03_19.txt,True,nuagesbas,['nuagesbas'],['soleilcouchant']
images/pyronear_brison_4_2023_08_17T09_50_50.jpg,labels/pyronear_brison_4_2023_08_17T09_50_50.txt,True,grosnuages,['grosnuages'],"['insecte', 'tache']"
images/pyronear_brison_2_2023_10_30T08_19_25.jpg,labels/pyronear_brison_2_2023_10_30T08_19_25.txt,True,brume,"['batiment', 'brume']",['brume']
images/pyronear_cabanelle_1_2023_10_10T11_24_45.jpg,labels/pyronear_cabanelle_1_2023_10_10T11_24_45.txt,True,grosnuages,"['grosnuages', 'nuagesbas']",[]
images/pyronear_salaunes_1_2_2023_08_15T08_12_21.jpg,labels/pyronear_salaunes_1_2_2023_08_15T08_12_21.txt,True,pluie,['pluie'],[]
images/pyronear_marguerite_3_2023_09_18T07_52_55.jpg,labels/pyronear_marguerite_3_2023_09_18T07_52_55.txt,True,arbre,['arbre'],['brume']
images/pyronear_st_peray_1_2023_07_21T08_37_59.jpg,labels/pyronear_st_peray_1_2023_07_21T08_37_59.txt,True,grosnuages,['grosnuages'],[]
images/pyronear_courmettes_2_2023_10_10T06_46_23.jpg,labels/pyronear_courmettes_2_2023_10_10T06_46_23.txt,True,grosnuages,['grosnuages'],"['brume', 'soleil']"
images/pyronear_valbonne_2_2023_11_05T15_46_38.jpg,labels/pyronear_valbonne_2_2023_11_05T15_46_38.txt,True,nuagesbas,['nuagesbas'],[]
images/pyronear_cabanelle_1_2023_10_13T08_27_33.jpg,labels/pyronear_cabanelle_1_2023_10_13T08_27_33.txt,True,grosnuages,['grosnuages'],[]
images/pyronear_marguerite_1_2023_09_15T17_03_48.jpg,labels/pyronear_marguerite_1_2023_09_15T17_03_48.txt,True,soleil,['soleilrayons'],[]
images/pyronear_valbonne_2_2023_11_05T15_45_37.jpg,labels/pyronear_valbonne_2_2023_11_05T15_45_37.txt,True,nuagesbas,['nuagesbas'],[]
images/pyronear_courmettes_1_2023_09_29T06_06_44.jpg,labels/pyronear_courmettes_1_2023_09_29T06_06_44.txt,True,glare,"['glaretacherouge', 'soleilrefletslac']",[]
images/pyronear_brison_2_2023_09_21T06_02_20.jpg,labels/pyronear_brison_2_2023_09_21T06_02_20.txt,True,brume,"['batiment', 'brume']",['brume']
images/pyronear_marguerite_1_2023_09_14T16_08_06.jpg,labels/pyronear_marguerite_1_2023_09_14T16_08_06.txt,True,glare,['glaresoleilrayons'],[]
images/pyronear_brison_4_2023_10_31T17_07_16.jpg,labels/pyronear_brison_4_2023_10_31T17_07_16.txt,True,nuagesbas,['nuagesbas'],[]
images/pyronear_cabanelle_1_2023_10_07T14_56_29.jpg,labels/pyronear_cabanelle_1_2023_10_07T14_56_29.txt,True,nuagesbas,['nuagesbas'],[]
images/pyronear_brison_2_2023_09_24T06_04_26.jpg,labels/pyronear_brison_2_2023_09_24T06_04_26.txt,True,glare,['glare'],[]
images/pyronear_salaunes_2_1_2023_08_27T09_53_08.jpg,labels/pyronear_salaunes_2_1_2023_08_27T09_53_08.txt,True,grosnuages,['grosnuages'],[]
images/pyronear_brison_4_2023_06_28T18_54_05.jpg,labels/pyronear_brison_4_2023_06_28T18_54_05.txt,True,glare,['glare'],[]
images/pyronear_brison_2_2023_09_21T10_13_54.jpg,labels/pyronear_brison_2_2023_09_21T10_13_54.txt,True,brume,"['batiment', 'brume']",['brume']
images/pyronear_ferion_2_2023_10_22T06_45_29.jpg,labels/pyronear_ferion_2_2023_10_22T06_45_29.txt,True,glare,['glare'],[]
images/pyronear_courmettes_2_2023_10_24T14_40_20.jpg,labels/pyronear_courmettes_2_2023_10_24T14_40_20.txt,True,grosnuages,['grosnuages'],[]
images/pyronear_valbonne_3_2023_10_20T16_10_23.jpg,labels/pyronear_valbonne_3_2023_10_20T16_10_23.txt,True,glare,['glare'],[]
images/pyronear_salaunes_1_2_2023_09_30T11_49_06.jpg,labels/pyronear_salaunes_1_2_2023_09_30T11_49_06.txt,True,glare,['glare'],[]
images/pyronear_brison_4_2023_06_12T12_06_21.jpg,labels/pyronear_brison_4_2023_06_12T12_06_21.txt,True,nuagesbas,['nuagesbas'],['brume']
images/pyronear_brison_2_2023_10_30T07_42_54.jpg,labels/pyronear_brison_2_2023_10_30T07_42_54.txt,True,brume,"['batiment', 'brume']",['brume']
images/pyronear_marguerite_3_2023_09_18T07_35_24.jpg,labels/pyronear_marguerite_3_2023_09_18T07_35_24.txt,True,arbre,['arbre'],['brume']
images/pyronear_valbonne_3_2023_11_06T15_55_19.jpg,labels/pyronear_valbonne_3_2023_11_06T15_55_19.txt,True,batiment,"['batiment', 'soleil']",['soleilcouchant']
images/pyronear_brison_4_2023_08_17T08_05_51.jpg,labels/pyronear_brison_4_2023_08_17T08_05_51.txt,True,grosnuages,['grosnuages'],"['insecte', 'tache']"
images/pyronear_brison_2_2023_09_21T08_45_56.jpg,labels/pyronear_brison_2_2023_09_21T08_45_56.txt,True,brume,"['batiment', 'brume']",['brume']
images/pyronear_brison_4_2023_08_17T08_29_48.jpg,labels/pyronear_brison_4_2023_08_17T08_29_48.txt,True,grosnuages,['grosnuages'],"['insecte', 'tache']"
images/pyronear_ferion_2_2023_10_28T16_19_40.jpg,labels/pyronear_ferion_2_2023_10_28T16_19_40.txt,True,grosnuages,['grosnuages'],[]
images/pyronear_cabanelle_1_2023_10_10T11_19_14.jpg,labels/pyronear_cabanelle_1_2023_10_10T11_19_14.txt,True,grosnuages,"['grosnuages', 'nuagesbas']",[]
images/pyronear_valbonne_4_2023_11_02T09_04_34.jpg,labels/pyronear_valbonne_4_2023_11_02T09_04_34.txt,True,nuagesbas,['nuagesbas'],[]
images/pyronear_brison_4_2023_08_17T10_12_51.jpg,labels/pyronear_brison_4_2023_08_17T10_12_51.txt,True,grosnuages,['grosnuages'],"['insecte', 'tache']"
images/pyronear_valbonne_4_2023_10_28T16_34_36.jpg,labels/pyronear_valbonne_4_2023_10_28T16_34_36.txt,True,nuagesbas,['nuagesbas'],[]
images/pyronear_marguerite_2_2023_09_10T18_08_57.jpg,labels/pyronear_marguerite_2_2023_09_10T18_08_57.txt,True,nuagesbas,['nuagesbas'],['soleilcouchant']
images/pyronear_brison_2_2023_10_19T08_23_05.jpg,labels/pyronear_brison_2_2023_10_19T08_23_05.txt,True,brume,"['batiment', 'brume']",['brume']
images/pyronear_marguerite_2_2023_06_28T19_18_37.jpg,labels/pyronear_marguerite_2_2023_06_28T19_18_37.txt,True,soleil,['soleil'],[]
images/pyronear_marguerite_2_2023_08_29T17_35_44.jpg,labels/pyronear_marguerite_2_2023_08_29T17_35_44.txt,True,nuagesbas,['nuagesbas'],['soleilcouchant']
images/pyronear_brison_1_2023_09_13T05_43_21.jpg,labels/pyronear_brison_1_2023_09_13T05_43_21.txt,True,nuagesbas,['nuagesbas'],[]
images/pyronear_brison_2_2023_10_30T08_01_54.jpg,labels/pyronear_brison_2_2023_10_30T08_01_54.txt,True,brume,"['batiment', 'brume']",['brume']
images/pyronear_brison_2_2023_10_29T06_23_28.jpg,labels/pyronear_brison_2_2023_10_29T06_23_28.txt,True,brume,"['batiment', 'brume']",['brume']
images/pyronear_valbonne_2_2023_11_06T15_16_14.jpg,labels/pyronear_valbonne_2_2023_11_06T15_16_14.txt,True,nuagesbas,['nuagesbas'],[]
images/pyronear_brison_2_2023_09_18T08_59_47.jpg,labels/pyronear_brison_2_2023_09_18T08_59_47.txt,True,brume,"['batiment', 'brume']",['brume']
images/pyronear_brison_4_2023_08_17T10_11_52.jpg,labels/pyronear_brison_4_2023_08_17T10_11_52.txt,True,grosnuages,['grosnuages'],"['insecte', 'tache']"
images/pyronear_brison_4_2023_08_17T10_31_23.jpg,labels/pyronear_brison_4_2023_08_17T10_31_23.txt,True,grosnuages,['grosnuages'],"['insecte', 'tache']"
images/pyronear_valbonne_2_2023_11_05T15_41_06.jpg,labels/pyronear_valbonne_2_2023_11_05T15_41_06.txt,True,nuagesbas,['nuagesbas'],[]
images/pyronear_salaunes_1_2_2023_07_20T09_04_27.jpg,labels/pyronear_salaunes_1_2_2023_07_20T09_04_27.txt,True,grosnuages,['grosnuages'],[]
images/pyronear_ferion_3_2023_10_18T07_23_17.jpg,labels/pyronear_ferion_3_2023_10_18T07_23_17.txt,True,brume,['brume'],[]
images/pyronear_marguerite_1_2023_09_14T05_33_13.jpg,labels/pyronear_marguerite_1_2023_09_14T05_33_13.txt,True,grosnuages,['grosnuages'],[]
images/pyronear_courmettes_1_2023_09_29T05_35_21.jpg,labels/pyronear_courmettes_1_2023_09_29T05_35_21.txt,True,soleil,['soleil'],[]
images/pyronear_brison_2_2023_11_01T11_03_31.jpg,labels/pyronear_brison_2_2023_11_01T11_03_31.txt,True,brume,"['batiment', 'brume']",['brume']
images/pyronear_brison_2_2023_09_24T06_02_42.jpg,labels/pyronear_brison_2_2023_09_24T06_02_42.txt,True,glare,['glare'],[]
images/pyronear_valbonne_4_2023_11_02T08_57_04.jpg,labels/pyronear_valbonne_4_2023_11_02T08_57_04.txt,True,nuagesbas,['nuagesbas'],[]
images/pyronear_brison_2_2023_09_24T05_55_49.jpg,labels/pyronear_brison_2_2023_09_24T05_55_49.txt,True,glare,['glare'],[]
images/pyronear_brison_2_2023_10_30T13_45_34.jpg,labels/pyronear_brison_2_2023_10_30T13_45_34.txt,True,brume,"['batiment', 'brume']",['brume']
images/pyronear_valbonne_2_2023_11_05T15_33_07.jpg,labels/pyronear_valbonne_2_2023_11_05T15_33_07.txt,True,nuagesbas,['nuagesbas'],[]
images/pyronear_marguerite_3_2023_09_18T08_57_57.jpg,labels/pyronear_marguerite_3_2023_09_18T08_57_57.txt,True,arbre,['arbre'],['brume']
images/pyronear_courmettes_1_2023_09_27T05_56_03.jpg,labels/pyronear_courmettes_1_2023_09_27T05_56_03.txt,True,glare,['glare'],[]
images/pyronear_brison_4_2023_10_28T08_18_39.jpg,labels/pyronear_brison_4_2023_10_28T08_18_39.txt,True,nuagesbas,['nuagesbas'],[]
images/pyronear_marguerite_2_2023_09_01T17_56_02.jpg,labels/pyronear_marguerite_2_2023_09_01T17_56_02.txt,True,nuagesbas,['nuagesbas'],['soleilcouchant']
images/pyronear_brison_1_2023_09_13T06_40_58.jpg,labels/pyronear_brison_1_2023_09_13T06_40_58.txt,True,nuagesbas,['nuagesbas'],[]
images/pyronear_marguerite_3_2023_09_18T05_35_47.jpg,labels/pyronear_marguerite_3_2023_09_18T05_35_47.txt,True,arbre,['arbre'],['brume']
images/pyronear_valbonne_4_2023_11_02T08_00_00.jpg,labels/pyronear_valbonne_4_2023_11_02T08_00_00.txt,True,nuagesbas,['nuagesbas'],[]
images/pyronear_brison_3_2023_09_25T18_01_09.jpg,labels/pyronear_brison_3_2023_09_25T18_01_09.txt,True,glare,['glareptrouge'],['soleilcouchant']
images/pyronear_brison_3_2023_09_07T06_37_31.jpg,labels/pyronear_brison_3_2023_09_07T06_37_31.txt,True,montagne,['montagne'],[]
images/pyronear_valbonne_4_2023_11_04T13_40_15.jpg,labels/pyronear_valbonne_4_2023_11_04T13_40_15.txt,True,nuagesbas,['nuagesbas'],[]
images/pyronear_brison_3_2023_08_31T06_28_27.jpg,labels/pyronear_brison_3_2023_08_31T06_28_27.txt,True,montagne,['montagne'],[]
images/pyronear_marguerite_1_2023_09_06T18_10_09.jpg,labels/pyronear_marguerite_1_2023_09_06T18_10_09.txt,True,soleil,['soleil'],[]
images/pyronear_marguerite_1_2023_09_14T16_10_06.jpg,labels/pyronear_marguerite_1_2023_09_14T16_10_06.txt,True,glare,['glare'],[]
images/pyronear_valbonne_4_2023_10_29T07_02_18.jpg,labels/pyronear_valbonne_4_2023_10_29T07_02_18.txt,True,nuagesbas,['nuagesbas'],[]
images/pyronear_courmettes_2_2023_10_06T07_11_41.jpg,labels/pyronear_courmettes_2_2023_10_06T07_11_41.txt,True,soleil,['soleil'],[]
images/pyronear_valbonne_2_2023_11_05T14_54_05.jpg,labels/pyronear_valbonne_2_2023_11_05T14_54_05.txt,True,nuagesbas,['nuagesbas'],[]
images/pyronear_valbonne_4_2023_10_08T05_59_25.jpg,labels/pyronear_valbonne_4_2023_10_08T05_59_25.txt,True,soleil,['soleil'],['batiment']
images/pyronear_salaunes_1_2_2023_09_30T11_27_34.jpg,labels/pyronear_salaunes_1_2_2023_09_30T11_27_34.txt,True,glare,['glare'],[]
images/pyronear_courmettes_2_2023_10_24T14_41_49.jpg,labels/pyronear_courmettes_2_2023_10_24T14_41_49.txt,True,grosnuages,['grosnuages'],[]
images/pyronear_salaunes_2_2_2023_10_31T08_11_45.jpg,labels/pyronear_salaunes_2_2_2023_10_31T08_11_45.txt,True,grosnuages,['grosnuagesrefletssoleil'],[]
images/pyronear_brison_3_2023_09_25T18_02_01.jpg,labels/pyronear_brison_3_2023_09_25T18_02_01.txt,True,glare,['glareptrouge'],['soleilcouchant']
images/pyronear_brison_2_2023_09_21T08_31_54.jpg,labels/pyronear_brison_2_2023_09_21T08_31_54.txt,True,brume,"['batiment', 'brume']",['brume']
images/pyronear_ferion_4_2023_11_06T15_18_37.jpg,labels/pyronear_ferion_4_2023_11_06T15_18_37.txt,True,nuagesbas,['nuagesbas'],['soleilcouchant']
images/pyronear_cabanelle_1_2023_10_11T14_08_29.jpg,labels/pyronear_cabanelle_1_2023_10_11T14_08_29.txt,True,brume,['brume'],[]
images/pyronear_valbonne_4_2023_11_07T06_15_40.jpg,labels/pyronear_valbonne_4_2023_11_07T06_15_40.txt,True,soleil,['soleil'],['batiment']
images/pyronear_marguerite_1_2023_09_16T13_02_59.jpg,labels/pyronear_marguerite_1_2023_09_16T13_02_59.txt,True,nuagesbas,['nuagesbas'],[]
images/pyronear_valbonne_2_2023_11_06T15_04_44.jpg,labels/pyronear_valbonne_2_2023_11_06T15_04_44.txt,True,nuagesbas,['nuagesbas'],[]
images/pyronear_brison_2_2023_11_02T06_22_42.jpg,labels/pyronear_brison_2_2023_11_02T06_22_42.txt,True,brume,"['batiment', 'brume']",['brume']
images/pyronear_valbonne_4_2023_10_28T13_17_30.jpg,labels/pyronear_valbonne_4_2023_10_28T13_17_30.txt,True,grosnuages,['grosnuages'],[]
images/pyronear_courmettes_4_2023_11_02T11_08_09.jpg,labels/pyronear_courmettes_4_2023_11_02T11_08_09.txt,True,arbre,['arbre'],['brume']
images/pyronear_brison_3_2023_09_07T06_30_30.jpg,labels/pyronear_brison_3_2023_09_07T06_30_30.txt,True,montagne,['montagne'],[]
images/pyronear_valbonne_4_2023_10_28T16_34_06.jpg,labels/pyronear_valbonne_4_2023_10_28T16_34_06.txt,True,nuagesbas,['nuagesbas'],[]
images/pyronear_brison_3_2023_08_27T07_23_06.jpg,labels/pyronear_brison_3_2023_08_27T07_23_06.txt,True,grosnuages,"['grosnuages', 'nuagesbas']",[]
images/pyronear_courmettes_2_2023_10_06T07_07_42.jpg,labels/pyronear_courmettes_2_2023_10_06T07_07_42.txt,True,soleil,['soleil'],[]
images/pyronear_brison_2_2023_09_21T09_54_27.jpg,labels/pyronear_brison_2_2023_09_21T09_54_27.txt,True,brume,"['batiment', 'brume']",['brume']
images/pyronear_brison_3_2023_09_22T05_55_04.jpg,labels/pyronear_brison_3_2023_09_22T05_55_04.txt,True,nuagesbas,['nuagesbas'],[]
images/pyronear_cabanelle_1_2023_10_11T15_22_59.jpg,labels/pyronear_cabanelle_1_2023_10_11T15_22_59.txt,True,brume,['brume'],[]
images/pyronear_brison_4_2023_10_29T12_08_19.jpg,labels/pyronear_brison_4_2023_10_29T12_08_19.txt,True,grosnuages,['grosnuages'],['brume']
images/pyronear_brison_1_2023_06_13T05_57_11.jpg,labels/pyronear_brison_1_2023_06_13T05_57_11.txt,True,grosnuages,['grosnuages'],[]
images/pyronear_brison_2_2023_08_27T09_01_05.jpg,labels/pyronear_brison_2_2023_08_27T09_01_05.txt,True,grosnuages,['grosnuages'],['batiment']
images/pyronear_courmettes_4_2023_10_20T16_08_25.jpg,labels/pyronear_courmettes_4_2023_10_20T16_08_25.txt,True,grosnuages,['grosnuages'],"['antenne', 'soleilcontrejour']"
images/pyronear_cabanelle_1_2023_10_11T14_08_26.jpg,labels/pyronear_cabanelle_1_2023_10_11T14_08_26.txt,True,brume,['brume'],[]
images/pyronear_brison_2_2023_09_21T08_33_25.jpg,labels/pyronear_brison_2_2023_09_21T08_33_25.txt,True,brume,"['batiment', 'brume']",['brume']
images/pyronear_brison_1_2023_09_13T07_40_37.jpg,labels/pyronear_brison_1_2023_09_13T07_40_37.txt,True,nuagesbas,['nuagesbas'],[]
images/pyronear_courmettes_1_2023_09_26T06_09_13.jpg,labels/pyronear_courmettes_1_2023_09_26T06_09_13.txt,True,glare,['glaretache'],[]
images/pyronear_valbonne_4_2023_10_29T09_49_22.jpg,labels/pyronear_valbonne_4_2023_10_29T09_49_22.txt,True,nuagesbas,['nuagesbas'],[]
images/pyronear_courmettes_1_2023_11_07T13_07_44.jpg,labels/pyronear_courmettes_1_2023_11_07T13_07_44.txt,True,nuagesbas,['nuagesbas'],[]
images/pyronear_brison_2_2023_10_19T08_25_36.jpg,labels/pyronear_brison_2_2023_10_19T08_25_36.txt,True,brume,"['batiment', 'brume']",['brume']
images/pyronear_ferion_3_2023_10_20T13_54_49.jpg,labels/pyronear_ferion_3_2023_10_20T13_54_49.txt,True,brume,['brume'],[]
images/pyronear_brison_3_2023_09_07T06_28_33.jpg,labels/pyronear_brison_3_2023_09_07T06_28_33.txt,True,montagne,['montagne'],[]
images/pyronear_brison_2_2023_09_24T05_59_42.jpg,labels/pyronear_brison_2_2023_09_24T05_59_42.txt,True,glare,['glare'],[]
images/pyronear_courmettes_1_2023_09_26T04_52_11.jpg,labels/pyronear_courmettes_1_2023_09_26T04_52_11.txt,True,soleil,"['refletslac', 'soleil']",['soleilcouchant']
images/pyronear_valbonne_2_2023_11_06T15_34_45.jpg,labels/pyronear_valbonne_2_2023_11_06T15_34_45.txt,True,nuagesbas,['nuagesbas'],[]
images/pyronear_marguerite_3_2023_09_18T07_51_24.jpg,labels/pyronear_marguerite_3_2023_09_18T07_51_24.txt,True,arbre,['arbre'],['brume']
images/pyronear_valbonne_4_2023_10_18T08_32_31.jpg,labels/pyronear_valbonne_4_2023_10_18T08_32_31.txt,True,nuagesbas,['nuagesbas'],[]
images/pyronear_salaunes_2_1_2023_08_27T09_49_37.jpg,labels/pyronear_salaunes_2_1_2023_08_27T09_49_37.txt,True,grosnuages,['grosnuages'],[]
images/pyronear_brison_1_2023_07_10T04_12_42.jpg,labels/pyronear_brison_1_2023_07_10T04_12_42.txt,True,soleil,['soleil'],[]
images/pyronear_brison_2_2023_10_30T07_46_24.jpg,labels/pyronear_brison_2_2023_10_30T07_46_24.txt,True,brume,"['batiment', 'brume']",['brume']
images/pyronear_courmettes_1_2023_11_07T13_59_48.jpg,labels/pyronear_courmettes_1_2023_11_07T13_59_48.txt,True,nuagesbas,['nuagesbas'],[]
images/pyronear_courmettes_4_2023_10_11T15_58_39.jpg,labels/pyronear_courmettes_4_2023_10_11T15_58_39.txt,True,nuagesbas,['nuagesbas'],['brume']
images/pyronear_brison_2_2023_10_19T07_48_04.jpg,labels/pyronear_brison_2_2023_10_19T07_48_04.txt,True,brume,"['batiment', 'brume']",['brume']
images/pyronear_brison_4_2023_10_28T08_26_01.jpg,labels/pyronear_brison_4_2023_10_28T08_26_01.txt,True,nuagesbas,['nuagesbas'],[]
images/pyronear_brison_4_2023_08_17T07_57_16.jpg,labels/pyronear_brison_4_2023_08_17T07_57_16.txt,True,grosnuages,['grosnuages'],"['insecte', 'tache']"
images/pyronear_ferion_2_2023_10_29T13_27_06.jpg,labels/pyronear_ferion_2_2023_10_29T13_27_06.txt,True,grosnuages,['grosnuages'],['brume']
images/pyronear_marguerite_1_2023_08_11T15_37_43.jpg,labels/pyronear_marguerite_1_2023_08_11T15_37_43.txt,True,soleil,['soleilrayons'],[]
images/pyronear_courmettes_2_2023_10_20T09_52_06.jpg,labels/pyronear_courmettes_2_2023_10_20T09_52_06.txt,True,grosnuages,['grosnuages'],['brume']
images/pyronear_cabanelle_2_2023_10_02T05_55_36.jpg,labels/pyronear_cabanelle_2_2023_10_02T05_55_36.txt,True,soleil,"['glare', 'refletslac', 'soleil', 'tacherouge']",[]
images/pyronear_courmettes_4_2023_11_02T09_27_07.jpg,labels/pyronear_courmettes_4_2023_11_02T09_27_07.txt,True,arbre,['arbre'],['brume']
images/pyronear_salaunes_2_1_2023_10_21T07_01_48.jpg,labels/pyronear_salaunes_2_1_2023_10_21T07_01_48.txt,True,grosnuages,['grosnuagesrefletssoleil'],[]
images/pyronear_marguerite_1_2023_09_05T17_54_10.jpg,labels/pyronear_marguerite_1_2023_09_05T17_54_10.txt,True,soleil,['soleil'],[]
images/pyronear_courmettes_4_2023_11_02T11_59_43.jpg,labels/pyronear_courmettes_4_2023_11_02T11_59_43.txt,True,arbre,['arbre'],['brume']
images/pyronear_brison_3_2023_10_01T15_44_46.jpg,labels/pyronear_brison_3_2023_10_01T15_44_46.txt,True,montagne,['montagne'],[]
images/pyronear_brison_2_2023_10_30T09_16_57.jpg,labels/pyronear_brison_2_2023_10_30T09_16_57.txt,True,brume,"['batiment', 'brume']",['brume']
images/pyronear_brison_2_2023_10_30T09_17_27.jpg,labels/pyronear_brison_2_2023_10_30T09_17_27.txt,True,brume,"['batiment', 'brume']",['brume']
images/pyronear_brison_2_2023_10_30T07_41_24.jpg,labels/pyronear_brison_2_2023_10_30T07_41_24.txt,True,brume,"['batiment', 'brume']",['brume']
images/pyronear_brison_2_2023_10_30T07_36_51.jpg,labels/pyronear_brison_2_2023_10_30T07_36_51.txt,True,brume,"['batiment', 'brume']",['brume']
images/pyronear_brison_1_2023_09_13T05_46_42.jpg,labels/pyronear_brison_1_2023_09_13T05_46_42.txt,True,nuagesbas,['nuagesbas'],[]
images/pyronear_brison_4_2023_08_17T08_31_18.jpg,labels/pyronear_brison_4_2023_08_17T08_31_18.txt,True,grosnuages,['grosnuages'],"['insecte', 'tache']"
images/pyronear_valbonne_4_2023_10_24T12_03_20.jpg,labels/pyronear_valbonne_4_2023_10_24T12_03_20.txt,True,grosnuages,['grosnuages'],[]
images/pyronear_ferion_2_2023_11_07T07_02_35.jpg,labels/pyronear_ferion_2_2023_11_07T07_02_35.txt,True,glare,"['glare', 'tache']",[]
images/pyronear_brison_1_2023_07_24T11_40_16.jpg,labels/pyronear_brison_1_2023_07_24T11_40_16.txt,True,tache,['tachenoire'],[]
images/pyronear_brison_3_2023_09_22T05_56_49.jpg,labels/pyronear_brison_3_2023_09_22T05_56_49.txt,True,nuagesbas,['nuagesbas'],[]
images/pyronear_salaunes_2_4_2023_08_19T05_04_02.jpg,labels/pyronear_salaunes_2_4_2023_08_19T05_04_02.txt,True,tuyau,['tuyau'],[]
images/pyronear_marguerite_2_2023_09_24T17_38_14.jpg,labels/pyronear_marguerite_2_2023_09_24T17_38_14.txt,True,nuagesbas,['nuagesfiligranes'],[]
images/pyronear_ferion_2_2023_10_29T15_37_39.jpg,labels/pyronear_ferion_2_2023_10_29T15_37_39.txt,True,grosnuages,['grosnuages'],[]
images/pyronear_marguerite_3_2023_09_18T09_00_56.jpg,labels/pyronear_marguerite_3_2023_09_18T09_00_56.txt,True,arbre,['arbre'],['brume']
images/pyronear_courmettes_4_2023_10_20T16_02_24.jpg,labels/pyronear_courmettes_4_2023_10_20T16_02_24.txt,True,grosnuages,['grosnuages'],"['antenne', 'soleilcontrejour']"
images/pyronear_salaunes_2_1_2023_08_27T08_36_05.jpg,labels/pyronear_salaunes_2_1_2023_08_27T08_36_05.txt,True,grosnuages,['grosnuages'],[]
images/pyronear_courmettes_1_2023_11_07T13_40_15.jpg,labels/pyronear_courmettes_1_2023_11_07T13_40_15.txt,True,nuagesbas,['nuagesbas'],[]
images/pyronear_brison_2_2023_10_30T09_17_04.jpg,labels/pyronear_brison_2_2023_10_30T09_17_04.txt,True,brume,"['batiment', 'brume']",['brume']
images/pyronear_ferion_2_2023_10_28T15_54_09.jpg,labels/pyronear_ferion_2_2023_10_28T15_54_09.txt,True,grosnuages,['grosnuages'],[]
images/pyronear_valbonne_2_2023_11_06T15_35_45.jpg,labels/pyronear_valbonne_2_2023_11_06T15_35_45.txt,True,nuagesbas,['nuagesbas'],[]
images/pyronear_brison_2_2023_10_30T09_17_57.jpg,labels/pyronear_brison_2_2023_10_30T09_17_57.txt,True,brume,"['batiment', 'brume']",['brume']
images/pyronear_brison_1_2023_09_13T06_21_44.jpg,labels/pyronear_brison_1_2023_09_13T06_21_44.txt,True,nuagesbas,['nuagesbas'],[]
images/pyronear_ferion_3_2023_10_20T13_23_46.jpg,labels/pyronear_ferion_3_2023_10_20T13_23_46.txt,True,brume,['brume'],[]
images/pyronear_brison_2_2023_10_19T07_51_34.jpg,labels/pyronear_brison_2_2023_10_19T07_51_34.txt,True,brume,"['batiment', 'brume']",['brume']
images/pyronear_salaunes_2_1_2023_08_27T08_31_05.jpg,labels/pyronear_salaunes_2_1_2023_08_27T08_31_05.txt,True,grosnuages,['grosnuages'],[]
images/pyronear_courmettes_1_2023_09_26T06_09_44.jpg,labels/pyronear_courmettes_1_2023_09_26T06_09_44.txt,True,glare,['glaretache'],[]
images/pyronear_courmettes_1_2023_11_07T13_01_14.jpg,labels/pyronear_courmettes_1_2023_11_07T13_01_14.txt,True,nuagesbas,['nuagesbas'],[]
images/pyronear_salaunes_2_1_2023_10_21T06_45_21.jpg,labels/pyronear_salaunes_2_1_2023_10_21T06_45_21.txt,True,grosnuages,['grosnuagesrefletssoleil'],[]
images/pyronear_cabanelle_1_2023_10_07T13_47_27.jpg,labels/pyronear_cabanelle_1_2023_10_07T13_47_27.txt,True,nuagesbas,['nuagesbas'],[]
images/pyronear_marguerite_2_2023_09_24T17_25_53.jpg,labels/pyronear_marguerite_2_2023_09_24T17_25_53.txt,True,nuagesbas,['nuagesfiligranes'],[]
images/pyronear_brison_3_2023_09_25T18_05_04.jpg,labels/pyronear_brison_3_2023_09_25T18_05_04.txt,True,glare,['glareptrouge'],['soleilcouchant']
images/pyronear_st_peray_1_2023_07_26T12_50_24.jpg,labels/pyronear_st_peray_1_2023_07_26T12_50_24.txt,True,grosnuages,['grosnuages'],[]
images/pyronear_brison_2_2023_10_30T07_50_24.jpg,labels/pyronear_brison_2_2023_10_30T07_50_24.txt,True,brume,"['batiment', 'brume']",['brume']
images/pyronear_marguerite_3_2023_09_18T09_07_57.jpg,labels/pyronear_marguerite_3_2023_09_18T09_07_57.txt,True,arbre,['arbre'],['brume']
images/pyronear_courmettes_1_2023_09_29T06_04_44.jpg,labels/pyronear_courmettes_1_2023_09_29T06_04_44.txt,True,glare,"['glaretacherouge', 'soleilrefletslac']",[]
images/pyronear_brison_1_2023_07_10T04_14_12.jpg,labels/pyronear_brison_1_2023_07_10T04_14_12.txt,True,soleil,['soleil'],[]
images/pyronear_brison_1_2023_06_10T05_44_46.jpg,labels/pyronear_brison_1_2023_06_10T05_44_46.txt,True,grosnuages,['grosnuages'],[]
images/pyronear_brison_2_2023_10_11T05_54_57.jpg,labels/pyronear_brison_2_2023_10_11T05_54_57.txt,True,soleil,['soleil'],['batiment']
images/pyronear_courmettes_4_2023_10_20T16_22_27.jpg,labels/pyronear_courmettes_4_2023_10_20T16_22_27.txt,True,grosnuages,['grosnuages'],"['antenne', 'soleilcontrejour']"
images/pyronear_brison_3_2023_09_07T06_57_02.jpg,labels/pyronear_brison_3_2023_09_07T06_57_02.txt,True,montagne,['montagne'],[]
images/pyronear_brison_2_2023_10_30T08_24_02.jpg,labels/pyronear_brison_2_2023_10_30T08_24_02.txt,True,brume,"['batiment', 'brume']",['brume']
images/pyronear_courmettes_2_2023_10_06T07_08_41.jpg,labels/pyronear_courmettes_2_2023_10_06T07_08_41.txt,True,soleil,['soleil'],[]
images/pyronear_brison_2_2023_09_21T09_19_56.jpg,labels/pyronear_brison_2_2023_09_21T09_19_56.txt,True,brume,"['batiment', 'brume']",['brume']
images/pyronear_courmettes_4_2023_10_03T17_14_24.jpg,labels/pyronear_courmettes_4_2023_10_03T17_14_24.txt,True,nuagesbas,['nuagesbas'],"['antenne', 'soleilcouchant']"
images/pyronear_brison_4_2023_06_16T19_01_23.jpg,labels/pyronear_brison_4_2023_06_16T19_01_23.txt,True,glare,['glareptjaune'],[]
images/pyronear_brison_2_2023_10_19T09_31_38.jpg,labels/pyronear_brison_2_2023_10_19T09_31_38.txt,True,brume,"['batiment', 'brume']",['brume']
images/pyronear_valbonne_3_2023_10_20T16_10_22.jpg,labels/pyronear_valbonne_3_2023_10_20T16_10_22.txt,True,glare,['glare'],[]
images/pyronear_brison_3_2023_09_07T06_48_00.jpg,labels/pyronear_brison_3_2023_09_07T06_48_00.txt,True,montagne,['montagne'],[]
images/pyronear_marguerite_1_2023_09_16T12_34_29.jpg,labels/pyronear_marguerite_1_2023_09_16T12_34_29.txt,True,nuagesbas,['nuagesbas'],[]
images/pyronear_marguerite_1_2023_06_27T03_35_05.jpg,labels/pyronear_marguerite_1_2023_06_27T03_35_05.txt,True,nuagesbas,['nuagesbas'],['nuit']
images/pyronear_brison_2_2023_10_29T06_25_05.jpg,labels/pyronear_brison_2_2023_10_29T06_25_05.txt,True,brume,"['batiment', 'brume']",['brume']
images/pyronear_brison_3_2023_09_07T06_35_32.jpg,labels/pyronear_brison_3_2023_09_07T06_35_32.txt,True,montagne,['montagne'],[]
images/pyronear_marguerite_3_2023_09_18T08_47_58.jpg,labels/pyronear_marguerite_3_2023_09_18T08_47_58.txt,True,arbre,['arbre'],['brume']
images/pyronear_ferion_3_2023_10_19T16_04_52.jpg,labels/pyronear_ferion_3_2023_10_19T16_04_52.txt,True,brume,['brume'],[]
images/pyronear_cabanelle_1_2023_10_11T12_20_26.jpg,labels/pyronear_cabanelle_1_2023_10_11T12_20_26.txt,True,brume,['brume'],[]
images/pyronear_ferion_2_2023_10_28T15_13_05.jpg,labels/pyronear_ferion_2_2023_10_28T15_13_05.txt,True,grosnuages,['grosnuages'],[]
images/pyronear_st_peray_1_2023_07_21T08_45_00.jpg,labels/pyronear_st_peray_1_2023_07_21T08_45_00.txt,True,grosnuages,['grosnuages'],[]
images/pyronear_brison_3_2023_09_30T15_25_55.jpg,labels/pyronear_brison_3_2023_09_30T15_25_55.txt,True,montagne,['montagne'],[]
images/pyronear_marguerite_3_2023_09_18T05_46_16.jpg,labels/pyronear_marguerite_3_2023_09_18T05_46_16.txt,True,arbre,['arbre'],['brume']
images/pyronear_brison_1_2023_07_24T17_24_07.jpg,labels/pyronear_brison_1_2023_07_24T17_24_07.txt,True,tache,['tachenoire'],[]
images/pyronear_courmettes_1_2023_11_03T06_17_50.jpg,labels/pyronear_courmettes_1_2023_11_03T06_17_50.txt,True,glare,['glaresoleilptrouge'],['soleilcouchant']
images/pyronear_marguerite_4_2023_11_01T10_46_29.jpg,labels/pyronear_marguerite_4_2023_11_01T10_46_29.txt,True,batiment,['batiment'],"['brume', 'pluie']"
images/pyronear_brison_4_2023_06_27T18_54_40.jpg,labels/pyronear_brison_4_2023_06_27T18_54_40.txt,True,glare,['glare'],[]
images/pyronear_brison_4_2023_06_12T12_02_35.jpg,labels/pyronear_brison_4_2023_06_12T12_02_35.txt,True,nuagesbas,['nuagesbas'],['brume']
images/pyronear_brison_3_2023_08_29T05_51_14.jpg,labels/pyronear_brison_3_2023_08_29T05_51_14.txt,True,montagne,['montagne'],[]
images/pyronear_valbonne_2_2023_11_05T15_48_37.jpg,labels/pyronear_valbonne_2_2023_11_05T15_48_37.txt,True,nuagesbas,['nuagesbas'],[]
images/pyronear_valbonne_4_2023_10_29T09_51_54.jpg,labels/pyronear_valbonne_4_2023_10_29T09_51_54.txt,True,nuagesbas,['nuagesbas'],[]
images/pyronear_valbonne_2_2023_11_05T14_44_35.jpg,labels/pyronear_valbonne_2_2023_11_05T14_44_35.txt,True,nuagesbas,['nuagesbas'],[]
images/pyronear_courmettes_4_2023_11_02T08_56_07.jpg,labels/pyronear_courmettes_4_2023_11_02T08_56_07.txt,True,arbre,['arbre'],['brume']
images/pyronear_brison_2_2023_09_21T08_20_34.jpg,labels/pyronear_brison_2_2023_09_21T08_20_34.txt,True,brume,"['batiment', 'brume']",['brume']
images/pyronear_brison_4_2023_08_17T10_09_51.jpg,labels/pyronear_brison_4_2023_08_17T10_09_51.txt,True,grosnuages,['grosnuages'],"['insecte', 'tache']"
images/pyronear_ferion_2_2023_10_24T15_54_40.jpg,labels/pyronear_ferion_2_2023_10_24T15_54_40.txt,True,grosnuages,['grosnuages'],[]
images/pyronear_marguerite_1_2023_08_22T14_30_14.jpg,labels/pyronear_marguerite_1_2023_08_22T14_30_14.txt,True,soleil,['soleilrayons'],[]
images/pyronear_courmettes_4_2023_11_02T10_07_37.jpg,labels/pyronear_courmettes_4_2023_11_02T10_07_37.txt,True,arbre,['arbre'],['brume']
images/pyronear_marguerite_1_2023_06_13T18_27_16.jpg,labels/pyronear_marguerite_1_2023_06_13T18_27_16.txt,True,grosnuages,['grosnuages'],[]
images/pyronear_marguerite_1_2023_09_14T16_00_36.jpg,labels/pyronear_marguerite_1_2023_09_14T16_00_36.txt,True,glare,['glaresoleilrayons'],[]
images/pyronear_valbonne_4_2023_11_05T06_11_56.jpg,labels/pyronear_valbonne_4_2023_11_05T06_11_56.txt,True,nuagesbas,['nuagesbas'],[]
images/pyronear_courmettes_4_2023_11_02T09_29_36.jpg,labels/pyronear_courmettes_4_2023_11_02T09_29_36.txt,True,arbre,['arbre'],['brume']
images/pyronear_brison_2_2023_10_19T09_29_38.jpg,labels/pyronear_brison_2_2023_10_19T09_29_38.txt,True,brume,"['batiment', 'brume']",['brume']
images/pyronear_valbonne_3_2023_09_29T17_47_56.jpg,labels/pyronear_valbonne_3_2023_09_29T17_47_56.txt,True,batiment,['batimentloin'],['soleilcouchant']
images/pyronear_courmettes_1_2023_09_26T05_21_44.jpg,labels/pyronear_courmettes_1_2023_09_26T05_21_44.txt,True,soleil,['soleil'],[]
images/pyronear_brison_2_2023_10_19T07_42_04.jpg,labels/pyronear_brison_2_2023_10_19T07_42_04.txt,True,brume,"['batiment', 'brume']",['brume']
images/pyronear_salaunes_1_2_2023_09_30T11_30_34.jpg,labels/pyronear_salaunes_1_2_2023_09_30T11_30_34.txt,True,glare,['glare'],[]
images/pyronear_marguerite_3_2023_09_18T06_49_02.jpg,labels/pyronear_marguerite_3_2023_09_18T06_49_02.txt,True,arbre,['arbre'],['brume']
images/pyronear_brison_1_2023_06_23T04_06_21.jpg,labels/pyronear_brison_1_2023_06_23T04_06_21.txt,True,soleil,['soleil'],[]
images/pyronear_salaunes_2_4_2023_08_19T05_45_33.jpg,labels/pyronear_salaunes_2_4_2023_08_19T05_45_33.txt,True,tuyau,['tuyau'],[]
images/pyronear_courmettes_2_2023_10_27T06_51_55.jpg,labels/pyronear_courmettes_2_2023_10_27T06_51_55.txt,True,glare,['glare'],[]
images/pyronear_valbonne_4_2023_11_02T09_32_06.jpg,labels/pyronear_valbonne_4_2023_11_02T09_32_06.txt,True,nuagesbas,['nuagesbas'],[]
images/pyronear_valbonne_3_2023_09_29T17_41_29.jpg,labels/pyronear_valbonne_3_2023_09_29T17_41_29.txt,True,batiment,['batimentloin'],['soleilcouchant']
images/pyronear_salaunes_2_1_2023_11_05T10_25_22.jpg,labels/pyronear_salaunes_2_1_2023_11_05T10_25_22.txt,True,grosnuages,['grosnuagesrefletssoleil'],[]
images/pyronear_courmettes_1_2023_09_29T05_35_16.jpg,labels/pyronear_courmettes_1_2023_09_29T05_35_16.txt,True,soleil,['soleil'],[]
images/pyronear_courmettes_1_2023_11_07T13_02_14.jpg,labels/pyronear_courmettes_1_2023_11_07T13_02_14.txt,True,nuagesbas,['nuagesbas'],[]
images/pyronear_brison_2_2023_09_21T08_53_55.jpg,labels/pyronear_brison_2_2023_09_21T08_53_55.txt,True,brume,"['batiment', 'brume']",['brume']
images/pyronear_ferion_2_2023_10_28T15_24_06.jpg,labels/pyronear_ferion_2_2023_10_28T15_24_06.txt,True,grosnuages,['grosnuages'],[]
images/pyronear_courmettes_1_2023_11_07T13_49_46.jpg,labels/pyronear_courmettes_1_2023_11_07T13_49_46.txt,True,nuagesbas,['nuagesbas'],[]
images/pyronear_brison_4_2023_07_30T06_03_10.jpg,labels/pyronear_brison_4_2023_07_30T06_03_10.txt,True,nuagesbas,['nuagesbas'],[]
images/pyronear_cabanelle_2_2023_10_04T06_32_01.jpg,labels/pyronear_cabanelle_2_2023_10_04T06_32_01.txt,True,soleil,"['refletslac', 'soleil']",[]
images/pyronear_brison_2_2023_09_21T05_54_53.jpg,labels/pyronear_brison_2_2023_09_21T05_54_53.txt,True,brume,"['batiment', 'brume']",['brume']
images/pyronear_valbonne_4_2023_11_07T06_16_08.jpg,labels/pyronear_valbonne_4_2023_11_07T06_16_08.txt,True,soleil,['soleil'],['batiment']
images/pyronear_brison_2_2023_09_22T08_46_43.jpg,labels/pyronear_brison_2_2023_09_22T08_46_43.txt,True,nuagesbas,['nuagesbas'],['batiment']
images/pyronear_brison_2_2023_10_19T17_03_20.jpg,labels/pyronear_brison_2_2023_10_19T17_03_20.txt,True,brume,"['batiment', 'brume']",['brume']
images/pyronear_valbonne_2_2023_11_06T15_24_15.jpg,labels/pyronear_valbonne_2_2023_11_06T15_24_15.txt,True,nuagesbas,['nuagesbas'],[]
images/pyronear_courmettes_4_2023_09_28T10_11_35.jpg,labels/pyronear_courmettes_4_2023_09_28T10_11_35.txt,True,nuagesbas,['nuagesbas'],[]
images/pyronear_ferion_2_2023_10_28T15_55_07.jpg,labels/pyronear_ferion_2_2023_10_28T15_55_07.txt,True,grosnuages,['grosnuages'],[]
images/pyronear_brison_3_2023_09_07T06_48_31.jpg,labels/pyronear_brison_3_2023_09_07T06_48_31.txt,True,montagne,['montagne'],[]
images/pyronear_courmettes_1_2023_09_29T06_12_14.jpg,labels/pyronear_courmettes_1_2023_09_29T06_12_14.txt,True,glare,"['glaretacherouge', 'soleilrefletslac']",[]
images/pyronear_salaunes_2_1_2023_08_27T08_55_35.jpg,labels/pyronear_salaunes_2_1_2023_08_27T08_55_35.txt,True,grosnuages,['grosnuages'],[]
images/pyronear_courmettes_4_2023_11_02T10_34_41.jpg,labels/pyronear_courmettes_4_2023_11_02T10_34_41.txt,True,arbre,['arbre'],['brume']
images/pyronear_valbonne_2_2023_11_05T14_51_36.jpg,labels/pyronear_valbonne_2_2023_11_05T14_51_36.txt,True,nuagesbas,['nuagesbas'],[]
images/pyronear_salaunes_2_4_2023_08_17T04_48_09.jpg,labels/pyronear_salaunes_2_4_2023_08_17T04_48_09.txt,True,tuyau,['tuyau'],['tache']
images/pyronear_valbonne_2_2023_11_06T15_44_45.jpg,labels/pyronear_valbonne_2_2023_11_06T15_44_45.txt,True,nuagesbas,['nuagesbas'],[]
images/pyronear_brison_3_2023_06_14T07_46_50.jpg,labels/pyronear_brison_3_2023_06_14T07_46_50.txt,True,grosnuages,['grosnuages'],['brume']
images/pyronear_brison_3_2023_09_07T06_42_01.jpg,labels/pyronear_brison_3_2023_09_07T06_42_01.txt,True,montagne,['montagne'],[]
images/pyronear_ferion_2_2023_10_29T15_33_08.jpg,labels/pyronear_ferion_2_2023_10_29T15_33_08.txt,True,grosnuages,['grosnuages'],[]
images/pyronear_valbonne_4_2023_10_01T05_54_17.jpg,labels/pyronear_valbonne_4_2023_10_01T05_54_17.txt,True,soleil,['soleil'],['batiment']
images/pyronear_brison_4_2023_08_17T07_55_46.jpg,labels/pyronear_brison_4_2023_08_17T07_55_46.txt,True,grosnuages,['grosnuages'],"['insecte', 'tache']"
images/pyronear_marguerite_2_2023_08_15T18_46_20.jpg,labels/pyronear_marguerite_2_2023_08_15T18_46_20.txt,True,nuagesbas,['nuagesbas'],['soleilcouchant']
images/pyronear_marguerite_1_2023_06_27T03_33_05.jpg,labels/pyronear_marguerite_1_2023_06_27T03_33_05.txt,True,nuagesbas,['nuagesbas'],['nuit']
images/pyronear_courmettes_4_2023_11_02T09_43_36.jpg,labels/pyronear_courmettes_4_2023_11_02T09_43_36.txt,True,arbre,['arbre'],['brume']
images/pyronear_salaunes_2_1_2023_08_27T09_38_07.jpg,labels/pyronear_salaunes_2_1_2023_08_27T09_38_07.txt,True,grosnuages,['grosnuages'],[]
images/pyronear_marguerite_1_2023_09_18T16_04_35.jpg,labels/pyronear_marguerite_1_2023_09_18T16_04_35.txt,True,glare,['glare'],[]
images/pyronear_brison_2_2023_11_04T11_05_20.jpg,labels/pyronear_brison_2_2023_11_04T11_05_20.txt,True,brume,"['batiment', 'brume']",['brume']
images/pyronear_courmettes_1_2023_09_27T05_30_33.jpg,labels/pyronear_courmettes_1_2023_09_27T05_30_33.txt,True,soleil,['soleil'],[]
images/pyronear_ferion_2_2023_10_17T14_40_23.jpg,labels/pyronear_ferion_2_2023_10_17T14_40_23.txt,True,nuagesbas,['nuagesbas'],['brume']
images/pyronear_brison_4_2023_08_17T08_38_21.jpg,labels/pyronear_brison_4_2023_08_17T08_38_21.txt,True,grosnuages,['grosnuages'],"['insecte', 'tache']"
images/pyronear_cabanelle_1_2023_10_09T13_53_14.jpg,labels/pyronear_cabanelle_1_2023_10_09T13_53_14.txt,True,nuagesbas,['nuagesbas'],[]
images/pyronear_marguerite_1_2023_09_14T16_09_06.jpg,labels/pyronear_marguerite_1_2023_09_14T16_09_06.txt,True,glare,['glare'],[]
images/pyronear_courmettes_1_2023_11_03T05_48_50.jpg,labels/pyronear_courmettes_1_2023_11_03T05_48_50.txt,True,zonenoire,['zonenoire'],['soleilcouchant']
images/pyronear_cabanelle_1_2023_10_10T09_10_10.jpg,labels/pyronear_cabanelle_1_2023_10_10T09_10_10.txt,True,grosnuages,"['grosnuages', 'nuagesbas']",[]
images/pyronear_marguerite_2_2023_09_24T17_29_43.jpg,labels/pyronear_marguerite_2_2023_09_24T17_29_43.txt,True,nuagesbas,['nuagesfiligranes'],[]
images/pyronear_brison_2_2023_10_30T09_47_07.jpg,labels/pyronear_brison_2_2023_10_30T09_47_07.txt,True,brume,"['batiment', 'brume']",['brume']
images/pyronear_brison_3_2023_09_07T06_31_34.jpg,labels/pyronear_brison_3_2023_09_07T06_31_34.txt,True,montagne,['montagne'],[]
images/pyronear_courmettes_4_2023_10_20T16_05_25.jpg,labels/pyronear_courmettes_4_2023_10_20T16_05_25.txt,True,grosnuages,['grosnuages'],"['antenne', 'soleilcontrejour']"
images/pyronear_st_peray_1_2023_07_21T08_40_29.jpg,labels/pyronear_st_peray_1_2023_07_21T08_40_29.txt,True,grosnuages,['grosnuages'],[]
images/pyronear_brison_3_2023_09_07T06_33_31.jpg,labels/pyronear_brison_3_2023_09_07T06_33_31.txt,True,montagne,['montagne'],[]
images/pyronear_marguerite_4_2023_09_21T11_36_09.jpg,labels/pyronear_marguerite_4_2023_09_21T11_36_09.txt,True,tache,"['batiment', 'tache']","['brume', 'pluie']"
images/pyronear_valbonne_2_2023_11_07T14_27_20.jpg,labels/pyronear_valbonne_2_2023_11_07T14_27_20.txt,True,nuagesbas,['nuagesbas'],[]
images/pyronear_valbonne_4_2023_10_28T16_37_06.jpg,labels/pyronear_valbonne_4_2023_10_28T16_37_06.txt,True,nuagesbas,['nuagesbas'],[]
images/pyronear_cabanelle_1_2023_10_10T11_43_47.jpg,labels/pyronear_cabanelle_1_2023_10_10T11_43_47.txt,True,grosnuages,"['grosnuages', 'nuagesbas']",[]
images/pyronear_valbonne_3_2023_09_28T17_45_38.jpg,labels/pyronear_valbonne_3_2023_09_28T17_45_38.txt,True,batiment,['batimentloin'],['soleilcouchant']
images/pyronear_salaunes_1_4_2023_10_04T17_18_17.jpg,labels/pyronear_salaunes_1_4_2023_10_04T17_18_17.txt,True,glare,['glareptjaune'],[]
images/pyronear_courmettes_1_2023_11_07T13_00_14.jpg,labels/pyronear_courmettes_1_2023_11_07T13_00_14.txt,True,nuagesbas,['nuagesbas'],[]
images/pyronear_courmettes_4_2023_10_03T17_27_25.jpg,labels/pyronear_courmettes_4_2023_10_03T17_27_25.txt,True,nuagesbas,['nuagesbas'],"['antenne', 'soleilcouchant']"
images/pyronear_brison_2_2023_09_18T08_34_16.jpg,labels/pyronear_brison_2_2023_09_18T08_34_16.txt,True,brume,"['batiment', 'brume']",['brume']
images/pyronear_marguerite_4_2023_10_20T07_35_57.jpg,labels/pyronear_marguerite_4_2023_10_20T07_35_57.txt,True,batiment,['batiment'],"['brume', 'pluie']"
images/pyronear_courmettes_1_2023_11_07T13_15_44.jpg,labels/pyronear_courmettes_1_2023_11_07T13_15_44.txt,True,nuagesbas,['nuagesbas'],[]
images/pyronear_marguerite_2_2023_09_24T17_33_43.jpg,labels/pyronear_marguerite_2_2023_09_24T17_33_43.txt,True,nuagesbas,['nuagesfiligranes'],[]
images/pyronear_brison_2_2023_10_18T17_03_27.jpg,labels/pyronear_brison_2_2023_10_18T17_03_27.txt,True,brume,"['batiment', 'brume']",['brume']
images/pyronear_brison_4_2023_08_17T10_26_52.jpg,labels/pyronear_brison_4_2023_08_17T10_26_52.txt,True,grosnuages,['grosnuages'],"['insecte', 'tache']"
images/pyronear_cabanelle_1_2023_10_10T11_57_45.jpg,labels/pyronear_cabanelle_1_2023_10_10T11_57_45.txt,True,grosnuages,"['grosnuages', 'nuagesbas']",[]
images/pyronear_brison_2_2023_10_30T07_57_24.jpg,labels/pyronear_brison_2_2023_10_30T07_57_24.txt,True,brume,"['batiment', 'brume']",['brume']
images/pyronear_brison_4_2023_10_30T09_49_31.jpg,labels/pyronear_brison_4_2023_10_30T09_49_31.txt,True,grosnuages,['grosnuages'],['brume']
images/pyronear_courmettes_1_2023_11_07T12_49_13.jpg,labels/pyronear_courmettes_1_2023_11_07T12_49_13.txt,True,nuagesbas,['nuagesbas'],[]
images/pyronear_valbonne_4_2023_10_29T09_48_53.jpg,labels/pyronear_valbonne_4_2023_10_29T09_48_53.txt,True,nuagesbas,['nuagesbas'],[]
images/pyronear_marguerite_1_2023_08_22T15_57_17.jpg,labels/pyronear_marguerite_1_2023_08_22T15_57_17.txt,True,soleil,['soleilrayons'],[]
images/pyronear_marguerite_3_2023_09_18T05_51_47.jpg,labels/pyronear_marguerite_3_2023_09_18T05_51_47.txt,True,arbre,['arbre'],['brume']
images/pyronear_courmettes_2_2023_10_20T10_22_10.jpg,labels/pyronear_courmettes_2_2023_10_20T10_22_10.txt,True,grosnuages,['grosnuages'],['brume']
images/pyronear_brison_1_2023_06_12T19_44_20.jpg,labels/pyronear_brison_1_2023_06_12T19_44_20.txt,True,nuagesbas,['nuagesbas'],[]
images/pyronear_courmettes_1_2023_09_27T05_50_10.jpg,labels/pyronear_courmettes_1_2023_09_27T05_50_10.txt,True,glare,['glareptjaune'],[]
images/pyronear_valbonne_2_2023_11_06T15_43_45.jpg,labels/pyronear_valbonne_2_2023_11_06T15_43_45.txt,True,nuagesbas,['nuagesbas'],[]
images/pyronear_marguerite_1_2023_09_09T16_14_37.jpg,labels/pyronear_marguerite_1_2023_09_09T16_14_37.txt,True,glare,['glare'],[]
images/pyronear_salaunes_2_1_2023_10_21T06_43_44.jpg,labels/pyronear_salaunes_2_1_2023_10_21T06_43_44.txt,True,grosnuages,['grosnuagesrefletssoleil'],[]
images/pyronear_courmettes_1_2023_10_05T05_12_09.jpg,labels/pyronear_courmettes_1_2023_10_05T05_12_09.txt,True,nuagesbas,['nuagesfiligranes'],[]
images/pyronear_valbonne_3_2023_09_28T17_41_09.jpg,labels/pyronear_valbonne_3_2023_09_28T17_41_09.txt,True,batiment,['batimentloin'],['soleilcouchant']
images/pyronear_valbonne_2_2023_11_05T14_51_06.jpg,labels/pyronear_valbonne_2_2023_11_05T14_51_06.txt,True,nuagesbas,['nuagesbas'],[]
images/pyronear_valbonne_2_2023_11_05T15_24_37.jpg,labels/pyronear_valbonne_2_2023_11_05T15_24_37.txt,True,nuagesbas,['nuagesbas'],[]
images/pyronear_marguerite_4_2023_06_09T13_44_15.jpg,labels/pyronear_marguerite_4_2023_06_09T13_44_15.txt,True,tache,"['batiment', 'tache']","['brume', 'pluie']"
images/pyronear_courmettes_4_2023_10_12T16_32_12.jpg,labels/pyronear_courmettes_4_2023_10_12T16_32_12.txt,True,brume,['brume'],['batiment']
images/pyronear_brison_3_2023_08_29T06_16_14.jpg,labels/pyronear_brison_3_2023_08_29T06_16_14.txt,True,montagne,['montagne'],[]
images/pyronear_marguerite_1_2023_06_13T18_24_14.jpg,labels/pyronear_marguerite_1_2023_06_13T18_24_14.txt,True,grosnuages,['grosnuages'],[]
images/pyronear_ferion_2_2023_10_29T15_06_07.jpg,labels/pyronear_ferion_2_2023_10_29T15_06_07.txt,True,grosnuages,['grosnuages'],[]
images/pyronear_brison_4_2023_07_09T18_58_41.jpg,labels/pyronear_brison_4_2023_07_09T18_58_41.txt,True,glare,['glare'],[]
images/pyronear_brison_2_2023_10_19T07_51_05.jpg,labels/pyronear_brison_2_2023_10_19T07_51_05.txt,True,brume,"['batiment', 'brume']",['brume']
images/pyronear_marguerite_2_2023_08_29T17_34_49.jpg,labels/pyronear_marguerite_2_2023_08_29T17_34_49.txt,True,nuagesbas,['nuagesbas'],['soleilcouchant']
images/pyronear_valbonne_4_2023_10_18T08_58_40.jpg,labels/pyronear_valbonne_4_2023_10_18T08_58_40.txt,True,nuagesbas,['nuagesbas'],[]
images/pyronear_cabanelle_1_2023_10_10T11_44_45.jpg,labels/pyronear_cabanelle_1_2023_10_10T11_44_45.txt,True,grosnuages,"['grosnuages', 'nuagesbas']",[]
images/pyronear_courmettes_1_2023_11_07T13_35_15.jpg,labels/pyronear_courmettes_1_2023_11_07T13_35_15.txt,True,nuagesbas,['nuagesbas'],[]
images/pyronear_brison_4_2023_06_12T12_06_35.jpg,labels/pyronear_brison_4_2023_06_12T12_06_35.txt,True,nuagesbas,['nuagesbas'],['brume']
images/pyronear_salaunes_2_4_2023_08_19T05_09_32.jpg,labels/pyronear_salaunes_2_4_2023_08_19T05_09_32.txt,True,tuyau,['tuyau'],[]
images/pyronear_salaunes_1_4_2023_10_04T17_14_20.jpg,labels/pyronear_salaunes_1_4_2023_10_04T17_14_20.txt,True,glare,['glareptjaune'],[]
images/pyronear_salaunes_1_1_2023_11_03T15_30_35.jpg,labels/pyronear_salaunes_1_1_2023_11_03T15_30_35.txt,True,grosnuages,['grosnuages'],[]
images/pyronear_brison_2_2023_09_21T08_52_25.jpg,labels/pyronear_brison_2_2023_09_21T08_52_25.txt,True,brume,"['batiment', 'brume']",['brume']
images/pyronear_ferion_3_2023_10_18T07_20_47.jpg,labels/pyronear_ferion_3_2023_10_18T07_20_47.txt,True,brume,['brume'],[]
images/pyronear_courmettes_1_2023_11_07T13_16_15.jpg,labels/pyronear_courmettes_1_2023_11_07T13_16_15.txt,True,nuagesbas,['nuagesbas'],[]
images/pyronear_brison_2_2023_10_19T09_17_37.jpg,labels/pyronear_brison_2_2023_10_19T09_17_37.txt,True,brume,"['batiment', 'brume']",['brume']
images/pyronear_cabanelle_2_2023_09_30T06_08_42.jpg,labels/pyronear_cabanelle_2_2023_09_30T06_08_42.txt,True,soleil,"['glare', 'refletslac', 'soleil', 'tacherouge']",[]
images/pyronear_brison_2_2023_10_30T13_45_05.jpg,labels/pyronear_brison_2_2023_10_30T13_45_05.txt,True,brume,"['batiment', 'brume']",['brume']
images/pyronear_brison_2_2023_10_30T08_03_24.jpg,labels/pyronear_brison_2_2023_10_30T08_03_24.txt,True,brume,"['batiment', 'brume']",['brume']
images/pyronear_cabanelle_1_2023_10_11T14_46_01.jpg,labels/pyronear_cabanelle_1_2023_10_11T14_46_01.txt,True,brume,['brume'],[]
images/pyronear_marguerite_3_2023_09_18T07_59_28.jpg,labels/pyronear_marguerite_3_2023_09_18T07_59_28.txt,True,arbre,['arbre'],['brume']
images/pyronear_courmettes_4_2023_11_02T11_09_11.jpg,labels/pyronear_courmettes_4_2023_11_02T11_09_11.txt,True,arbre,['arbre'],['brume']
images/pyronear_marguerite_3_2023_09_18T07_07_53.jpg,labels/pyronear_marguerite_3_2023_09_18T07_07_53.txt,True,arbre,['arbre'],['brume']
images/pyronear_brison_2_2023_10_30T08_25_25.jpg,labels/pyronear_brison_2_2023_10_30T08_25_25.txt,True,brume,"['batiment', 'brume']",['brume']
images/pyronear_brison_2_2023_08_26T11_50_40.jpg,labels/pyronear_brison_2_2023_08_26T11_50_40.txt,True,brume,"['batiment', 'brume']",['brume']
images/pyronear_marguerite_3_2023_09_18T08_13_56.jpg,labels/pyronear_marguerite_3_2023_09_18T08_13_56.txt,True,arbre,['arbre'],['brume']
images/pyronear_salaunes_1_1_2023_08_09T18_12_59.jpg,labels/pyronear_salaunes_1_1_2023_08_09T18_12_59.txt,True,nuagesbas,['nuagesbas'],[]
images/pyronear_brison_4_2023_08_17T08_39_25.jpg,labels/pyronear_brison_4_2023_08_17T08_39_25.txt,True,grosnuages,['grosnuages'],"['insecte', 'tache']"
images/pyronear_valbonne_3_2023_10_15T05_46_54.jpg,labels/pyronear_valbonne_3_2023_10_15T05_46_54.txt,True,batiment,"['batimentloin', 'nuagesbas']",[]
images/pyronear_cabanelle_1_2023_10_10T15_08_23.jpg,labels/pyronear_cabanelle_1_2023_10_10T15_08_23.txt,True,grosnuages,"['grosnuages', 'nuagesbas']",[]
images/pyronear_valbonne_2_2023_11_06T15_01_45.jpg,labels/pyronear_valbonne_2_2023_11_06T15_01_45.txt,True,nuagesbas,['nuagesbas'],[]
images/pyronear_valbonne_2_2023_11_06T15_58_16.jpg,labels/pyronear_valbonne_2_2023_11_06T15_58_16.txt,True,nuagesbas,['nuagesbas'],[]
images/pyronear_salaunes_2_1_2023_10_21T07_02_16.jpg,labels/pyronear_salaunes_2_1_2023_10_21T07_02_16.txt,True,grosnuages,['grosnuagesrefletssoleil'],[]
images/pyronear_cabanelle_1_2023_10_10T08_46_43.jpg,labels/pyronear_cabanelle_1_2023_10_10T08_46_43.txt,True,grosnuages,"['grosnuages', 'nuagesbas']",[]
images/pyronear_brison_2_2023_09_22T08_57_20.jpg,labels/pyronear_brison_2_2023_09_22T08_57_20.txt,True,nuagesbas,['nuagesbas'],['batiment']
images/pyronear_salaunes_1_1_2023_08_09T18_04_59.jpg,labels/pyronear_salaunes_1_1_2023_08_09T18_04_59.txt,True,nuagesbas,['nuagesbas'],[]
images/pyronear_brison_2_2023_10_30T06_41_52.jpg,labels/pyronear_brison_2_2023_10_30T06_41_52.txt,True,brume,"['batiment', 'brume']",['brume']
images/pyronear_valbonne_4_2023_10_29T10_04_52.jpg,labels/pyronear_valbonne_4_2023_10_29T10_04_52.txt,True,nuagesbas,['nuagesbas'],[]
images/pyronear_salaunes_2_4_2023_08_14T18_54_32.jpg,labels/pyronear_salaunes_2_4_2023_08_14T18_54_32.txt,True,nuagesbas,['nuagesfiligranes'],[]
images/pyronear_ferion_2_2023_10_28T14_58_37.jpg,labels/pyronear_ferion_2_2023_10_28T14_58_37.txt,True,grosnuages,['grosnuages'],[]
images/pyronear_marguerite_1_2023_09_10T16_13_43.jpg,labels/pyronear_marguerite_1_2023_09_10T16_13_43.txt,True,glare,['glare'],[]
images/pyronear_marguerite_1_2023_09_14T11_30_35.jpg,labels/pyronear_marguerite_1_2023_09_14T11_30_35.txt,True,nuagesbas,['nuagesbas'],[]
images/pyronear_valbonne_4_2023_10_01T05_59_47.jpg,labels/pyronear_valbonne_4_2023_10_01T05_59_47.txt,True,soleil,['soleil'],['batiment']
images/pyronear_courmettes_4_2023_10_20T16_09_24.jpg,labels/pyronear_courmettes_4_2023_10_20T16_09_24.txt,True,grosnuages,['grosnuages'],"['antenne', 'soleilcontrejour']"
images/pyronear_valbonne_4_2023_11_02T11_18_08.jpg,labels/pyronear_valbonne_4_2023_11_02T11_18_08.txt,True,nuagesbas,['nuagesbas'],[]
images/pyronear_st_peray_1_2023_07_21T08_26_59.jpg,labels/pyronear_st_peray_1_2023_07_21T08_26_59.txt,True,grosnuages,['grosnuages'],[]
images/pyronear_marguerite_2_2023_09_24T17_26_43.jpg,labels/pyronear_marguerite_2_2023_09_24T17_26_43.txt,True,nuagesbas,['nuagesfiligranes'],[]
images/pyronear_brison_2_2023_09_22T08_49_13.jpg,labels/pyronear_brison_2_2023_09_22T08_49_13.txt,True,nuagesbas,['nuagesbas'],['batiment']
images/pyronear_marguerite_1_2023_09_14T15_54_20.jpg,labels/pyronear_marguerite_1_2023_09_14T15_54_20.txt,True,soleil,['soleilrayons'],[]
images/pyronear_courmettes_2_2023_10_24T14_51_20.jpg,labels/pyronear_courmettes_2_2023_10_24T14_51_20.txt,True,grosnuages,['grosnuages'],[]
images/pyronear_brison_4_2023_08_17T07_56_49.jpg,labels/pyronear_brison_4_2023_08_17T07_56_49.txt,True,grosnuages,['grosnuages'],"['insecte', 'tache']"
images/pyronear_courmettes_4_2023_11_02T09_30_37.jpg,labels/pyronear_courmettes_4_2023_11_02T09_30_37.txt,True,arbre,['arbre'],['brume']
images/pyronear_courmettes_4_2023_11_02T09_40_11.jpg,labels/pyronear_courmettes_4_2023_11_02T09_40_11.txt,True,arbre,['arbre'],['brume']
images/pyronear_cabanelle_1_2023_10_11T11_46_24.jpg,labels/pyronear_cabanelle_1_2023_10_11T11_46_24.txt,True,brume,['brume'],[]
images/pyronear_salaunes_1_1_2023_08_21T05_32_07.jpg,labels/pyronear_salaunes_1_1_2023_08_21T05_32_07.txt,True,glare,"['glaretacherouge', 'soleilrefletslac']",[]
images/pyronear_brison_1_2023_07_24T16_51_07.jpg,labels/pyronear_brison_1_2023_07_24T16_51_07.txt,True,tache,['tachenoire'],[]
images/pyronear_valbonne_2_2023_11_06T15_19_15.jpg,labels/pyronear_valbonne_2_2023_11_06T15_19_15.txt,True,nuagesbas,['nuagesbas'],[]
images/pyronear_cabanelle_1_2023_10_11T11_08_20.jpg,labels/pyronear_cabanelle_1_2023_10_11T11_08_20.txt,True,brume,['brume'],[]
images/pyronear_courmettes_4_2023_10_20T16_09_54.jpg,labels/pyronear_courmettes_4_2023_10_20T16_09_54.txt,True,grosnuages,['grosnuages'],"['antenne', 'soleilcontrejour']"
images/pyronear_marguerite_4_2023_09_18T07_50_29.jpg,labels/pyronear_marguerite_4_2023_09_18T07_50_29.txt,True,tache,"['batiment', 'tache']","['brume', 'pluie']"
images/pyronear_brison_2_2023_08_27T09_10_35.jpg,labels/pyronear_brison_2_2023_08_27T09_10_35.txt,True,grosnuages,['grosnuages'],['batiment']
images/pyronear_valbonne_4_2023_10_28T13_08_28.jpg,labels/pyronear_valbonne_4_2023_10_28T13_08_28.txt,True,grosnuages,['grosnuages'],[]
images/pyronear_cabanelle_1_2023_10_10T14_42_20.jpg,labels/pyronear_cabanelle_1_2023_10_10T14_42_20.txt,True,grosnuages,"['grosnuages', 'nuagesbas']",[]
images/pyronear_salaunes_1_4_2023_10_05T17_17_13.jpg,labels/pyronear_salaunes_1_4_2023_10_05T17_17_13.txt,True,glare,['glareptjaune'],[]
images/pyronear_marguerite_1_2023_09_16T16_57_06.jpg,labels/pyronear_marguerite_1_2023_09_16T16_57_06.txt,True,nuagesbas,['nuagesbas'],[]
images/pyronear_brison_3_2023_09_21T14_40_14.jpg,labels/pyronear_brison_3_2023_09_21T14_40_14.txt,True,grosnuages,['grosnuages'],['brume']
images/pyronear_valbonne_2_2023_11_05T16_16_39.jpg,labels/pyronear_valbonne_2_2023_11_05T16_16_39.txt,True,nuagesbas,['nuagesbas'],[]
images/pyronear_brison_3_2023_09_07T06_55_01.jpg,labels/pyronear_brison_3_2023_09_07T06_55_01.txt,True,montagne,['montagne'],[]
images/pyronear_valbonne_4_2023_10_02T05_52_56.jpg,labels/pyronear_valbonne_4_2023_10_02T05_52_56.txt,True,soleil,['soleil'],['batiment']
images/pyronear_valbonne_4_2023_10_29T06_03_46.jpg,labels/pyronear_valbonne_4_2023_10_29T06_03_46.txt,True,nuagesbas,['nuagesbas'],[]
images/pyronear_ferion_3_2023_10_18T07_21_47.jpg,labels/pyronear_ferion_3_2023_10_18T07_21_47.txt,True,brume,['brume'],[]
images/pyronear_salaunes_1_4_2023_10_02T17_22_19.jpg,labels/pyronear_salaunes_1_4_2023_10_02T17_22_19.txt,True,glare,['glareptjaune'],[]
images/pyronear_courmettes_2_2023_10_28T06_40_16.jpg,labels/pyronear_courmettes_2_2023_10_28T06_40_16.txt,True,glare,['glare'],[]
images/pyronear_marguerite_1_2023_09_14T15_59_36.jpg,labels/pyronear_marguerite_1_2023_09_14T15_59_36.txt,True,glare,['glaresoleilrayons'],[]
images/pyronear_cabanelle_2_2023_10_02T05_56_03.jpg,labels/pyronear_cabanelle_2_2023_10_02T05_56_03.txt,True,soleil,"['glare', 'refletslac', 'soleil', 'tacherouge']",[]
images/pyronear_brison_2_2023_10_19T08_22_38.jpg,labels/pyronear_brison_2_2023_10_19T08_22_38.txt,True,brume,"['batiment', 'brume']",['brume']
images/pyronear_brison_4_2023_10_24T15_22_21.jpg,labels/pyronear_brison_4_2023_10_24T15_22_21.txt,True,grosnuages,['grosnuages'],[]
images/pyronear_valbonne_3_2023_10_20T10_35_42.jpg,labels/pyronear_valbonne_3_2023_10_20T10_35_42.txt,True,nuagesbas,['nuagesbas'],[]
images/pyronear_brison_4_2023_11_01T13_27_25.jpg,labels/pyronear_brison_4_2023_11_01T13_27_25.txt,True,nuagesbas,['nuagesbas'],[]
images/pyronear_brison_2_2023_09_21T09_53_36.jpg,labels/pyronear_brison_2_2023_09_21T09_53_36.txt,True,brume,"['batiment', 'brume']",['brume']
images/pyronear_marguerite_1_2023_08_22T14_50_15.jpg,labels/pyronear_marguerite_1_2023_08_22T14_50_15.txt,True,soleil,['soleilrayons'],[]
images/pyronear_ferion_2_2023_10_17T14_44_07.jpg,labels/pyronear_ferion_2_2023_10_17T14_44_07.txt,True,nuagesbas,['nuagesbas'],['brume']
images/pyronear_marguerite_3_2023_09_18T09_04_27.jpg,labels/pyronear_marguerite_3_2023_09_18T09_04_27.txt,True,arbre,['arbre'],['brume']
images/pyronear_brison_2_2023_10_30T06_40_22.jpg,labels/pyronear_brison_2_2023_10_30T06_40_22.txt,True,brume,"['batiment', 'brume']",['brume']
images/pyronear_brison_3_2023_09_07T06_44_01.jpg,labels/pyronear_brison_3_2023_09_07T06_44_01.txt,True,montagne,['montagne'],[]
images/pyronear_brison_2_2023_06_09T13_19_42.jpg,labels/pyronear_brison_2_2023_06_09T13_19_42.txt,True,nuagesbas,['nuagesbas'],['batiment']
images/pyronear_valbonne_2_2023_11_05T16_13_08.jpg,labels/pyronear_valbonne_2_2023_11_05T16_13_08.txt,True,nuagesbas,['nuagesbas'],[]
images/pyronear_salaunes_2_4_2023_08_18T06_29_41.jpg,labels/pyronear_salaunes_2_4_2023_08_18T06_29_41.txt,True,tuyau,['tuyau'],[]
images/pyronear_salaunes_2_4_2023_08_19T05_44_04.jpg,labels/pyronear_salaunes_2_4_2023_08_19T05_44_04.txt,True,tuyau,['tuyau'],[]
images/pyronear_brison_2_2023_09_21T06_04_20.jpg,labels/pyronear_brison_2_2023_09_21T06_04_20.txt,True,brume,"['batiment', 'brume']",['brume']
images/pyronear_cabanelle_1_2023_10_13T06_01_27.jpg,labels/pyronear_cabanelle_1_2023_10_13T06_01_27.txt,True,grosnuages,['grosnuages'],['brume']
images/pyronear_valbonne_4_2023_10_18T10_58_42.jpg,labels/pyronear_valbonne_4_2023_10_18T10_58_42.txt,True,nuagesbas,['nuagesbas'],[]
images/pyronear_courmettes_1_2023_11_07T14_02_16.jpg,labels/pyronear_courmettes_1_2023_11_07T14_02_16.txt,True,nuagesbas,['nuagesbas'],[]
images/pyronear_brison_2_2023_10_30T06_48_22.jpg,labels/pyronear_brison_2_2023_10_30T06_48_22.txt,True,brume,"['batiment', 'brume']",['brume']
images/pyronear_courmettes_1_2023_09_29T06_06_14.jpg,labels/pyronear_courmettes_1_2023_09_29T06_06_14.txt,True,glare,"['glaretacherouge', 'soleilrefletslac']",[]
images/pyronear_valbonne_2_2023_11_05T15_25_06.jpg,labels/pyronear_valbonne_2_2023_11_05T15_25_06.txt,True,nuagesbas,['nuagesbas'],[]
images/pyronear_brison_4_2023_10_31T17_07_18.jpg,labels/pyronear_brison_4_2023_10_31T17_07_18.txt,True,nuagesbas,['nuagesbas'],[]
images/pyronear_marguerite_1_2023_09_16T16_56_06.jpg,labels/pyronear_marguerite_1_2023_09_16T16_56_06.txt,True,nuagesbas,['nuagesbas'],[]
images/pyronear_courmettes_2_2023_10_06T07_09_12.jpg,labels/pyronear_courmettes_2_2023_10_06T07_09_12.txt,True,soleil,['soleil'],[]
images/pyronear_courmettes_1_2023_11_07T12_43_13.jpg,labels/pyronear_courmettes_1_2023_11_07T12_43_13.txt,True,nuagesbas,['nuagesbas'],[]
images/pyronear_valbonne_2_2023_11_05T15_06_35.jpg,labels/pyronear_valbonne_2_2023_11_05T15_06_35.txt,True,nuagesbas,['nuagesbas'],[]
images/pyronear_brison_2_2023_10_30T07_52_54.jpg,labels/pyronear_brison_2_2023_10_30T07_52_54.txt,True,brume,"['batiment', 'brume']",['brume']
images/pyronear_brison_2_2023_09_22T08_44_13.jpg,labels/pyronear_brison_2_2023_09_22T08_44_13.txt,True,nuagesbas,['nuagesbas'],['batiment']
images/pyronear_marguerite_1_2023_06_14T03_35_07.jpg,labels/pyronear_marguerite_1_2023_06_14T03_35_07.txt,True,nuagesbas,['nuagesbas'],['nuit']
images/pyronear_courmettes_1_2023_11_07T13_29_45.jpg,labels/pyronear_courmettes_1_2023_11_07T13_29_45.txt,True,nuagesbas,['nuagesbas'],[]
images/pyronear_salaunes_1_2_2023_09_30T12_45_45.jpg,labels/pyronear_salaunes_1_2_2023_09_30T12_45_45.txt,True,glare,['glare'],[]
images/pyronear_valbonne_3_2023_10_20T11_04_39.jpg,labels/pyronear_valbonne_3_2023_10_20T11_04_39.txt,True,nuagesbas,['nuagesbas'],[]
images/pyronear_cabanelle_1_2023_10_10T15_17_52.jpg,labels/pyronear_cabanelle_1_2023_10_10T15_17_52.txt,True,grosnuages,"['grosnuages', 'nuagesbas']",[]
images/pyronear_marguerite_1_2023_09_13T16_34_11.jpg,labels/pyronear_marguerite_1_2023_09_13T16_34_11.txt,True,soleil,['soleilrayons'],[]
images/pyronear_brison_4_2023_08_17T10_20_55.jpg,labels/pyronear_brison_4_2023_08_17T10_20_55.txt,True,grosnuages,['grosnuages'],"['insecte', 'tache']"
images/pyronear_brison_4_2023_10_29T12_41_18.jpg,labels/pyronear_brison_4_2023_10_29T12_41_18.txt,True,grosnuages,['grosnuages'],['brume']
images/pyronear_brison_2_2023_09_22T08_48_13.jpg,labels/pyronear_brison_2_2023_09_22T08_48_13.txt,True,nuagesbas,['nuagesbas'],['batiment']
images/pyronear_cabanelle_2_2023_10_04T06_30_01.jpg,labels/pyronear_cabanelle_2_2023_10_04T06_30_01.txt,True,soleil,"['refletslac', 'soleil']",[]
images/pyronear_ferion_2_2023_10_17T14_32_06.jpg,labels/pyronear_ferion_2_2023_10_17T14_32_06.txt,True,nuagesbas,['nuagesbas'],['brume']
images/pyronear_courmettes_1_2023_11_07T13_30_45.jpg,labels/pyronear_courmettes_1_2023_11_07T13_30_45.txt,True,nuagesbas,['nuagesbas'],[]
images/pyronear_courmettes_4_2023_10_19T09_41_15.jpg,labels/pyronear_courmettes_4_2023_10_19T09_41_15.txt,True,arbre,['arbre'],['brume']
images/pyronear_salaunes_2_1_2023_08_27T08_51_05.jpg,labels/pyronear_salaunes_2_1_2023_08_27T08_51_05.txt,True,grosnuages,['grosnuages'],[]
images/pyronear_brison_3_2023_06_08T06_22_48.jpg,labels/pyronear_brison_3_2023_06_08T06_22_48.txt,True,grosnuages,['grosnuages'],[]
images/pyronear_valbonne_3_2023_09_28T17_52_07.jpg,labels/pyronear_valbonne_3_2023_09_28T17_52_07.txt,True,batiment,['batimentloin'],['soleilcouchant']
images/pyronear_marguerite_1_2023_09_14T16_05_36.jpg,labels/pyronear_marguerite_1_2023_09_14T16_05_36.txt,True,glare,['glare'],[]
images/pyronear_valbonne_2_2023_11_05T15_05_36.jpg,labels/pyronear_valbonne_2_2023_11_05T15_05_36.txt,True,nuagesbas,['nuagesbas'],[]
images/pyronear_valbonne_4_2023_10_02T05_45_55.jpg,labels/pyronear_valbonne_4_2023_10_02T05_45_55.txt,True,soleil,"['glare', 'soleil']",['batiment']
images/pyronear_valbonne_4_2023_11_02T09_54_04.jpg,labels/pyronear_valbonne_4_2023_11_02T09_54_04.txt,True,nuagesbas,['nuagesbas'],[]
images/pyronear_valbonne_4_2023_10_24T16_29_20.jpg,labels/pyronear_valbonne_4_2023_10_24T16_29_20.txt,True,nuagesbas,['nuagesbas'],[]
images/pyronear_courmettes_1_2023_11_07T13_08_14.jpg,labels/pyronear_courmettes_1_2023_11_07T13_08_14.txt,True,nuagesbas,['nuagesbas'],[]
images/pyronear_cabanelle_1_2023_10_13T09_09_03.jpg,labels/pyronear_cabanelle_1_2023_10_13T09_09_03.txt,True,grosnuages,['grosnuages'],[]
images/pyronear_valbonne_4_2023_10_02T05_58_56.jpg,labels/pyronear_valbonne_4_2023_10_02T05_58_56.txt,True,soleil,['soleil'],['batiment']
images/pyronear_brison_4_2023_10_31T17_09_24.jpg,labels/pyronear_brison_4_2023_10_31T17_09_24.txt,True,nuagesbas,['nuagesbas'],[]
images/pyronear_valbonne_4_2023_10_02T05_43_58.jpg,labels/pyronear_valbonne_4_2023_10_02T05_43_58.txt,True,soleil,"['glare', 'soleil']",['batiment']
images/pyronear_cabanelle_1_2023_10_07T14_00_57.jpg,labels/pyronear_cabanelle_1_2023_10_07T14_00_57.txt,True,nuagesbas,['nuagesbas'],[]
images/pyronear_brison_2_2023_09_21T06_13_20.jpg,labels/pyronear_brison_2_2023_09_21T06_13_20.txt,True,brume,"['batiment', 'brume']",['brume']
images/pyronear_marguerite_1_2023_09_14T05_53_53.jpg,labels/pyronear_marguerite_1_2023_09_14T05_53_53.txt,True,grosnuages,['grosnuages'],[]
images/pyronear_brison_1_2023_06_23T04_05_21.jpg,labels/pyronear_brison_1_2023_06_23T04_05_21.txt,True,soleil,['soleil'],[]
images/pyronear_valbonne_4_2023_10_18T10_52_43.jpg,labels/pyronear_valbonne_4_2023_10_18T10_52_43.txt,True,nuagesbas,['nuagesbas'],[]
images/pyronear_courmettes_1_2023_11_03T06_20_50.jpg,labels/pyronear_courmettes_1_2023_11_03T06_20_50.txt,True,glare,['glaresoleilptrouge'],['soleilcouchant']
images/pyronear_brison_2_2023_10_30T07_38_54.jpg,labels/pyronear_brison_2_2023_10_30T07_38_54.txt,True,brume,"['batiment', 'brume']",['brume']
images/pyronear_valbonne_2_2023_11_06T15_52_16.jpg,labels/pyronear_valbonne_2_2023_11_06T15_52_16.txt,True,nuagesbas,['nuagesbas'],[]
images/pyronear_ferion_2_2023_10_27T06_51_01.jpg,labels/pyronear_ferion_2_2023_10_27T06_51_01.txt,True,glare,['glare'],[]
images/pyronear_valbonne_4_2023_10_29T10_02_22.jpg,labels/pyronear_valbonne_4_2023_10_29T10_02_22.txt,True,nuagesbas,['nuagesbas'],[]
images/pyronear_brison_2_2023_09_21T06_03_20.jpg,labels/pyronear_brison_2_2023_09_21T06_03_20.txt,True,brume,"['batiment', 'brume']",['brume']
images/pyronear_valbonne_3_2023_10_20T16_21_52.jpg,labels/pyronear_valbonne_3_2023_10_20T16_21_52.txt,True,glare,['glare'],[]
images/pyronear_valbonne_4_2023_11_01T16_43_05.jpg,labels/pyronear_valbonne_4_2023_11_01T16_43_05.txt,True,nuagesbas,['nuagesbas'],[]
images/pyronear_valbonne_2_2023_11_05T15_44_07.jpg,labels/pyronear_valbonne_2_2023_11_05T15_44_07.txt,True,nuagesbas,['nuagesbas'],[]
images/pyronear_cabanelle_1_2023_10_13T09_46_34.jpg,labels/pyronear_cabanelle_1_2023_10_13T09_46_34.txt,True,grosnuages,['grosnuages'],[]
images/pyronear_brison_1_2023_06_22T12_13_21.jpg,labels/pyronear_brison_1_2023_06_22T12_13_21.txt,True,grosnuages,['grosnuages'],[]
images/pyronear_brison_4_2023_08_17T08_02_20.jpg,labels/pyronear_brison_4_2023_08_17T08_02_20.txt,True,grosnuages,['grosnuages'],"['insecte', 'tache']"
images/pyronear_brison_2_2023_09_21T08_50_25.jpg,labels/pyronear_brison_2_2023_09_21T08_50_25.txt,True,brume,"['batiment', 'brume']",['brume']
images/pyronear_brison_2_2023_10_30T07_33_21.jpg,labels/pyronear_brison_2_2023_10_30T07_33_21.txt,True,brume,"['batiment', 'brume']",['brume']
images/pyronear_salaunes_2_1_2023_11_05T10_45_22.jpg,labels/pyronear_salaunes_2_1_2023_11_05T10_45_22.txt,True,grosnuages,['grosnuagesrefletssoleil'],[]
images/pyronear_valbonne_4_2023_10_01T06_03_46.jpg,labels/pyronear_valbonne_4_2023_10_01T06_03_46.txt,True,soleil,['soleil'],['batiment']
images/pyronear_brison_3_2023_10_01T15_34_48.jpg,labels/pyronear_brison_3_2023_10_01T15_34_48.txt,True,montagne,['montagne'],[]
images/pyronear_brison_3_2023_09_07T06_43_32.jpg,labels/pyronear_brison_3_2023_09_07T06_43_32.txt,True,montagne,['montagne'],[]
images/pyronear_salaunes_2_1_2023_08_27T08_40_35.jpg,labels/pyronear_salaunes_2_1_2023_08_27T08_40_35.txt,True,grosnuages,['grosnuages'],[]
images/pyronear_marguerite_3_2023_09_18T05_28_45.jpg,labels/pyronear_marguerite_3_2023_09_18T05_28_45.txt,True,arbre,['arbre'],['brume']
images/pyronear_courmettes_1_2023_11_07T07_33_03.jpg,labels/pyronear_courmettes_1_2023_11_07T07_33_03.txt,True,soleil,"['refletslac', 'soleil']",[]
images/pyronear_courmettes_4_2023_11_02T09_25_06.jpg,labels/pyronear_courmettes_4_2023_11_02T09_25_06.txt,True,arbre,['arbre'],['brume']
images/pyronear_marguerite_4_2023_10_29T12_08_13.jpg,labels/pyronear_marguerite_4_2023_10_29T12_08_13.txt,True,batiment,['batiment'],"['brume', 'pluie']"
images/pyronear_brison_2_2023_10_19T07_50_35.jpg,labels/pyronear_brison_2_2023_10_19T07_50_35.txt,True,brume,"['batiment', 'brume']",['brume']
images/pyronear_valbonne_3_2023_10_20T16_47_52.jpg,labels/pyronear_valbonne_3_2023_10_20T16_47_52.txt,True,nuagesbas,['nuagesbas'],[]
images/pyronear_salaunes_2_1_2023_08_27T09_53_37.jpg,labels/pyronear_salaunes_2_1_2023_08_27T09_53_37.txt,True,grosnuages,['grosnuages'],[]
images/pyronear_marguerite_4_2023_06_09T13_20_44.jpg,labels/pyronear_marguerite_4_2023_06_09T13_20_44.txt,True,tache,"['batiment', 'tache']","['brume', 'pluie']"
images/pyronear_brison_2_2023_10_11T05_55_54.jpg,labels/pyronear_brison_2_2023_10_11T05_55_54.txt,True,soleil,['soleil'],['batiment']
images/pyronear_courmettes_1_2023_11_07T06_26_02.jpg,labels/pyronear_courmettes_1_2023_11_07T06_26_02.txt,True,glare,['glaresoleilptrouge'],['soleilcouchant']
images/pyronear_valbonne_2_2023_11_05T15_00_35.jpg,labels/pyronear_valbonne_2_2023_11_05T15_00_35.txt,True,nuagesbas,['nuagesbas'],[]
images/pyronear_marguerite_3_2023_09_18T05_52_16.jpg,labels/pyronear_marguerite_3_2023_09_18T05_52_16.txt,True,arbre,['arbre'],['brume']
images/pyronear_brison_2_2023_09_21T08_28_25.jpg,labels/pyronear_brison_2_2023_09_21T08_28_25.txt,True,brume,"['batiment', 'brume']",['brume']
images/pyronear_marguerite_1_2023_09_14T15_57_36.jpg,labels/pyronear_marguerite_1_2023_09_14T15_57_36.txt,True,glare,['glaresoleilrayons'],[]
images/pyronear_valbonne_4_2023_11_01T16_43_04.jpg,labels/pyronear_valbonne_4_2023_11_01T16_43_04.txt,True,nuagesbas,['nuagesbas'],[]
images/pyronear_marguerite_1_2023_09_10T16_15_12.jpg,labels/pyronear_marguerite_1_2023_09_10T16_15_12.txt,True,glare,['glare'],[]
images/pyronear_marguerite_3_2023_09_18T08_15_55.jpg,labels/pyronear_marguerite_3_2023_09_18T08_15_55.txt,True,arbre,['arbre'],['brume']
images/pyronear_brison_2_2023_11_02T06_24_12.jpg,labels/pyronear_brison_2_2023_11_02T06_24_12.txt,True,brume,"['batiment', 'brume']",['brume']
images/pyronear_brison_2_2023_10_30T13_45_21.jpg,labels/pyronear_brison_2_2023_10_30T13_45_21.txt,True,brume,"['batiment', 'brume']",['brume']
images/pyronear_brison_1_2023_09_13T06_41_14.jpg,labels/pyronear_brison_1_2023_09_13T06_41_14.txt,True,nuagesbas,['nuagesbas'],[]
images/pyronear_ferion_2_2023_10_24T16_29_04.jpg,labels/pyronear_ferion_2_2023_10_24T16_29_04.txt,True,grosnuages,['grosnuages'],[]
images/pyronear_cabanelle_1_2023_10_10T11_33_44.jpg,labels/pyronear_cabanelle_1_2023_10_10T11_33_44.txt,True,grosnuages,"['grosnuages', 'nuagesbas']",[]
images/pyronear_valbonne_2_2023_11_05T15_38_07.jpg,labels/pyronear_valbonne_2_2023_11_05T15_38_07.txt,True,nuagesbas,['nuagesbas'],[]
images/pyronear_brison_4_2023_06_24T19_14_24.jpg,labels/pyronear_brison_4_2023_06_24T19_14_24.txt,True,soleil,['soleil'],[]
images/pyronear_brison_2_2023_10_30T08_30_40.jpg,labels/pyronear_brison_2_2023_10_30T08_30_40.txt,True,brume,"['batiment', 'brume']",['brume']
images/pyronear_ferion_2_2023_10_28T15_18_36.jpg,labels/pyronear_ferion_2_2023_10_28T15_18_36.txt,True,grosnuages,['grosnuages'],[]
images/pyronear_brison_2_2023_09_14T17_47_32.jpg,labels/pyronear_brison_2_2023_09_14T17_47_32.txt,True,grosnuages,['grosnuages'],['batiment']
images/pyronear_brison_4_2023_11_02T10_56_43.jpg,labels/pyronear_brison_4_2023_11_02T10_56_43.txt,True,nuagesbas,['nuagesbas'],[]
images/pyronear_marguerite_3_2023_09_18T05_21_14.jpg,labels/pyronear_marguerite_3_2023_09_18T05_21_14.txt,True,arbre,['arbre'],['brume']
images/pyronear_ferion_3_2023_10_18T07_21_17.jpg,labels/pyronear_ferion_3_2023_10_18T07_21_17.txt,True,brume,['brume'],[]
images/pyronear_brison_2_2023_10_19T09_03_45.jpg,labels/pyronear_brison_2_2023_10_19T09_03_45.txt,True,brume,"['batiment', 'brume']",['brume']
images/pyronear_valbonne_3_2023_10_20T10_43_10.jpg,labels/pyronear_valbonne_3_2023_10_20T10_43_10.txt,True,nuagesbas,['nuagesbas'],[]
images/pyronear_courmettes_2_2023_11_04T06_52_33.jpg,labels/pyronear_courmettes_2_2023_11_04T06_52_33.txt,True,glare,['glare'],[]
images/pyronear_courmettes_2_2023_10_27T07_25_50.jpg,labels/pyronear_courmettes_2_2023_10_27T07_25_50.txt,True,glare,['glare'],[]
images/pyronear_brison_4_2023_10_24T15_23_22.jpg,labels/pyronear_brison_4_2023_10_24T15_23_22.txt,True,grosnuages,['grosnuages'],[]
images/pyronear_brison_3_2023_09_22T05_08_41.jpg,labels/pyronear_brison_3_2023_09_22T05_08_41.txt,True,nuagesbas,['nuagesbas'],['nuit']
images/pyronear_courmettes_4_2023_11_02T10_00_39.jpg,labels/pyronear_courmettes_4_2023_11_02T10_00_39.txt,True,arbre,['arbre'],['brume']
images/pyronear_ferion_3_2023_10_20T12_18_49.jpg,labels/pyronear_ferion_3_2023_10_20T12_18_49.txt,True,brume,['brume'],[]
images/pyronear_cabanelle_2_2023_09_28T05_17_55.jpg,labels/pyronear_cabanelle_2_2023_09_28T05_17_55.txt,True,glare,['glare'],[]
images/pyronear_brison_4_2023_06_16T18_59_23.jpg,labels/pyronear_brison_4_2023_06_16T18_59_23.txt,True,glare,['glareptjaune'],[]
images/pyronear_ferion_2_2023_10_24T16_25_11.jpg,labels/pyronear_ferion_2_2023_10_24T16_25_11.txt,True,grosnuages,['grosnuages'],[]
images/pyronear_marguerite_3_2023_09_18T07_36_54.jpg,labels/pyronear_marguerite_3_2023_09_18T07_36_54.txt,True,arbre,['arbre'],['brume']
images/pyronear_brison_1_2023_06_12T12_22_27.jpg,labels/pyronear_brison_1_2023_06_12T12_22_27.txt,True,nuagesbas,['nuagesbas'],[]
images/pyronear_valbonne_2_2023_11_06T14_57_14.jpg,labels/pyronear_valbonne_2_2023_11_06T14_57_14.txt,True,nuagesbas,['nuagesbas'],[]
images/pyronear_cabanelle_1_2023_10_10T11_36_14.jpg,labels/pyronear_cabanelle_1_2023_10_10T11_36_14.txt,True,grosnuages,"['grosnuages', 'nuagesbas']",[]
images/pyronear_brison_1_2023_06_13T06_14_20.jpg,labels/pyronear_brison_1_2023_06_13T06_14_20.txt,True,grosnuages,['grosnuages'],[]
images/pyronear_brison_4_2023_06_28T18_55_05.jpg,labels/pyronear_brison_4_2023_06_28T18_55_05.txt,True,glare,['glare'],[]
images/pyronear_valbonne_2_2023_11_05T15_11_35.jpg,labels/pyronear_valbonne_2_2023_11_05T15_11_35.txt,True,nuagesbas,['nuagesbas'],[]
images/pyronear_brison_1_2023_09_13T05_46_12.jpg,labels/pyronear_brison_1_2023_09_13T05_46_12.txt,True,nuagesbas,['nuagesbas'],[]
images/pyronear_courmettes_1_2023_11_07T12_55_13.jpg,labels/pyronear_courmettes_1_2023_11_07T12_55_13.txt,True,nuagesbas,['nuagesbas'],[]
images/pyronear_brison_3_2023_08_29T07_42_11.jpg,labels/pyronear_brison_3_2023_08_29T07_42_11.txt,True,montagne,['montagne'],[]
images/pyronear_courmettes_4_2023_10_11T15_57_40.jpg,labels/pyronear_courmettes_4_2023_10_11T15_57_40.txt,True,nuagesbas,['nuagesbas'],['brume']
images/pyronear_valbonne_4_2023_11_02T08_45_32.jpg,labels/pyronear_valbonne_4_2023_11_02T08_45_32.txt,True,nuagesbas,['nuagesbas'],[]
images/pyronear_marguerite_1_2023_09_16T16_59_36.jpg,labels/pyronear_marguerite_1_2023_09_16T16_59_36.txt,True,nuagesbas,['nuagesbas'],[]
images/pyronear_marguerite_1_2023_09_14T05_55_14.jpg,labels/pyronear_marguerite_1_2023_09_14T05_55_14.txt,True,grosnuages,['grosnuages'],[]
images/pyronear_brison_4_2023_08_17T09_53_50.jpg,labels/pyronear_brison_4_2023_08_17T09_53_50.txt,True,grosnuages,['grosnuages'],"['insecte', 'tache']"
images/pyronear_brison_2_2023_11_04T11_03_20.jpg,labels/pyronear_brison_2_2023_11_04T11_03_20.txt,True,brume,"['batiment', 'brume']",['brume']
images/pyronear_valbonne_4_2023_10_18T08_59_38.jpg,labels/pyronear_valbonne_4_2023_10_18T08_59_38.txt,True,nuagesbas,['nuagesbas'],[]
images/pyronear_brison_3_2023_06_08T05_44_44.jpg,labels/pyronear_brison_3_2023_06_08T05_44_44.txt,True,grosnuages,['grosnuages'],[]
images/pyronear_valbonne_2_2023_11_05T15_42_37.jpg,labels/pyronear_valbonne_2_2023_11_05T15_42_37.txt,True,nuagesbas,['nuagesbas'],[]
images/pyronear_brison_2_2023_10_29T06_17_28.jpg,labels/pyronear_brison_2_2023_10_29T06_17_28.txt,True,brume,"['batiment', 'brume']",['brume']
images/pyronear_ferion_1_2023_10_20T15_48_43.jpg,labels/pyronear_ferion_1_2023_10_20T15_48_43.txt,True,arbre,['arbre'],['brume']
images/pyronear_cabanelle_1_2023_10_11T14_58_28.jpg,labels/pyronear_cabanelle_1_2023_10_11T14_58_28.txt,True,brume,['brume'],[]
images/pyronear_valbonne_2_2023_11_06T15_31_15.jpg,labels/pyronear_valbonne_2_2023_11_06T15_31_15.txt,True,nuagesbas,['nuagesbas'],[]
images/pyronear_valbonne_2_2023_11_06T15_36_45.jpg,labels/pyronear_valbonne_2_2023_11_06T15_36_45.txt,True,nuagesbas,['nuagesbas'],[]
images/pyronear_brison_4_2023_08_17T07_29_12.jpg,labels/pyronear_brison_4_2023_08_17T07_29_12.txt,True,grosnuages,['grosnuages'],"['insecte', 'tache']"
images/pyronear_courmettes_4_2023_10_20T16_08_55.jpg,labels/pyronear_courmettes_4_2023_10_20T16_08_55.txt,True,grosnuages,['grosnuages'],"['antenne', 'soleilcontrejour']"
images/pyronear_brison_1_2023_07_11T04_14_12.jpg,labels/pyronear_brison_1_2023_07_11T04_14_12.txt,True,soleil,['soleil'],[]
images/pyronear_brison_1_2023_09_13T07_41_23.jpg,labels/pyronear_brison_1_2023_09_13T07_41_23.txt,True,nuagesbas,['nuagesbas'],[]
images/pyronear_marguerite_1_2023_09_16T11_38_56.jpg,labels/pyronear_marguerite_1_2023_09_16T11_38_56.txt,True,nuagesbas,['nuagesbas'],[]
images/pyronear_marguerite_1_2023_09_14T16_16_36.jpg,labels/pyronear_marguerite_1_2023_09_14T16_16_36.txt,True,glare,['glare'],[]
images/pyronear_courmettes_2_2023_10_10T06_29_50.jpg,labels/pyronear_courmettes_2_2023_10_10T06_29_50.txt,True,grosnuages,['grosnuages'],"['brume', 'soleil']"
images/pyronear_brison_1_2023_07_11T04_13_42.jpg,labels/pyronear_brison_1_2023_07_11T04_13_42.txt,True,soleil,['soleil'],[]
images/pyronear_salaunes_2_1_2023_08_28T17_53_50.jpg,labels/pyronear_salaunes_2_1_2023_08_28T17_53_50.txt,True,grosnuages,['grosnuagesrefletssoleil'],[]
images/pyronear_brison_1_2023_06_13T15_42_48.jpg,labels/pyronear_brison_1_2023_06_13T15_42_48.txt,True,nuagesbas,['nuagesbas'],[]
images/pyronear_valbonne_3_2023_10_21T16_18_48.jpg,labels/pyronear_valbonne_3_2023_10_21T16_18_48.txt,True,glare,['glare'],[]
images/pyronear_valbonne_4_2023_10_29T10_01_52.jpg,labels/pyronear_valbonne_4_2023_10_29T10_01_52.txt,True,nuagesbas,['nuagesbas'],[]
images/pyronear_marguerite_4_2023_09_21T06_42_54.jpg,labels/pyronear_marguerite_4_2023_09_21T06_42_54.txt,True,tache,"['batiment', 'tache']","['brume', 'pluie']"
images/pyronear_valbonne_2_2023_11_06T15_26_14.jpg,labels/pyronear_valbonne_2_2023_11_06T15_26_14.txt,True,nuagesbas,['nuagesbas'],[]
images/pyronear_courmettes_4_2023_11_02T07_58_03.jpg,labels/pyronear_courmettes_4_2023_11_02T07_58_03.txt,True,arbre,['arbre'],['brume']
images/pyronear_valbonne_3_2023_10_20T10_38_10.jpg,labels/pyronear_valbonne_3_2023_10_20T10_38_10.txt,True,nuagesbas,['nuagesbas'],[]
images/pyronear_cabanelle_1_2023_10_19T10_51_48.jpg,labels/pyronear_cabanelle_1_2023_10_19T10_51_48.txt,True,arbre,['arbre'],['brume']
images/pyronear_salaunes_1_4_2023_10_02T17_23_19.jpg,labels/pyronear_salaunes_1_4_2023_10_02T17_23_19.txt,True,glare,['glareptjaune'],[]
images/pyronear_brison_2_2023_10_29T06_07_59.jpg,labels/pyronear_brison_2_2023_10_29T06_07_59.txt,True,brume,"['batiment', 'brume']",['brume']
images/pyronear_valbonne_2_2023_11_06T16_01_16.jpg,labels/pyronear_valbonne_2_2023_11_06T16_01_16.txt,True,nuagesbas,['nuagesbas'],[]
images/pyronear_salaunes_2_2_2023_10_31T08_11_46.jpg,labels/pyronear_salaunes_2_2_2023_10_31T08_11_46.txt,True,grosnuages,['grosnuagesrefletssoleil'],[]
images/pyronear_ferion_2_2023_10_29T15_36_38.jpg,labels/pyronear_ferion_2_2023_10_29T15_36_38.txt,True,grosnuages,['grosnuages'],[]
images/pyronear_salaunes_2_1_2023_11_05T10_48_51.jpg,labels/pyronear_salaunes_2_1_2023_11_05T10_48_51.txt,True,grosnuages,['grosnuagesrefletssoleil'],[]
images/pyronear_marguerite_3_2023_09_18T08_23_26.jpg,labels/pyronear_marguerite_3_2023_09_18T08_23_26.txt,True,arbre,['arbre'],['brume']
images/pyronear_valbonne_2_2023_11_07T14_41_50.jpg,labels/pyronear_valbonne_2_2023_11_07T14_41_50.txt,True,nuagesbas,['nuagesbas'],[]
images/pyronear_valbonne_4_2023_10_28T13_09_58.jpg,labels/pyronear_valbonne_4_2023_10_28T13_09_58.txt,True,grosnuages,['grosnuages'],[]
images/pyronear_marguerite_1_2023_08_22T14_29_44.jpg,labels/pyronear_marguerite_1_2023_08_22T14_29_44.txt,True,soleil,['soleilrayons'],[]
images/pyronear_courmettes_1_2023_11_03T05_49_49.jpg,labels/pyronear_courmettes_1_2023_11_03T05_49_49.txt,True,zonenoire,['zonenoire'],['soleilcouchant']
images/pyronear_courmettes_2_2023_10_26T06_51_20.jpg,labels/pyronear_courmettes_2_2023_10_26T06_51_20.txt,True,glare,['glare'],[]
images/pyronear_cabanelle_1_2023_10_07T14_54_01.jpg,labels/pyronear_cabanelle_1_2023_10_07T14_54_01.txt,True,nuagesbas,['nuagesbas'],[]
images/pyronear_valbonne_4_2023_10_29T06_03_36.jpg,labels/pyronear_valbonne_4_2023_10_29T06_03_36.txt,True,nuagesbas,['nuagesbas'],[]
images/pyronear_cabanelle_1_2023_10_11T14_03_26.jpg,labels/pyronear_cabanelle_1_2023_10_11T14_03_26.txt,True,brume,['brume'],[]
images/pyronear_brison_2_2023_10_30T08_35_27.jpg,labels/pyronear_brison_2_2023_10_30T08_35_27.txt,True,brume,"['batiment', 'brume']",['brume']
images/pyronear_valbonne_2_2023_11_05T14_38_04.jpg,labels/pyronear_valbonne_2_2023_11_05T14_38_04.txt,True,nuagesbas,['nuagesbas'],[]
images/pyronear_cabanelle_2_2023_09_28T05_35_40.jpg,labels/pyronear_cabanelle_2_2023_09_28T05_35_40.txt,True,glare,['glare'],[]
images/pyronear_courmettes_1_2023_11_07T06_14_30.jpg,labels/pyronear_courmettes_1_2023_11_07T06_14_30.txt,True,glare,['glaresoleilptrouge'],['soleilcouchant']
images/pyronear_brison_1_2023_06_13T05_52_11.jpg,labels/pyronear_brison_1_2023_06_13T05_52_11.txt,True,grosnuages,['grosnuages'],[]
images/pyronear_valbonne_4_2023_11_02T08_56_09.jpg,labels/pyronear_valbonne_4_2023_11_02T08_56_09.txt,True,nuagesbas,['nuagesbas'],[]
images/pyronear_courmettes_1_2023_11_07T13_47_15.jpg,labels/pyronear_courmettes_1_2023_11_07T13_47_15.txt,True,nuagesbas,['nuagesbas'],[]
images/pyronear_valbonne_3_2023_10_20T10_52_43.jpg,labels/pyronear_valbonne_3_2023_10_20T10_52_43.txt,True,nuagesbas,['nuagesbas'],[]
images/pyronear_courmettes_1_2023_09_27T05_30_32.jpg,labels/pyronear_courmettes_1_2023_09_27T05_30_32.txt,True,soleil,['soleil'],[]
images/pyronear_brison_1_2023_06_15T04_01_49.jpg,labels/pyronear_brison_1_2023_06_15T04_01_49.txt,True,soleil,['soleil'],[]
images/pyronear_courmettes_1_2023_11_07T13_33_15.jpg,labels/pyronear_courmettes_1_2023_11_07T13_33_15.txt,True,nuagesbas,['nuagesbas'],[]
images/pyronear_courmettes_2_2023_10_27T06_51_47.jpg,labels/pyronear_courmettes_2_2023_10_27T06_51_47.txt,True,glare,['glare'],[]
images/pyronear_brison_3_2023_10_01T15_35_16.jpg,labels/pyronear_brison_3_2023_10_01T15_35_16.txt,True,montagne,['montagne'],[]
images/pyronear_ferion_4_2023_11_06T16_06_09.jpg,labels/pyronear_ferion_4_2023_11_06T16_06_09.txt,True,nuagesbas,['nuagesbas'],['soleilcouchant']
images/pyronear_valbonne_2_2023_11_05T15_01_06.jpg,labels/pyronear_valbonne_2_2023_11_05T15_01_06.txt,True,nuagesbas,['nuagesbas'],[]
images/pyronear_valbonne_2_2023_11_05T16_00_09.jpg,labels/pyronear_valbonne_2_2023_11_05T16_00_09.txt,True,nuagesbas,['nuagesbas'],[]
images/pyronear_marguerite_4_2023_10_20T07_34_27.jpg,labels/pyronear_marguerite_4_2023_10_20T07_34_27.txt,True,batiment,['batiment'],"['brume', 'pluie']"
images/pyronear_brison_2_2023_09_21T09_31_28.jpg,labels/pyronear_brison_2_2023_09_21T09_31_28.txt,True,brume,"['batiment', 'brume']",['brume']
images/pyronear_brison_2_2023_10_19T07_36_05.jpg,labels/pyronear_brison_2_2023_10_19T07_36_05.txt,True,brume,"['batiment', 'brume']",['brume']
images/pyronear_salaunes_2_1_2023_11_05T07_28_44.jpg,labels/pyronear_salaunes_2_1_2023_11_05T07_28_44.txt,True,grosnuages,['grosnuagesrefletssoleil'],[]
images/pyronear_brison_2_2023_10_19T09_50_10.jpg,labels/pyronear_brison_2_2023_10_19T09_50_10.txt,True,brume,"['batiment', 'brume']",['brume']
images/pyronear_brison_3_2023_09_07T07_00_01.jpg,labels/pyronear_brison_3_2023_09_07T07_00_01.txt,True,montagne,['montagne'],[]
images/pyronear_brison_1_2023_06_12T19_44_28.jpg,labels/pyronear_brison_1_2023_06_12T19_44_28.txt,True,nuagesbas,['nuagesbas'],[]
images/pyronear_valbonne_3_2023_09_30T17_39_04.jpg,labels/pyronear_valbonne_3_2023_09_30T17_39_04.txt,True,batiment,['batimentloin'],['soleilcouchant']
images/pyronear_ferion_2_2023_10_24T16_25_02.jpg,labels/pyronear_ferion_2_2023_10_24T16_25_02.txt,True,grosnuages,['grosnuages'],[]
images/pyronear_valbonne_2_2023_11_05T15_57_07.jpg,labels/pyronear_valbonne_2_2023_11_05T15_57_07.txt,True,nuagesbas,['nuagesbas'],[]
images/pyronear_courmettes_2_2023_10_27T07_27_49.jpg,labels/pyronear_courmettes_2_2023_10_27T07_27_49.txt,True,glare,['glare'],[]
images/pyronear_valbonne_2_2023_11_06T15_29_15.jpg,labels/pyronear_valbonne_2_2023_11_06T15_29_15.txt,True,nuagesbas,['nuagesbas'],[]
images/pyronear_ferion_2_2023_10_28T16_24_38.jpg,labels/pyronear_ferion_2_2023_10_28T16_24_38.txt,True,grosnuages,['grosnuages'],[]
images/pyronear_brison_2_2023_10_30T07_28_54.jpg,labels/pyronear_brison_2_2023_10_30T07_28_54.txt,True,brume,"['batiment', 'brume']",['brume']
images/pyronear_marguerite_1_2023_09_15T15_35_13.jpg,labels/pyronear_marguerite_1_2023_09_15T15_35_13.txt,True,soleil,['soleilrayons'],[]
images/pyronear_cabanelle_1_2023_10_10T09_06_10.jpg,labels/pyronear_cabanelle_1_2023_10_10T09_06_10.txt,True,grosnuages,"['grosnuages', 'nuagesbas']",[]
images/pyronear_brison_4_2023_08_17T10_22_54.jpg,labels/pyronear_brison_4_2023_08_17T10_22_54.txt,True,grosnuages,['grosnuages'],"['insecte', 'tache']"
images/pyronear_cabanelle_1_2023_10_11T15_08_59.jpg,labels/pyronear_cabanelle_1_2023_10_11T15_08_59.txt,True,brume,['brume'],[]
images/pyronear_brison_3_2023_10_07T17_24_17.jpg,labels/pyronear_brison_3_2023_10_07T17_24_17.txt,True,zonenoire,['zonenoire'],['soleilcouchant']
images/pyronear_brison_2_2023_10_30T13_49_02.jpg,labels/pyronear_brison_2_2023_10_30T13_49_02.txt,True,brume,"['batiment', 'brume']",['brume']
images/pyronear_salaunes_1_4_2023_09_29T17_14_58.jpg,labels/pyronear_salaunes_1_4_2023_09_29T17_14_58.txt,True,glare,['glareptjaune'],[]
images/pyronear_marguerite_1_2023_09_14T14_52_42.jpg,labels/pyronear_marguerite_1_2023_09_14T14_52_42.txt,True,nuagesbas,['nuagesbas'],[]
images/pyronear_marguerite_3_2023_09_18T09_53_36.jpg,labels/pyronear_marguerite_3_2023_09_18T09_53_36.txt,True,nuagesbas,['nuagesbas'],[]
images/pyronear_courmettes_1_2023_09_27T05_31_02.jpg,labels/pyronear_courmettes_1_2023_09_27T05_31_02.txt,True,soleil,['soleil'],[]
images/pyronear_brison_2_2023_10_30T07_46_54.jpg,labels/pyronear_brison_2_2023_10_30T07_46_54.txt,True,brume,"['batiment', 'brume']",['brume']
images/pyronear_ferion_3_2023_10_24T15_54_41.jpg,labels/pyronear_ferion_3_2023_10_24T15_54_41.txt,True,grosnuages,"['grosnuages', 'soleilreflets']",[]
images/pyronear_valbonne_3_2023_10_13T17_17_53.jpg,labels/pyronear_valbonne_3_2023_10_13T17_17_53.txt,True,batiment,['batimentloin'],['soleilcouchant']
images/pyronear_courmettes_1_2023_11_07T13_30_15.jpg,labels/pyronear_courmettes_1_2023_11_07T13_30_15.txt,True,nuagesbas,['nuagesbas'],[]
images/pyronear_cabanelle_1_2023_10_11T11_06_50.jpg,labels/pyronear_cabanelle_1_2023_10_11T11_06_50.txt,True,brume,['brume'],[]
images/pyronear_cabanelle_1_2023_10_13T09_15_33.jpg,labels/pyronear_cabanelle_1_2023_10_13T09_15_33.txt,True,grosnuages,['grosnuages'],[]
images/pyronear_marguerite_1_2023_09_10T16_15_42.jpg,labels/pyronear_marguerite_1_2023_09_10T16_15_42.txt,True,glare,['glare'],[]
images/pyronear_salaunes_2_1_2023_11_05T10_30_21.jpg,labels/pyronear_salaunes_2_1_2023_11_05T10_30_21.txt,True,grosnuages,['grosnuagesrefletssoleil'],[]
images/pyronear_brison_4_2023_08_17T07_33_38.jpg,labels/pyronear_brison_4_2023_08_17T07_33_38.txt,True,grosnuages,['grosnuages'],"['insecte', 'tache']"
images/pyronear_brison_2_2023_09_21T08_32_55.jpg,labels/pyronear_brison_2_2023_09_21T08_32_55.txt,True,brume,"['batiment', 'brume']",['brume']
images/pyronear_courmettes_4_2023_10_11T15_58_10.jpg,labels/pyronear_courmettes_4_2023_10_11T15_58_10.txt,True,nuagesbas,['nuagesbas'],['brume']
images/pyronear_marguerite_2_2023_06_27T19_16_12.jpg,labels/pyronear_marguerite_2_2023_06_27T19_16_12.txt,True,soleil,['soleil'],[]
images/pyronear_salaunes_2_1_2023_08_27T09_00_35.jpg,labels/pyronear_salaunes_2_1_2023_08_27T09_00_35.txt,True,grosnuages,['grosnuages'],[]
images/pyronear_courmettes_1_2023_09_29T06_17_14.jpg,labels/pyronear_courmettes_1_2023_09_29T06_17_14.txt,True,glare,"['glaretacherouge', 'soleilrefletslac']",[]
images/pyronear_brison_2_2023_09_21T09_56_58.jpg,labels/pyronear_brison_2_2023_09_21T09_56_58.txt,True,brume,"['batiment', 'brume']",['brume']
images/pyronear_salaunes_1_2_2023_09_30T11_49_34.jpg,labels/pyronear_salaunes_1_2_2023_09_30T11_49_34.txt,True,glare,['glare'],[]
images/pyronear_marguerite_3_2023_06_09T09_35_33.jpg,labels/pyronear_marguerite_3_2023_06_09T09_35_33.txt,True,arbre,['arbre'],['brume']
images/pyronear_brison_2_2023_10_30T07_59_54.jpg,labels/pyronear_brison_2_2023_10_30T07_59_54.txt,True,brume,"['batiment', 'brume']",['brume']
images/pyronear_valbonne_4_2023_11_05T06_11_55.jpg,labels/pyronear_valbonne_4_2023_11_05T06_11_55.txt,True,nuagesbas,['nuagesbas'],[]
images/pyronear_marguerite_4_2023_10_29T13_08_48.jpg,labels/pyronear_marguerite_4_2023_10_29T13_08_48.txt,True,batiment,['batiment'],"['brume', 'pluie']"
images/pyronear_courmettes_1_2023_09_27T05_54_33.jpg,labels/pyronear_courmettes_1_2023_09_27T05_54_33.txt,True,glare,['glareptjaune'],[]
images/pyronear_brison_2_2023_10_30T06_56_53.jpg,labels/pyronear_brison_2_2023_10_30T06_56_53.txt,True,brume,"['batiment', 'brume']",['brume']
images/pyronear_cabanelle_1_2023_10_11T06_45_57.jpg,labels/pyronear_cabanelle_1_2023_10_11T06_45_57.txt,True,brume,['brume'],[]
images/pyronear_cabanelle_1_2023_10_13T08_57_03.jpg,labels/pyronear_cabanelle_1_2023_10_13T08_57_03.txt,True,grosnuages,['grosnuages'],[]
images/pyronear_courmettes_1_2023_09_29T06_17_44.jpg,labels/pyronear_courmettes_1_2023_09_29T06_17_44.txt,True,glare,"['glaretacherouge', 'soleilrefletslac']",[]
images/pyronear_salaunes_2_4_2023_08_19T05_33_03.jpg,labels/pyronear_salaunes_2_4_2023_08_19T05_33_03.txt,True,tuyau,['tuyau'],[]
images/pyronear_courmettes_2_2023_10_27T07_27_18.jpg,labels/pyronear_courmettes_2_2023_10_27T07_27_18.txt,True,glare,['glare'],[]
images/pyronear_courmettes_4_2023_11_02T11_05_10.jpg,labels/pyronear_courmettes_4_2023_11_02T11_05_10.txt,True,arbre,['arbre'],['brume']
images/pyronear_marguerite_3_2023_06_09T08_52_33.jpg,labels/pyronear_marguerite_3_2023_06_09T08_52_33.txt,True,arbre,['arbre'],['brume']
images/pyronear_marguerite_1_2023_09_06T18_12_07.jpg,labels/pyronear_marguerite_1_2023_09_06T18_12_07.txt,True,soleil,['soleil'],[]
images/pyronear_courmettes_2_2023_10_26T06_50_20.jpg,labels/pyronear_courmettes_2_2023_10_26T06_50_20.txt,True,glare,['glare'],[]
images/pyronear_courmettes_1_2023_11_03T05_49_19.jpg,labels/pyronear_courmettes_1_2023_11_03T05_49_19.txt,True,zonenoire,['zonenoire'],['soleilcouchant']
images/pyronear_cabanelle_1_2023_10_13T08_53_03.jpg,labels/pyronear_cabanelle_1_2023_10_13T08_53_03.txt,True,grosnuages,['grosnuages'],[]
images/pyronear_cabanelle_1_2023_10_09T13_55_14.jpg,labels/pyronear_cabanelle_1_2023_10_09T13_55_14.txt,True,nuagesbas,['nuagesbas'],[]
images/pyronear_brison_4_2023_10_28T07_32_09.jpg,labels/pyronear_brison_4_2023_10_28T07_32_09.txt,True,nuagesbas,['nuagesbas'],[]
images/pyronear_cabanelle_1_2023_10_13T09_43_34.jpg,labels/pyronear_cabanelle_1_2023_10_13T09_43_34.txt,True,grosnuages,['grosnuages'],[]
images/pyronear_courmettes_1_2023_11_07T12_55_43.jpg,labels/pyronear_courmettes_1_2023_11_07T12_55_43.txt,True,nuagesbas,['nuagesbas'],[]
images/pyronear_ferion_2_2023_11_06T06_46_08.jpg,labels/pyronear_ferion_2_2023_11_06T06_46_08.txt,True,glare,"['glare', 'tache']",[]
images/pyronear_valbonne_3_2023_09_28T17_42_10.jpg,labels/pyronear_valbonne_3_2023_09_28T17_42_10.txt,True,batiment,['batimentloin'],['soleilcouchant']
images/pyronear_marguerite_1_2023_09_08T16_12_29.jpg,labels/pyronear_marguerite_1_2023_09_08T16_12_29.txt,True,glare,['glare'],[]
images/pyronear_valbonne_2_2023_11_06T15_31_45.jpg,labels/pyronear_valbonne_2_2023_11_06T15_31_45.txt,True,nuagesbas,['nuagesbas'],[]
images/pyronear_cabanelle_1_2023_10_13T09_08_33.jpg,labels/pyronear_cabanelle_1_2023_10_13T09_08_33.txt,True,grosnuages,['grosnuages'],[]
images/pyronear_brison_3_2023_09_25T18_01_07.jpg,labels/pyronear_brison_3_2023_09_25T18_01_07.txt,True,glare,['glareptrouge'],['soleilcouchant']
images/pyronear_marguerite_1_2023_08_11T15_31_43.jpg,labels/pyronear_marguerite_1_2023_08_11T15_31_43.txt,True,soleil,['soleilrayons'],[]
images/pyronear_courmettes_1_2023_09_29T06_09_44.jpg,labels/pyronear_courmettes_1_2023_09_29T06_09_44.txt,True,glare,"['glaretacherouge', 'soleilrefletslac']",[]
images/pyronear_brison_2_2023_10_30T07_25_11.jpg,labels/pyronear_brison_2_2023_10_30T07_25_11.txt,True,brume,"['batiment', 'brume']",['brume']
images/pyronear_marguerite_3_2023_09_18T07_45_54.jpg,labels/pyronear_marguerite_3_2023_09_18T07_45_54.txt,True,arbre,['arbre'],['brume']
images/pyronear_brison_4_2023_08_17T07_54_17.jpg,labels/pyronear_brison_4_2023_08_17T07_54_17.txt,True,grosnuages,['grosnuages'],"['insecte', 'tache']"
images/pyronear_cabanelle_2_2023_10_01T06_47_36.jpg,labels/pyronear_cabanelle_2_2023_10_01T06_47_36.txt,True,soleil,"['refletslac', 'soleil']",[]
images/pyronear_courmettes_1_2023_09_27T05_34_02.jpg,labels/pyronear_courmettes_1_2023_09_27T05_34_02.txt,True,soleil,['soleil'],[]
images/pyronear_cabanelle_1_2023_10_13T08_21_01.jpg,labels/pyronear_cabanelle_1_2023_10_13T08_21_01.txt,True,grosnuages,['grosnuages'],[]
images/pyronear_valbonne_3_2023_10_13T17_16_52.jpg,labels/pyronear_valbonne_3_2023_10_13T17_16_52.txt,True,batiment,['batimentloin'],['soleilcouchant']
images/pyronear_ferion_2_2023_10_17T14_29_36.jpg,labels/pyronear_ferion_2_2023_10_17T14_29_36.txt,True,nuagesbas,['nuagesbas'],['brume']
images/pyronear_ferion_3_2023_10_20T13_25_16.jpg,labels/pyronear_ferion_3_2023_10_20T13_25_16.txt,True,brume,['brume'],[]
images/pyronear_marguerite_1_2023_08_22T15_56_48.jpg,labels/pyronear_marguerite_1_2023_08_22T15_56_48.txt,True,soleil,['soleilrayons'],[]
images/pyronear_marguerite_4_2023_09_21T06_47_55.jpg,labels/pyronear_marguerite_4_2023_09_21T06_47_55.txt,True,tache,"['batiment', 'tache']","['brume', 'pluie']"
images/pyronear_marguerite_1_2023_09_10T16_11_43.jpg,labels/pyronear_marguerite_1_2023_09_10T16_11_43.txt,True,glare,['glare'],[]
images/pyronear_marguerite_1_2023_09_13T16_53_41.jpg,labels/pyronear_marguerite_1_2023_09_13T16_53_41.txt,True,soleil,['soleilrayons'],[]
images/pyronear_courmettes_1_2023_11_07T12_52_44.jpg,labels/pyronear_courmettes_1_2023_11_07T12_52_44.txt,True,nuagesbas,['nuagesbas'],[]
images/pyronear_marguerite_4_2023_09_18T08_09_29.jpg,labels/pyronear_marguerite_4_2023_09_18T08_09_29.txt,True,tache,"['batiment', 'tache']","['brume', 'pluie']"
images/pyronear_marguerite_1_2023_09_13T16_34_19.jpg,labels/pyronear_marguerite_1_2023_09_13T16_34_19.txt,True,soleil,['soleilrayons'],[]
images/pyronear_brison_2_2023_10_19T09_16_38.jpg,labels/pyronear_brison_2_2023_10_19T09_16_38.txt,True,brume,"['batiment', 'brume']",['brume']
images/pyronear_valbonne_2_2023_11_05T14_49_35.jpg,labels/pyronear_valbonne_2_2023_11_05T14_49_35.txt,True,nuagesbas,['nuagesbas'],[]
images/pyronear_valbonne_4_2023_11_06T06_14_03.jpg,labels/pyronear_valbonne_4_2023_11_06T06_14_03.txt,True,soleil,['soleil'],['batiment']
images/pyronear_valbonne_3_2023_09_28T17_43_10.jpg,labels/pyronear_valbonne_3_2023_09_28T17_43_10.txt,True,batiment,['batimentloin'],['soleilcouchant']
images/pyronear_brison_4_2023_07_09T19_01_42.jpg,labels/pyronear_brison_4_2023_07_09T19_01_42.txt,True,glare,['glare'],[]
images/pyronear_brison_2_2023_10_30T07_47_54.jpg,labels/pyronear_brison_2_2023_10_30T07_47_54.txt,True,brume,"['batiment', 'brume']",['brume']
images/pyronear_courmettes_1_2023_11_07T13_58_46.jpg,labels/pyronear_courmettes_1_2023_11_07T13_58_46.txt,True,nuagesbas,['nuagesbas'],[]
images/pyronear_marguerite_3_2023_09_18T10_27_40.jpg,labels/pyronear_marguerite_3_2023_09_18T10_27_40.txt,True,arbre,['arbre'],['brume']
images/pyronear_salaunes_2_1_2023_10_21T06_47_44.jpg,labels/pyronear_salaunes_2_1_2023_10_21T06_47_44.txt,True,grosnuages,['grosnuagesrefletssoleil'],[]
images/pyronear_valbonne_2_2023_11_05T15_12_36.jpg,labels/pyronear_valbonne_2_2023_11_05T15_12_36.txt,True,nuagesbas,['nuagesbas'],[]
images/pyronear_salaunes_2_1_2023_10_21T06_46_45.jpg,labels/pyronear_salaunes_2_1_2023_10_21T06_46_45.txt,True,grosnuages,['grosnuagesrefletssoleil'],[]
images/pyronear_courmettes_1_2023_09_26T04_53_12.jpg,labels/pyronear_courmettes_1_2023_09_26T04_53_12.txt,True,soleil,"['refletslac', 'soleil']",['soleilcouchant']
images/pyronear_brison_2_2023_10_02T05_44_48.jpg,labels/pyronear_brison_2_2023_10_02T05_44_48.txt,True,soleil,"['nuagesbas', 'soleil']",['batiment']
images/pyronear_marguerite_2_2023_10_27T17_02_49.jpg,labels/pyronear_marguerite_2_2023_10_27T17_02_49.txt,True,nuagesbas,['nuagesbas'],['soleilcouchant']
images/pyronear_brison_2_2023_09_21T06_51_21.jpg,labels/pyronear_brison_2_2023_09_21T06_51_21.txt,True,brume,"['batiment', 'brume']",['brume']
images/pyronear_marguerite_1_2023_07_30T16_27_01.jpg,labels/pyronear_marguerite_1_2023_07_30T16_27_01.txt,True,soleil,['soleilrayons'],[]
images/pyronear_cabanelle_2_2023_09_30T06_07_11.jpg,labels/pyronear_cabanelle_2_2023_09_30T06_07_11.txt,True,soleil,"['glare', 'refletslac', 'soleil', 'tacherouge']",[]
images/pyronear_valbonne_3_2023_09_29T17_47_26.jpg,labels/pyronear_valbonne_3_2023_09_29T17_47_26.txt,True,batiment,['batimentloin'],['soleilcouchant']
images/pyronear_brison_2_2023_10_19T08_35_06.jpg,labels/pyronear_brison_2_2023_10_19T08_35_06.txt,True,brume,"['batiment', 'brume']",['brume']
images/pyronear_brison_2_2023_10_27T07_39_28.jpg,labels/pyronear_brison_2_2023_10_27T07_39_28.txt,True,grosnuages,['grosnuages'],['batiment']
images/pyronear_valbonne_2_2023_11_05T15_21_07.jpg,labels/pyronear_valbonne_2_2023_11_05T15_21_07.txt,True,nuagesbas,['nuagesbas'],[]
images/pyronear_brison_2_2023_10_30T13_44_05.jpg,labels/pyronear_brison_2_2023_10_30T13_44_05.txt,True,brume,"['batiment', 'brume']",['brume']
images/pyronear_cabanelle_1_2023_10_13T08_40_32.jpg,labels/pyronear_cabanelle_1_2023_10_13T08_40_32.txt,True,grosnuages,['grosnuages'],[]
images/pyronear_valbonne_2_2023_11_05T14_58_06.jpg,labels/pyronear_valbonne_2_2023_11_05T14_58_06.txt,True,nuagesbas,['nuagesbas'],[]
images/pyronear_courmettes_1_2023_09_27T05_34_33.jpg,labels/pyronear_courmettes_1_2023_09_27T05_34_33.txt,True,soleil,['soleil'],[]
images/pyronear_courmettes_4_2023_11_02T09_35_06.jpg,labels/pyronear_courmettes_4_2023_11_02T09_35_06.txt,True,arbre,['arbre'],['brume']
images/pyronear_brison_2_2023_07_10T05_16_47.jpg,labels/pyronear_brison_2_2023_07_10T05_16_47.txt,True,glare,['glare'],[]
images/pyronear_cabanelle_1_2023_10_10T11_49_45.jpg,labels/pyronear_cabanelle_1_2023_10_10T11_49_45.txt,True,grosnuages,"['grosnuages', 'nuagesbas']",[]
images/pyronear_courmettes_1_2023_11_04T06_29_29.jpg,labels/pyronear_courmettes_1_2023_11_04T06_29_29.txt,True,glare,['glaresoleilptrouge'],['soleilcouchant']
images/pyronear_valbonne_2_2023_11_05T15_15_36.jpg,labels/pyronear_valbonne_2_2023_11_05T15_15_36.txt,True,nuagesbas,['nuagesbas'],[]
images/pyronear_salaunes_2_1_2023_11_05T10_22_50.jpg,labels/pyronear_salaunes_2_1_2023_11_05T10_22_50.txt,True,grosnuages,['grosnuagesrefletssoleil'],[]
images/pyronear_valbonne_4_2023_11_02T07_57_04.jpg,labels/pyronear_valbonne_4_2023_11_02T07_57_04.txt,True,nuagesbas,['nuagesbas'],[]
images/pyronear_cabanelle_1_2023_10_11T14_08_34.jpg,labels/pyronear_cabanelle_1_2023_10_11T14_08_34.txt,True,brume,['brume'],[]
images/pyronear_brison_2_2023_10_19T07_41_34.jpg,labels/pyronear_brison_2_2023_10_19T07_41_34.txt,True,brume,"['batiment', 'brume']",['brume']
images/pyronear_brison_2_2023_11_01T11_03_41.jpg,labels/pyronear_brison_2_2023_11_01T11_03_41.txt,True,brume,"['batiment', 'brume']",['brume']
images/pyronear_marguerite_2_2023_09_01T18_00_02.jpg,labels/pyronear_marguerite_2_2023_09_01T18_00_02.txt,True,nuagesbas,['nuagesbas'],['soleilcouchant']
images/pyronear_marguerite_1_2023_09_14T05_38_14.jpg,labels/pyronear_marguerite_1_2023_09_14T05_38_14.txt,True,grosnuages,['grosnuages'],[]
images/pyronear_brison_4_2023_08_17T09_55_50.jpg,labels/pyronear_brison_4_2023_08_17T09_55_50.txt,True,grosnuages,['grosnuages'],"['insecte', 'tache']"
images/pyronear_valbonne_2_2023_11_06T15_13_44.jpg,labels/pyronear_valbonne_2_2023_11_06T15_13_44.txt,True,nuagesbas,['nuagesbas'],[]
images/pyronear_courmettes_1_2023_09_29T06_04_16.jpg,labels/pyronear_courmettes_1_2023_09_29T06_04_16.txt,True,glare,"['glaretacherouge', 'soleilrefletslac']",[]
images/pyronear_cabanelle_1_2023_10_10T14_45_20.jpg,labels/pyronear_cabanelle_1_2023_10_10T14_45_20.txt,True,grosnuages,"['grosnuages', 'nuagesbas']",[]
images/pyronear_valbonne_2_2023_11_07T14_31_22.jpg,labels/pyronear_valbonne_2_2023_11_07T14_31_22.txt,True,nuagesbas,['nuagesbas'],[]
images/pyronear_cabanelle_1_2023_10_13T08_03_31.jpg,labels/pyronear_cabanelle_1_2023_10_13T08_03_31.txt,True,grosnuages,['grosnuages'],[]
images/pyronear_courmettes_2_2023_10_06T07_06_41.jpg,labels/pyronear_courmettes_2_2023_10_06T07_06_41.txt,True,soleil,['soleil'],[]
images/pyronear_ferion_2_2023_10_28T14_59_34.jpg,labels/pyronear_ferion_2_2023_10_28T14_59_34.txt,True,grosnuages,['grosnuages'],[]
images/pyronear_marguerite_1_2023_08_11T15_31_14.jpg,labels/pyronear_marguerite_1_2023_08_11T15_31_14.txt,True,soleil,['soleilrayons'],[]
images/pyronear_marguerite_1_2023_09_13T16_34_14.jpg,labels/pyronear_marguerite_1_2023_09_13T16_34_14.txt,True,soleil,['soleilrayons'],[]
images/pyronear_valbonne_2_2023_11_06T15_44_15.jpg,labels/pyronear_valbonne_2_2023_11_06T15_44_15.txt,True,nuagesbas,['nuagesbas'],[]
images/pyronear_brison_2_2023_09_21T09_18_28.jpg,labels/pyronear_brison_2_2023_09_21T09_18_28.txt,True,brume,"['batiment', 'brume']",['brume']
images/pyronear_marguerite_3_2023_09_18T08_23_56.jpg,labels/pyronear_marguerite_3_2023_09_18T08_23_56.txt,True,arbre,['arbre'],['brume']
images/pyronear_brison_2_2023_10_07T05_50_36.jpg,labels/pyronear_brison_2_2023_10_07T05_50_36.txt,True,soleil,"['nuagesbas', 'soleil']",['batiment']
images/pyronear_brison_2_2023_06_09T14_30_44.jpg,labels/pyronear_brison_2_2023_06_09T14_30_44.txt,True,nuagesbas,['nuagesbas'],['batiment']
images/pyronear_cabanelle_1_2023_10_11T11_08_50.jpg,labels/pyronear_cabanelle_1_2023_10_11T11_08_50.txt,True,brume,['brume'],[]
images/pyronear_marguerite_2_2023_09_24T17_38_15.jpg,labels/pyronear_marguerite_2_2023_09_24T17_38_15.txt,True,nuagesbas,['nuagesfiligranes'],[]
images/pyronear_courmettes_1_2023_11_07T13_46_16.jpg,labels/pyronear_courmettes_1_2023_11_07T13_46_16.txt,True,nuagesbas,['nuagesbas'],[]
images/pyronear_brison_2_2023_10_30T06_39_52.jpg,labels/pyronear_brison_2_2023_10_30T06_39_52.txt,True,brume,"['batiment', 'brume']",['brume']
images/pyronear_brison_2_2023_10_30T13_56_32.jpg,labels/pyronear_brison_2_2023_10_30T13_56_32.txt,True,brume,"['batiment', 'brume']",['brume']
images/pyronear_cabanelle_2_2023_10_02T06_00_34.jpg,labels/pyronear_cabanelle_2_2023_10_02T06_00_34.txt,True,soleil,"['glare', 'refletslac', 'soleil', 'tacherouge']",[]
images/pyronear_valbonne_2_2023_11_07T14_34_20.jpg,labels/pyronear_valbonne_2_2023_11_07T14_34_20.txt,True,nuagesbas,['nuagesbas'],[]
images/pyronear_brison_2_2023_06_08T06_05_03.jpg,labels/pyronear_brison_2_2023_06_08T06_05_03.txt,True,grosnuages,['grosnuages'],['batiment']
images/pyronear_brison_4_2023_08_17T08_07_20.jpg,labels/pyronear_brison_4_2023_08_17T08_07_20.txt,True,grosnuages,['grosnuages'],"['insecte', 'tache']"
images/pyronear_brison_3_2023_09_25T18_01_01.jpg,labels/pyronear_brison_3_2023_09_25T18_01_01.txt,True,glare,['glareptrouge'],['soleilcouchant']
images/pyronear_ferion_3_2023_10_20T13_28_42.jpg,labels/pyronear_ferion_3_2023_10_20T13_28_42.txt,True,brume,['brume'],[]
images/pyronear_marguerite_1_2023_09_14T16_16_07.jpg,labels/pyronear_marguerite_1_2023_09_14T16_16_07.txt,True,glare,['glaresoleilrayons'],[]
images/pyronear_brison_2_2023_10_19T09_16_37.jpg,labels/pyronear_brison_2_2023_10_19T09_16_37.txt,True,brume,"['batiment', 'brume']",['brume']
images/pyronear_brison_2_2023_06_09T13_20_12.jpg,labels/pyronear_brison_2_2023_06_09T13_20_12.txt,True,nuagesbas,['nuagesbas'],['batiment']
images/pyronear_courmettes_1_2023_11_07T13_16_45.jpg,labels/pyronear_courmettes_1_2023_11_07T13_16_45.txt,True,nuagesbas,['nuagesbas'],[]
images/pyronear_valbonne_2_2023_11_06T15_59_45.jpg,labels/pyronear_valbonne_2_2023_11_06T15_59_45.txt,True,nuagesbas,['nuagesbas'],[]
images/pyronear_courmettes_4_2023_11_02T09_44_07.jpg,labels/pyronear_courmettes_4_2023_11_02T09_44_07.txt,True,arbre,['arbre'],['brume']
images/pyronear_marguerite_1_2023_08_22T13_59_43.jpg,labels/pyronear_marguerite_1_2023_08_22T13_59_43.txt,True,soleil,['soleilrayons'],[]
images/pyronear_marguerite_2_2023_10_27T17_04_49.jpg,labels/pyronear_marguerite_2_2023_10_27T17_04_49.txt,True,nuagesbas,['nuagesbas'],['soleilcouchant']
images/pyronear_valbonne_4_2023_10_29T09_56_52.jpg,labels/pyronear_valbonne_4_2023_10_29T09_56_52.txt,True,nuagesbas,['nuagesbas'],[]
images/pyronear_brison_3_2023_10_07T17_30_14.jpg,labels/pyronear_brison_3_2023_10_07T17_30_14.txt,True,zonenoire,['zonenoire'],['soleilcouchant']
images/pyronear_valbonne_4_2023_11_01T16_44_05.jpg,labels/pyronear_valbonne_4_2023_11_01T16_44_05.txt,True,nuagesbas,['nuagesbas'],[]
images/pyronear_brison_3_2023_09_07T06_38_30.jpg,labels/pyronear_brison_3_2023_09_07T06_38_30.txt,True,montagne,['montagne'],[]
images/pyronear_salaunes_1_1_2023_11_03T15_26_08.jpg,labels/pyronear_salaunes_1_1_2023_11_03T15_26_08.txt,True,grosnuages,['grosnuages'],[]
images/pyronear_marguerite_3_2023_09_18T08_53_26.jpg,labels/pyronear_marguerite_3_2023_09_18T08_53_26.txt,True,arbre,['arbre'],['brume']
images/pyronear_valbonne_4_2023_10_08T05_53_55.jpg,labels/pyronear_valbonne_4_2023_10_08T05_53_55.txt,True,soleil,['soleil'],['batiment']
images/pyronear_marguerite_1_2023_09_09T16_12_07.jpg,labels/pyronear_marguerite_1_2023_09_09T16_12_07.txt,True,glare,['glare'],[]
images/pyronear_valbonne_4_2023_10_02T05_41_57.jpg,labels/pyronear_valbonne_4_2023_10_02T05_41_57.txt,True,soleil,['soleil'],['batiment']
images/pyronear_brison_2_2023_10_30T08_07_25.jpg,labels/pyronear_brison_2_2023_10_30T08_07_25.txt,True,brume,"['batiment', 'brume']",['brume']
images/pyronear_valbonne_2_2023_11_05T15_32_37.jpg,labels/pyronear_valbonne_2_2023_11_05T15_32_37.txt,True,nuagesbas,['nuagesbas'],[]
images/pyronear_brison_2_2023_10_30T08_31_06.jpg,labels/pyronear_brison_2_2023_10_30T08_31_06.txt,True,brume,"['batiment', 'brume']",['brume']
images/pyronear_valbonne_2_2023_11_06T15_45_45.jpg,labels/pyronear_valbonne_2_2023_11_06T15_45_45.txt,True,nuagesbas,['nuagesbas'],[]
images/pyronear_ferion_2_2023_10_28T15_12_35.jpg,labels/pyronear_ferion_2_2023_10_28T15_12_35.txt,True,grosnuages,['grosnuages'],[]
images/pyronear_cabanelle_1_2023_10_11T14_47_58.jpg,labels/pyronear_cabanelle_1_2023_10_11T14_47_58.txt,True,brume,['brume'],[]
images/pyronear_marguerite_3_2023_09_18T10_38_00.jpg,labels/pyronear_marguerite_3_2023_09_18T10_38_00.txt,True,arbre,['arbre'],['brume']
images/pyronear_brison_3_2023_09_30T15_27_52.jpg,labels/pyronear_brison_3_2023_09_30T15_27_52.txt,True,montagne,['montagne'],[]
images/pyronear_courmettes_4_2023_11_02T11_10_41.jpg,labels/pyronear_courmettes_4_2023_11_02T11_10_41.txt,True,arbre,['arbre'],['brume']
images/pyronear_ferion_4_2023_11_06T15_33_38.jpg,labels/pyronear_ferion_4_2023_11_06T15_33_38.txt,True,nuagesbas,['nuagesbas'],['soleilcouchant']
images/pyronear_cabanelle_1_2023_10_13T09_08_03.jpg,labels/pyronear_cabanelle_1_2023_10_13T09_08_03.txt,True,grosnuages,['grosnuages'],[]
images/pyronear_courmettes_1_2023_09_27T06_20_34.jpg,labels/pyronear_courmettes_1_2023_09_27T06_20_34.txt,True,soleil,"['glare', 'refletslac', 'soleil', 'tacherouge']",[]
images/pyronear_brison_2_2023_10_29T06_22_58.jpg,labels/pyronear_brison_2_2023_10_29T06_22_58.txt,True,brume,"['batiment', 'brume']",['brume']
images/pyronear_marguerite_4_2023_09_21T12_38_38.jpg,labels/pyronear_marguerite_4_2023_09_21T12_38_38.txt,True,tache,"['batiment', 'tache']","['brume', 'pluie']"
images/pyronear_brison_1_2023_07_24T16_51_39.jpg,labels/pyronear_brison_1_2023_07_24T16_51_39.txt,True,tache,['tachenoire'],[]
images/pyronear_courmettes_1_2023_11_04T06_27_59.jpg,labels/pyronear_courmettes_1_2023_11_04T06_27_59.txt,True,glare,['glaresoleilptrouge'],['soleilcouchant']
images/pyronear_brison_4_2023_08_17T07_29_42.jpg,labels/pyronear_brison_4_2023_08_17T07_29_42.txt,True,grosnuages,['grosnuages'],"['insecte', 'tache']"
images/pyronear_brison_3_2023_09_30T15_44_53.jpg,labels/pyronear_brison_3_2023_09_30T15_44_53.txt,True,montagne,['montagne'],[]
images/pyronear_brison_2_2023_09_21T08_54_25.jpg,labels/pyronear_brison_2_2023_09_21T08_54_25.txt,True,brume,"['batiment', 'brume']",['brume']
images/pyronear_courmettes_1_2023_11_03T06_28_50.jpg,labels/pyronear_courmettes_1_2023_11_03T06_28_50.txt,True,glare,['glaresoleilptrouge'],['soleilcouchant']
images/pyronear_brison_1_2023_07_11T04_17_12.jpg,labels/pyronear_brison_1_2023_07_11T04_17_12.txt,True,soleil,['soleil'],[]
images/pyronear_cabanelle_1_2023_10_11T14_51_58.jpg,labels/pyronear_cabanelle_1_2023_10_11T14_51_58.txt,True,brume,['brume'],[]
images/pyronear_brison_4_2023_07_09T19_00_10.jpg,labels/pyronear_brison_4_2023_07_09T19_00_10.txt,True,glare,['glare'],[]
images/pyronear_brison_2_2023_09_22T09_01_01.jpg,labels/pyronear_brison_2_2023_09_22T09_01_01.txt,True,nuagesbas,['nuagesbas'],['batiment']
images/pyronear_marguerite_4_2023_10_20T07_33_27.jpg,labels/pyronear_marguerite_4_2023_10_20T07_33_27.txt,True,batiment,['batiment'],"['brume', 'pluie']"
images/pyronear_marguerite_1_2023_09_06T18_10_06.jpg,labels/pyronear_marguerite_1_2023_09_06T18_10_06.txt,True,soleil,['soleil'],[]
images/pyronear_marguerite_3_2023_09_18T09_13_28.jpg,labels/pyronear_marguerite_3_2023_09_18T09_13_28.txt,True,arbre,['arbre'],['brume']
images/pyronear_valbonne_3_2023_10_20T16_11_21.jpg,labels/pyronear_valbonne_3_2023_10_20T16_11_21.txt,True,glare,['glare'],[]
images/pyronear_brison_3_2023_09_30T15_25_54.jpg,labels/pyronear_brison_3_2023_09_30T15_25_54.txt,True,montagne,['montagne'],[]
images/pyronear_ferion_3_2023_10_19T16_53_54.jpg,labels/pyronear_ferion_3_2023_10_19T16_53_54.txt,True,brume,['brume'],[]
images/pyronear_brison_3_2023_08_29T06_16_44.jpg,labels/pyronear_brison_3_2023_08_29T06_16_44.txt,True,montagne,['montagne'],[]
images/pyronear_salaunes_2_1_2023_10_21T07_01_47.jpg,labels/pyronear_salaunes_2_1_2023_10_21T07_01_47.txt,True,grosnuages,['grosnuagesrefletssoleil'],[]
images/pyronear_salaunes_2_1_2023_08_11T04_51_04.jpg,labels/pyronear_salaunes_2_1_2023_08_11T04_51_04.txt,True,arbre,['arbre'],['brume']
images/pyronear_brison_4_2023_10_29T12_40_47.jpg,labels/pyronear_brison_4_2023_10_29T12_40_47.txt,True,grosnuages,['grosnuages'],['brume']
images/pyronear_courmettes_1_2023_11_07T13_28_45.jpg,labels/pyronear_courmettes_1_2023_11_07T13_28_45.txt,True,nuagesbas,['nuagesbas'],[]
images/pyronear_courmettes_2_2023_10_26T06_59_50.jpg,labels/pyronear_courmettes_2_2023_10_26T06_59_50.txt,True,glare,['glare'],[]
images/pyronear_brison_1_2023_07_11T04_14_41.jpg,labels/pyronear_brison_1_2023_07_11T04_14_41.txt,True,soleil,['soleil'],[]
images/pyronear_courmettes_1_2023_09_27T05_38_32.jpg,labels/pyronear_courmettes_1_2023_09_27T05_38_32.txt,True,soleil,['soleil'],[]
images/pyronear_valbonne_4_2023_11_02T11_17_39.jpg,labels/pyronear_valbonne_4_2023_11_02T11_17_39.txt,True,nuagesbas,['nuagesbas'],[]
images/pyronear_brison_1_2023_09_13T06_22_13.jpg,labels/pyronear_brison_1_2023_09_13T06_22_13.txt,True,nuagesbas,['nuagesbas'],[]
images/pyronear_brison_2_2023_10_30T09_23_57.jpg,labels/pyronear_brison_2_2023_10_30T09_23_57.txt,True,brume,"['batiment', 'brume']",['brume']
images/pyronear_courmettes_1_2023_11_03T06_18_50.jpg,labels/pyronear_courmettes_1_2023_11_03T06_18_50.txt,True,glare,['glaresoleilptrouge'],['soleilcouchant']
images/pyronear_marguerite_4_2023_11_01T10_43_32.jpg,labels/pyronear_marguerite_4_2023_11_01T10_43_32.txt,True,batiment,['batiment'],"['brume', 'pluie']"
images/pyronear_marguerite_1_2023_09_15T17_08_39.jpg,labels/pyronear_marguerite_1_2023_09_15T17_08_39.txt,True,soleil,['soleilrayons'],[]
images/pyronear_ferion_3_2023_10_20T13_21_53.jpg,labels/pyronear_ferion_3_2023_10_20T13_21_53.txt,True,brume,['brume'],[]
images/pyronear_marguerite_2_2023_09_10T18_32_50.jpg,labels/pyronear_marguerite_2_2023_09_10T18_32_50.txt,True,nuagesbas,['nuagesbas'],['soleilcouchant']
images/pyronear_courmettes_4_2023_11_02T11_00_43.jpg,labels/pyronear_courmettes_4_2023_11_02T11_00_43.txt,True,arbre,['arbre'],['brume']
images/pyronear_brison_2_2023_11_01T11_06_03.jpg,labels/pyronear_brison_2_2023_11_01T11_06_03.txt,True,brume,"['batiment', 'brume']",['brume']
images/pyronear_courmettes_1_2023_11_03T06_23_50.jpg,labels/pyronear_courmettes_1_2023_11_03T06_23_50.txt,True,glare,['glaresoleilptrouge'],['soleilcouchant']
images/pyronear_valbonne_3_2023_10_20T11_04_10.jpg,labels/pyronear_valbonne_3_2023_10_20T11_04_10.txt,True,nuagesbas,['nuagesbas'],[]
images/pyronear_marguerite_2_2023_06_27T19_15_43.jpg,labels/pyronear_marguerite_2_2023_06_27T19_15_43.txt,True,soleil,['soleil'],[]
images/pyronear_valbonne_2_2023_11_06T15_12_14.jpg,labels/pyronear_valbonne_2_2023_11_06T15_12_14.txt,True,nuagesbas,['nuagesbas'],[]
images/pyronear_courmettes_4_2023_11_02T11_58_14.jpg,labels/pyronear_courmettes_4_2023_11_02T11_58_14.txt,True,arbre,['arbre'],['brume']
images/pyronear_courmettes_1_2023_11_07T06_31_30.jpg,labels/pyronear_courmettes_1_2023_11_07T06_31_30.txt,True,glare,['glaresoleilptrouge'],['soleilcouchant']
images/pyronear_brison_4_2023_10_28T07_35_09.jpg,labels/pyronear_brison_4_2023_10_28T07_35_09.txt,True,nuagesbas,['nuagesbas'],[]
images/pyronear_marguerite_1_2023_09_16T12_07_05.jpg,labels/pyronear_marguerite_1_2023_09_16T12_07_05.txt,True,nuagesbas,['nuagesbas'],[]
images/pyronear_brison_2_2023_09_21T08_20_51.jpg,labels/pyronear_brison_2_2023_09_21T08_20_51.txt,True,brume,"['batiment', 'brume']",['brume']
images/pyronear_courmettes_1_2023_11_07T13_05_44.jpg,labels/pyronear_courmettes_1_2023_11_07T13_05_44.txt,True,nuagesbas,['nuagesbas'],[]
images/pyronear_marguerite_1_2023_09_14T16_07_06.jpg,labels/pyronear_marguerite_1_2023_09_14T16_07_06.txt,True,glare,['glaresoleilrayons'],[]
images/pyronear_salaunes_1_4_2023_10_24T06_47_51.jpg,labels/pyronear_salaunes_1_4_2023_10_24T06_47_51.txt,True,grosnuages,['grosnuages'],[]
images/pyronear_marguerite_2_2023_09_10T18_35_20.jpg,labels/pyronear_marguerite_2_2023_09_10T18_35_20.txt,True,nuagesbas,['nuagesbas'],['soleilcouchant']
images/pyronear_marguerite_3_2023_09_18T07_02_23.jpg,labels/pyronear_marguerite_3_2023_09_18T07_02_23.txt,True,arbre,['arbre'],['brume']
images/pyronear_ferion_3_2023_10_19T15_46_21.jpg,labels/pyronear_ferion_3_2023_10_19T15_46_21.txt,True,brume,['brume'],[]
images/pyronear_salaunes_1_1_2023_11_03T15_28_35.jpg,labels/pyronear_salaunes_1_1_2023_11_03T15_28_35.txt,True,grosnuages,['grosnuages'],[]
images/pyronear_brison_4_2023_11_02T10_57_34.jpg,labels/pyronear_brison_4_2023_11_02T10_57_34.txt,True,nuagesbas,['nuagesbas'],[]
images/pyronear_valbonne_4_2023_10_29T08_59_49.jpg,labels/pyronear_valbonne_4_2023_10_29T08_59_49.txt,True,nuagesbas,['nuagesbas'],[]
images/pyronear_marguerite_1_2023_09_14T05_46_43.jpg,labels/pyronear_marguerite_1_2023_09_14T05_46_43.txt,True,grosnuages,['grosnuages'],[]
images/pyronear_brison_1_2023_09_13T06_23_45.jpg,labels/pyronear_brison_1_2023_09_13T06_23_45.txt,True,nuagesbas,['nuagesbas'],[]
images/pyronear_brison_3_2023_08_29T06_17_44.jpg,labels/pyronear_brison_3_2023_08_29T06_17_44.txt,True,montagne,['montagne'],[]
images/pyronear_brison_4_2023_10_29T10_18_43.jpg,labels/pyronear_brison_4_2023_10_29T10_18_43.txt,True,grosnuages,['grosnuages'],['brume']
images/pyronear_valbonne_4_2023_10_02T05_47_29.jpg,labels/pyronear_valbonne_4_2023_10_02T05_47_29.txt,True,soleil,['soleil'],['batiment']
images/pyronear_salaunes_2_1_2023_08_27T09_01_35.jpg,labels/pyronear_salaunes_2_1_2023_08_27T09_01_35.txt,True,grosnuages,['grosnuages'],[]
images/pyronear_valbonne_2_2023_11_06T15_52_46.jpg,labels/pyronear_valbonne_2_2023_11_06T15_52_46.txt,True,nuagesbas,['nuagesbas'],[]
images/pyronear_brison_1_2023_06_12T19_44_30.jpg,labels/pyronear_brison_1_2023_06_12T19_44_30.txt,True,nuagesbas,['nuagesbas'],[]
images/pyronear_salaunes_2_4_2023_08_19T05_05_31.jpg,labels/pyronear_salaunes_2_4_2023_08_19T05_05_31.txt,True,tuyau,['tuyau'],[]
images/pyronear_ferion_3_2023_10_19T16_52_23.jpg,labels/pyronear_ferion_3_2023_10_19T16_52_23.txt,True,brume,['brume'],[]
images/pyronear_courmettes_1_2023_09_28T05_59_34.jpg,labels/pyronear_courmettes_1_2023_09_28T05_59_34.txt,True,glare,['glaretache'],[]
images/pyronear_valbonne_4_2023_11_02T09_55_35.jpg,labels/pyronear_valbonne_4_2023_11_02T09_55_35.txt,True,nuagesbas,['nuagesbas'],[]
images/pyronear_brison_1_2023_06_15T04_02_19.jpg,labels/pyronear_brison_1_2023_06_15T04_02_19.txt,True,soleil,['soleil'],[]
images/pyronear_cabanelle_2_2023_09_30T06_04_41.jpg,labels/pyronear_cabanelle_2_2023_09_30T06_04_41.txt,True,soleil,"['glare', 'refletslac', 'soleil', 'tacherouge']",[]
images/pyronear_brison_2_2023_11_02T06_23_19.jpg,labels/pyronear_brison_2_2023_11_02T06_23_19.txt,True,brume,"['batiment', 'brume']",['brume']
images/pyronear_courmettes_1_2023_09_27T06_25_05.jpg,labels/pyronear_courmettes_1_2023_09_27T06_25_05.txt,True,soleil,"['glare', 'refletslac', 'soleil', 'tacherouge']",[]
images/pyronear_st_peray_1_2023_06_30T09_34_35.jpg,labels/pyronear_st_peray_1_2023_06_30T09_34_35.txt,True,nuagesbas,['nuagesbas'],[]
images/pyronear_salaunes_2_4_2023_08_17T04_45_39.jpg,labels/pyronear_salaunes_2_4_2023_08_17T04_45_39.txt,True,tuyau,['tuyau'],['tache']
images/pyronear_valbonne_4_2023_10_02T05_44_28.jpg,labels/pyronear_valbonne_4_2023_10_02T05_44_28.txt,True,soleil,"['glare', 'soleil']",['batiment']
images/pyronear_salaunes_2_4_2023_08_17T04_44_42.jpg,labels/pyronear_salaunes_2_4_2023_08_17T04_44_42.txt,True,tuyau,['tuyau'],['tache']
images/pyronear_valbonne_4_2023_10_02T05_57_27.jpg,labels/pyronear_valbonne_4_2023_10_02T05_57_27.txt,True,soleil,['soleil'],['batiment']
images/pyronear_ferion_3_2023_10_20T13_54_35.jpg,labels/pyronear_ferion_3_2023_10_20T13_54_35.txt,True,brume,['brume'],[]
images/pyronear_courmettes_2_2023_10_26T06_55_50.jpg,labels/pyronear_courmettes_2_2023_10_26T06_55_50.txt,True,glare,['glare'],[]
images/pyronear_ferion_2_2023_10_17T14_31_35.jpg,labels/pyronear_ferion_2_2023_10_17T14_31_35.txt,True,nuagesbas,['nuagesbas'],['brume']
images/pyronear_valbonne_4_2023_10_02T05_49_29.jpg,labels/pyronear_valbonne_4_2023_10_02T05_49_29.txt,True,soleil,['soleil'],['batiment']
images/pyronear_marguerite_1_2023_08_22T15_57_47.jpg,labels/pyronear_marguerite_1_2023_08_22T15_57_47.txt,True,soleil,['soleilrayons'],[]
images/pyronear_ferion_3_2023_10_20T13_28_48.jpg,labels/pyronear_ferion_3_2023_10_20T13_28_48.txt,True,brume,['brume'],[]
images/pyronear_marguerite_1_2023_09_16T12_06_57.jpg,labels/pyronear_marguerite_1_2023_09_16T12_06_57.txt,True,nuagesbas,['nuagesbas'],[]
images/pyronear_valbonne_3_2023_10_20T11_05_09.jpg,labels/pyronear_valbonne_3_2023_10_20T11_05_09.txt,True,nuagesbas,['nuagesbas'],[]
images/pyronear_valbonne_4_2023_10_02T05_54_57.jpg,labels/pyronear_valbonne_4_2023_10_02T05_54_57.txt,True,soleil,['soleil'],['batiment']
images/pyronear_salaunes_2_4_2023_08_17T04_44_40.jpg,labels/pyronear_salaunes_2_4_2023_08_17T04_44_40.txt,True,tuyau,['tuyau'],['tache']
images/pyronear_marguerite_1_2023_08_22T16_42_50.jpg,labels/pyronear_marguerite_1_2023_08_22T16_42_50.txt,True,soleil,['soleilrayons'],[]
images/pyronear_courmettes_1_2023_09_26T05_21_42.jpg,labels/pyronear_courmettes_1_2023_09_26T05_21_42.txt,True,soleil,['soleil'],[]
images/pyronear_brison_2_2023_10_30T07_38_24.jpg,labels/pyronear_brison_2_2023_10_30T07_38_24.txt,True,brume,"['batiment', 'brume']",['brume']
images/pyronear_valbonne_3_2023_10_20T11_13_11.jpg,labels/pyronear_valbonne_3_2023_10_20T11_13_11.txt,True,nuagesbas,['nuagesbas'],[]
images/pyronear_courmettes_1_2023_10_05T05_08_39.jpg,labels/pyronear_courmettes_1_2023_10_05T05_08_39.txt,True,nuagesbas,['nuagesfiligranes'],[]
images/pyronear_marguerite_2_2023_09_10T18_09_49.jpg,labels/pyronear_marguerite_2_2023_09_10T18_09_49.txt,True,nuagesbas,['nuagesbas'],['soleilcouchant']
images/pyronear_brison_1_2023_09_13T05_43_12.jpg,labels/pyronear_brison_1_2023_09_13T05_43_12.txt,True,nuagesbas,['nuagesbas'],[]
images/pyronear_valbonne_4_2023_11_02T09_36_37.jpg,labels/pyronear_valbonne_4_2023_11_02T09_36_37.txt,True,nuagesbas,['nuagesbas'],[]
images/pyronear_brison_2_2023_10_30T07_29_54.jpg,labels/pyronear_brison_2_2023_10_30T07_29_54.txt,True,brume,"['batiment', 'brume']",['brume']
images/pyronear_courmettes_4_2023_10_20T16_16_54.jpg,labels/pyronear_courmettes_4_2023_10_20T16_16_54.txt,True,grosnuages,['grosnuages'],"['antenne', 'soleilcontrejour']"
images/pyronear_brison_2_2023_10_30T06_38_51.jpg,labels/pyronear_brison_2_2023_10_30T06_38_51.txt,True,brume,"['batiment', 'brume']",['brume']
images/pyronear_marguerite_3_2023_09_18T05_50_15.jpg,labels/pyronear_marguerite_3_2023_09_18T05_50_15.txt,True,arbre,['arbre'],['brume']
images/pyronear_courmettes_4_2023_10_20T16_12_25.jpg,labels/pyronear_courmettes_4_2023_10_20T16_12_25.txt,True,grosnuages,['grosnuages'],"['antenne', 'soleilcontrejour']"
images/pyronear_courmettes_4_2023_10_20T16_11_55.jpg,labels/pyronear_courmettes_4_2023_10_20T16_11_55.txt,True,grosnuages,['grosnuages'],"['antenne', 'soleilcontrejour']"
images/pyronear_ferion_2_2023_10_28T15_12_05.jpg,labels/pyronear_ferion_2_2023_10_28T15_12_05.txt,True,grosnuages,['grosnuages'],[]
images/pyronear_valbonne_4_2023_10_29T07_49_48.jpg,labels/pyronear_valbonne_4_2023_10_29T07_49_48.txt,True,nuagesbas,['nuagesbas'],[]
images/pyronear_ferion_2_2023_10_24T15_54_33.jpg,labels/pyronear_ferion_2_2023_10_24T15_54_33.txt,True,grosnuages,['grosnuages'],[]
images/pyronear_valbonne_4_2023_10_02T06_03_26.jpg,labels/pyronear_valbonne_4_2023_10_02T06_03_26.txt,True,soleil,['soleil'],['batiment']
images/pyronear_marguerite_1_2023_08_22T13_30_19.jpg,labels/pyronear_marguerite_1_2023_08_22T13_30_19.txt,True,soleil,['soleilrayons'],[]
images/pyronear_ferion_3_2023_10_19T15_45_54.jpg,labels/pyronear_ferion_3_2023_10_19T15_45_54.txt,True,brume,['brume'],[]
images/pyronear_valbonne_2_2023_11_05T15_16_37.jpg,labels/pyronear_valbonne_2_2023_11_05T15_16_37.txt,True,nuagesbas,['nuagesbas'],[]
images/pyronear_brison_3_2023_09_07T06_28_00.jpg,labels/pyronear_brison_3_2023_09_07T06_28_00.txt,True,montagne,['montagne'],[]
images/pyronear_courmettes_1_2023_09_29T06_20_15.jpg,labels/pyronear_courmettes_1_2023_09_29T06_20_15.txt,True,glare,"['glaretacherouge', 'soleilrefletslac']",[]
images/pyronear_salaunes_1_4_2023_10_02T17_25_18.jpg,labels/pyronear_salaunes_1_4_2023_10_02T17_25_18.txt,True,glare,['glareptjaune'],[]
images/pyronear_valbonne_2_2023_11_05T16_17_08.jpg,labels/pyronear_valbonne_2_2023_11_05T16_17_08.txt,True,nuagesbas,['nuagesbas'],[]
images/pyronear_cabanelle_1_2023_10_10T14_48_20.jpg,labels/pyronear_cabanelle_1_2023_10_10T14_48_20.txt,True,grosnuages,"['grosnuages', 'nuagesbas']",[]
images/pyronear_marguerite_3_2023_09_18T05_41_16.jpg,labels/pyronear_marguerite_3_2023_09_18T05_41_16.txt,True,arbre,['arbre'],['brume']
images/pyronear_brison_2_2023_10_30T09_19_57.jpg,labels/pyronear_brison_2_2023_10_30T09_19_57.txt,True,brume,"['batiment', 'brume']",['brume']
images/pyronear_brison_2_2023_09_27T05_49_16.jpg,labels/pyronear_brison_2_2023_09_27T05_49_16.txt,True,glare,['glare'],[]
images/pyronear_marguerite_4_2023_09_16T08_20_01.jpg,labels/pyronear_marguerite_4_2023_09_16T08_20_01.txt,True,tache,"['batiment', 'tache']","['brume', 'pluie']"
images/pyronear_salaunes_2_4_2023_08_19T05_11_31.jpg,labels/pyronear_salaunes_2_4_2023_08_19T05_11_31.txt,True,tuyau,['tuyau'],[]
images/pyronear_ferion_3_2023_10_19T15_33_50.jpg,labels/pyronear_ferion_3_2023_10_19T15_33_50.txt,True,brume,['brume'],[]
images/pyronear_brison_3_2023_10_01T15_45_16.jpg,labels/pyronear_brison_3_2023_10_01T15_45_16.txt,True,montagne,['montagne'],[]
images/pyronear_valbonne_2_2023_11_06T15_43_14.jpg,labels/pyronear_valbonne_2_2023_11_06T15_43_14.txt,True,nuagesbas,['nuagesbas'],[]
images/pyronear_marguerite_3_2023_09_18T05_52_47.jpg,labels/pyronear_marguerite_3_2023_09_18T05_52_47.txt,True,arbre,['arbre'],['brume']
images/pyronear_valbonne_3_2023_09_28T17_47_39.jpg,labels/pyronear_valbonne_3_2023_09_28T17_47_39.txt,True,batiment,['batimentloin'],['soleilcouchant']
images/pyronear_brison_3_2023_09_07T06_28_10.jpg,labels/pyronear_brison_3_2023_09_07T06_28_10.txt,True,montagne,['montagne'],[]
images/pyronear_courmettes_1_2023_11_07T13_37_45.jpg,labels/pyronear_courmettes_1_2023_11_07T13_37_45.txt,True,nuagesbas,['nuagesbas'],[]
images/pyronear_marguerite_1_2023_09_09T16_15_07.jpg,labels/pyronear_marguerite_1_2023_09_09T16_15_07.txt,True,glare,['glare'],[]
images/pyronear_salaunes_2_4_2023_08_18T06_30_39.jpg,labels/pyronear_salaunes_2_4_2023_08_18T06_30_39.txt,True,tuyau,['tuyau'],[]
images/pyronear_valbonne_2_2023_11_05T14_46_35.jpg,labels/pyronear_valbonne_2_2023_11_05T14_46_35.txt,True,nuagesbas,['nuagesbas'],[]
images/pyronear_brison_2_2023_09_21T09_28_04.jpg,labels/pyronear_brison_2_2023_09_21T09_28_04.txt,True,brume,"['batiment', 'brume']",['brume']
images/pyronear_valbonne_4_2023_10_22T06_31_14.jpg,labels/pyronear_valbonne_4_2023_10_22T06_31_14.txt,True,soleil,['soleil'],['batiment']
images/pyronear_marguerite_1_2023_06_14T03_34_08.jpg,labels/pyronear_marguerite_1_2023_06_14T03_34_08.txt,True,nuagesbas,['nuagesbas'],['nuit']
images/pyronear_marguerite_1_2023_09_13T16_55_42.jpg,labels/pyronear_marguerite_1_2023_09_13T16_55_42.txt,True,soleil,['soleilrayons'],[]
images/pyronear_valbonne_2_2023_11_07T14_38_19.jpg,labels/pyronear_valbonne_2_2023_11_07T14_38_19.txt,True,nuagesbas,['nuagesbas'],[]
images/pyronear_ferion_2_2023_10_24T16_02_33.jpg,labels/pyronear_ferion_2_2023_10_24T16_02_33.txt,True,grosnuages,['grosnuages'],[]
images/pyronear_cabanelle_1_2023_10_13T08_59_02.jpg,labels/pyronear_cabanelle_1_2023_10_13T08_59_02.txt,True,grosnuages,['grosnuages'],[]
images/pyronear_marguerite_1_2023_08_22T15_12_17.jpg,labels/pyronear_marguerite_1_2023_08_22T15_12_17.txt,True,soleil,['soleilrayons'],[]
images/pyronear_brison_4_2023_06_28T18_59_05.jpg,labels/pyronear_brison_4_2023_06_28T18_59_05.txt,True,glare,['glare'],[]
images/pyronear_salaunes_1_1_2023_08_21T05_31_09.jpg,labels/pyronear_salaunes_1_1_2023_08_21T05_31_09.txt,True,glare,"['glaretacherouge', 'soleilrefletslac']",[]
images/pyronear_salaunes_2_1_2023_08_27T09_34_07.jpg,labels/pyronear_salaunes_2_1_2023_08_27T09_34_07.txt,True,grosnuages,['grosnuages'],[]
images/pyronear_brison_1_2023_08_19T04_54_03.jpg,labels/pyronear_brison_1_2023_08_19T04_54_03.txt,True,soleil,['soleil'],[]
images/pyronear_marguerite_1_2023_09_14T15_58_36.jpg,labels/pyronear_marguerite_1_2023_09_14T15_58_36.txt,True,glare,['glaresoleilrayons'],[]
images/pyronear_cabanelle_1_2023_10_10T15_29_22.jpg,labels/pyronear_cabanelle_1_2023_10_10T15_29_22.txt,True,grosnuages,"['grosnuages', 'nuagesbas']",[]
images/pyronear_cabanelle_1_2023_10_10T12_02_15.jpg,labels/pyronear_cabanelle_1_2023_10_10T12_02_15.txt,True,grosnuages,"['grosnuages', 'nuagesbas']",[]
images/pyronear_valbonne_3_2023_09_29T17_43_57.jpg,labels/pyronear_valbonne_3_2023_09_29T17_43_57.txt,True,batiment,['batimentloin'],['soleilcouchant']
images/pyronear_marguerite_1_2023_09_10T16_05_12.jpg,labels/pyronear_marguerite_1_2023_09_10T16_05_12.txt,True,glare,['glare'],[]
images/pyronear_courmettes_1_2023_09_27T06_25_04.jpg,labels/pyronear_courmettes_1_2023_09_27T06_25_04.txt,True,soleil,"['glare', 'refletslac', 'soleil', 'tacherouge']",[]
images/pyronear_marguerite_4_2023_10_29T13_26_45.jpg,labels/pyronear_marguerite_4_2023_10_29T13_26_45.txt,True,batiment,['batiment'],"['brume', 'pluie']"
images/pyronear_valbonne_2_2023_11_05T15_47_37.jpg,labels/pyronear_valbonne_2_2023_11_05T15_47_37.txt,True,nuagesbas,['nuagesbas'],[]
images/pyronear_st_peray_1_2023_07_21T08_40_59.jpg,labels/pyronear_st_peray_1_2023_07_21T08_40_59.txt,True,grosnuages,['grosnuages'],[]
images/pyronear_marguerite_4_2023_10_24T11_38_48.jpg,labels/pyronear_marguerite_4_2023_10_24T11_38_48.txt,True,nuagesbas,['nuagesbas'],[]
images/pyronear_brison_2_2023_10_27T07_40_13.jpg,labels/pyronear_brison_2_2023_10_27T07_40_13.txt,True,grosnuages,['grosnuages'],['batiment']
images/pyronear_courmettes_1_2023_11_04T06_28_29.jpg,labels/pyronear_courmettes_1_2023_11_04T06_28_29.txt,True,glare,['glaresoleilptrouge'],['soleilcouchant']
images/pyronear_marguerite_1_2023_08_22T16_44_19.jpg,labels/pyronear_marguerite_1_2023_08_22T16_44_19.txt,True,soleil,['soleilrayons'],[]
images/pyronear_cabanelle_1_2023_10_13T08_23_02.jpg,labels/pyronear_cabanelle_1_2023_10_13T08_23_02.txt,True,grosnuages,['grosnuages'],[]
images/pyronear_courmettes_4_2023_11_02T09_16_38.jpg,labels/pyronear_courmettes_4_2023_11_02T09_16_38.txt,True,arbre,['arbre'],['brume']
images/pyronear_marguerite_1_2023_09_08T16_12_58.jpg,labels/pyronear_marguerite_1_2023_09_08T16_12_58.txt,True,glare,['glare'],[]
images/pyronear_brison_2_2023_10_30T13_51_30.jpg,labels/pyronear_brison_2_2023_10_30T13_51_30.txt,True,brume,"['batiment', 'brume']",['brume']
images/pyronear_brison_4_2023_10_28T05_58_52.jpg,labels/pyronear_brison_4_2023_10_28T05_58_52.txt,True,nuagesbas,['nuagesbas'],[]
images/pyronear_marguerite_3_2023_09_18T05_47_16.jpg,labels/pyronear_marguerite_3_2023_09_18T05_47_16.txt,True,arbre,['arbre'],['brume']
images/pyronear_salaunes_1_2_2023_07_20T09_04_01.jpg,labels/pyronear_salaunes_1_2_2023_07_20T09_04_01.txt,True,grosnuages,['grosnuages'],[]
images/pyronear_brison_1_2023_06_13T05_56_31.jpg,labels/pyronear_brison_1_2023_06_13T05_56_31.txt,True,grosnuages,['grosnuages'],[]
images/pyronear_cabanelle_1_2023_10_11T14_53_28.jpg,labels/pyronear_cabanelle_1_2023_10_11T14_53_28.txt,True,brume,['brume'],[]
images/pyronear_ferion_2_2023_10_29T15_34_38.jpg,labels/pyronear_ferion_2_2023_10_29T15_34_38.txt,True,grosnuages,['grosnuages'],[]
images/pyronear_valbonne_4_2023_10_01T05_50_16.jpg,labels/pyronear_valbonne_4_2023_10_01T05_50_16.txt,True,soleil,['soleil'],['batiment']
images/pyronear_brison_4_2023_08_17T07_34_42.jpg,labels/pyronear_brison_4_2023_08_17T07_34_42.txt,True,grosnuages,['grosnuages'],"['insecte', 'tache']"
images/pyronear_courmettes_4_2023_10_20T16_00_54.jpg,labels/pyronear_courmettes_4_2023_10_20T16_00_54.txt,True,grosnuages,['grosnuages'],"['antenne', 'soleilcontrejour']"
images/pyronear_courmettes_4_2023_10_03T17_12_54.jpg,labels/pyronear_courmettes_4_2023_10_03T17_12_54.txt,True,nuagesbas,['nuagesbas'],"['antenne', 'soleilcouchant']"
images/pyronear_valbonne_2_2023_11_05T14_32_35.jpg,labels/pyronear_valbonne_2_2023_11_05T14_32_35.txt,True,nuagesbas,['nuagesbas'],[]
images/pyronear_courmettes_1_2023_11_07T12_31_13.jpg,labels/pyronear_courmettes_1_2023_11_07T12_31_13.txt,True,nuagesbas,['nuagesbas'],[]
images/pyronear_brison_2_2023_10_19T07_49_04.jpg,labels/pyronear_brison_2_2023_10_19T07_49_04.txt,True,brume,"['batiment', 'brume']",['brume']
images/pyronear_brison_2_2023_09_21T08_49_32.jpg,labels/pyronear_brison_2_2023_09_21T08_49_32.txt,True,brume,"['batiment', 'brume']",['brume']
images/pyronear_courmettes_1_2023_11_07T06_26_30.jpg,labels/pyronear_courmettes_1_2023_11_07T06_26_30.txt,True,glare,['glaresoleilptrouge'],['soleilcouchant']
images/pyronear_marguerite_1_2023_09_18T16_02_19.jpg,labels/pyronear_marguerite_1_2023_09_18T16_02_19.txt,True,glare,['glare'],[]
images/pyronear_marguerite_4_2023_10_20T07_36_26.jpg,labels/pyronear_marguerite_4_2023_10_20T07_36_26.txt,True,batiment,['batiment'],"['brume', 'pluie']"
images/pyronear_ferion_3_2023_10_18T07_18_47.jpg,labels/pyronear_ferion_3_2023_10_18T07_18_47.txt,True,brume,['brume'],[]
images/pyronear_cabanelle_1_2023_10_13T09_12_33.jpg,labels/pyronear_cabanelle_1_2023_10_13T09_12_33.txt,True,grosnuages,['grosnuages'],[]
images/pyronear_brison_2_2023_08_27T09_01_35.jpg,labels/pyronear_brison_2_2023_08_27T09_01_35.txt,True,grosnuages,['grosnuages'],['batiment']
images/pyronear_cabanelle_1_2023_10_10T11_46_45.jpg,labels/pyronear_cabanelle_1_2023_10_10T11_46_45.txt,True,grosnuages,"['grosnuages', 'nuagesbas']",[]
images/pyronear_marguerite_3_2023_09_18T09_32_28.jpg,labels/pyronear_marguerite_3_2023_09_18T09_32_28.txt,True,arbre,['arbre'],['brume']
images/pyronear_salaunes_1_4_2023_10_05T17_14_17.jpg,labels/pyronear_salaunes_1_4_2023_10_05T17_14_17.txt,True,glare,['glareptjaune'],[]
images/pyronear_brison_2_2023_10_19T09_37_37.jpg,labels/pyronear_brison_2_2023_10_19T09_37_37.txt,True,brume,"['batiment', 'brume']",['brume']
images/pyronear_brison_1_2023_06_10T18_02_40.jpg,labels/pyronear_brison_1_2023_06_10T18_02_40.txt,True,nuagesbas,['nuagesbas'],[]
images/pyronear_cabanelle_1_2023_10_13T08_37_02.jpg,labels/pyronear_cabanelle_1_2023_10_13T08_37_02.txt,True,grosnuages,['grosnuages'],[]
images/pyronear_courmettes_4_2023_10_19T09_41_16.jpg,labels/pyronear_courmettes_4_2023_10_19T09_41_16.txt,True,arbre,['arbre'],['brume']
images/pyronear_cabanelle_1_2023_10_10T11_39_15.jpg,labels/pyronear_cabanelle_1_2023_10_10T11_39_15.txt,True,grosnuages,"['grosnuages', 'nuagesbas']",[]
images/pyronear_marguerite_1_2023_09_14T16_03_05.jpg,labels/pyronear_marguerite_1_2023_09_14T16_03_05.txt,True,glare,['glaresoleilrayons'],[]
images/pyronear_marguerite_2_2023_10_27T17_02_20.jpg,labels/pyronear_marguerite_2_2023_10_27T17_02_20.txt,True,nuagesbas,['nuagesbas'],['soleilcouchant']
images/pyronear_valbonne_2_2023_11_06T15_17_44.jpg,labels/pyronear_valbonne_2_2023_11_06T15_17_44.txt,True,nuagesbas,['nuagesbas'],[]
images/pyronear_valbonne_2_2023_11_05T16_11_38.jpg,labels/pyronear_valbonne_2_2023_11_05T16_11_38.txt,True,nuagesbas,['nuagesbas'],[]
images/pyronear_courmettes_1_2023_09_26T05_23_13.jpg,labels/pyronear_courmettes_1_2023_09_26T05_23_13.txt,True,soleil,['soleil'],[]
images/pyronear_brison_2_2023_10_30T07_26_25.jpg,labels/pyronear_brison_2_2023_10_30T07_26_25.txt,True,brume,"['batiment', 'brume']",['brume']
images/pyronear_brison_2_2023_09_21T11_02_21.jpg,labels/pyronear_brison_2_2023_09_21T11_02_21.txt,True,brume,"['batiment', 'brume']",['brume']
images/pyronear_brison_1_2023_06_13T05_50_50.jpg,labels/pyronear_brison_1_2023_06_13T05_50_50.txt,True,grosnuages,['grosnuages'],[]
images/pyronear_cabanelle_1_2023_10_13T09_41_34.jpg,labels/pyronear_cabanelle_1_2023_10_13T09_41_34.txt,True,grosnuages,['grosnuages'],[]
images/pyronear_courmettes_2_2023_10_26T06_52_19.jpg,labels/pyronear_courmettes_2_2023_10_26T06_52_19.txt,True,glare,['glare'],[]
images/pyronear_ferion_2_2023_10_17T14_55_07.jpg,labels/pyronear_ferion_2_2023_10_17T14_55_07.txt,True,nuagesbas,['nuagesbas'],['brume']
images/pyronear_ferion_2_2023_10_28T15_01_05.jpg,labels/pyronear_ferion_2_2023_10_28T15_01_05.txt,True,grosnuages,['grosnuages'],[]
images/pyronear_cabanelle_1_2023_10_11T06_46_57.jpg,labels/pyronear_cabanelle_1_2023_10_11T06_46_57.txt,True,brume,['brume'],[]
images/pyronear_courmettes_1_2023_11_04T06_31_59.jpg,labels/pyronear_courmettes_1_2023_11_04T06_31_59.txt,True,glare,['glaresoleilptrouge'],['soleilcouchant']
images/pyronear_brison_2_2023_09_18T08_32_25.jpg,labels/pyronear_brison_2_2023_09_18T08_32_25.txt,True,brume,"['batiment', 'brume']",['brume']
images/pyronear_marguerite_1_2023_09_14T11_30_30.jpg,labels/pyronear_marguerite_1_2023_09_14T11_30_30.txt,True,nuagesbas,['nuagesbas'],[]
images/pyronear_brison_2_2023_08_27T09_15_34.jpg,labels/pyronear_brison_2_2023_08_27T09_15_34.txt,True,grosnuages,['grosnuages'],['batiment']
images/pyronear_brison_2_2023_09_21T06_14_50.jpg,labels/pyronear_brison_2_2023_09_21T06_14_50.txt,True,brume,"['batiment', 'brume']",['brume']
images/pyronear_salaunes_1_2_2023_09_30T11_25_34.jpg,labels/pyronear_salaunes_1_2_2023_09_30T11_25_34.txt,True,glare,['glare'],[]
images/pyronear_brison_2_2023_10_19T08_34_36.jpg,labels/pyronear_brison_2_2023_10_19T08_34_36.txt,True,brume,"['batiment', 'brume']",['brume']
images/pyronear_brison_4_2023_07_09T18_58_11.jpg,labels/pyronear_brison_4_2023_07_09T18_58_11.txt,True,glare,['glare'],[]
images/pyronear_valbonne_2_2023_11_05T15_34_07.jpg,labels/pyronear_valbonne_2_2023_11_05T15_34_07.txt,True,nuagesbas,['nuagesbas'],[]
images/pyronear_marguerite_3_2023_09_18T09_06_28.jpg,labels/pyronear_marguerite_3_2023_09_18T09_06_28.txt,True,arbre,['arbre'],['brume']
images/pyronear_cabanelle_1_2023_10_11T15_16_29.jpg,labels/pyronear_cabanelle_1_2023_10_11T15_16_29.txt,True,brume,['brume'],[]
images/pyronear_valbonne_4_2023_10_01T06_07_16.jpg,labels/pyronear_valbonne_4_2023_10_01T06_07_16.txt,True,soleil,['soleil'],['batiment']
images/pyronear_marguerite_1_2023_09_05T18_01_10.jpg,labels/pyronear_marguerite_1_2023_09_05T18_01_10.txt,True,soleil,['soleil'],[]
images/pyronear_ferion_2_2023_10_28T15_01_35.jpg,labels/pyronear_ferion_2_2023_10_28T15_01_35.txt,True,grosnuages,['grosnuages'],[]
images/pyronear_st_peray_1_2023_06_10T09_33_21.jpg,labels/pyronear_st_peray_1_2023_06_10T09_33_21.txt,True,grosnuages,['grosnuages'],[]
images/pyronear_brison_2_2023_06_09T14_30_17.jpg,labels/pyronear_brison_2_2023_06_09T14_30_17.txt,True,nuagesbas,['nuagesbas'],['batiment']
images/pyronear_cabanelle_1_2023_10_11T11_06_52.jpg,labels/pyronear_cabanelle_1_2023_10_11T11_06_52.txt,True,brume,['brume'],[]
images/pyronear_cabanelle_1_2023_10_13T09_43_04.jpg,labels/pyronear_cabanelle_1_2023_10_13T09_43_04.txt,True,grosnuages,['grosnuages'],[]
images/pyronear_marguerite_4_2023_06_09T13_51_45.jpg,labels/pyronear_marguerite_4_2023_06_09T13_51_45.txt,True,tache,"['batiment', 'tache']","['brume', 'pluie']"
images/pyronear_brison_2_2023_09_24T06_03_27.jpg,labels/pyronear_brison_2_2023_09_24T06_03_27.txt,True,glare,['glare'],[]
images/pyronear_salaunes_1_1_2023_08_05T05_20_50.jpg,labels/pyronear_salaunes_1_1_2023_08_05T05_20_50.txt,True,glare,['glareptjaune'],[]
images/pyronear_courmettes_1_2023_11_04T06_26_00.jpg,labels/pyronear_courmettes_1_2023_11_04T06_26_00.txt,True,glare,['glaresoleilptrouge'],['soleilcouchant']
images/pyronear_ferion_2_2023_10_28T16_21_07.jpg,labels/pyronear_ferion_2_2023_10_28T16_21_07.txt,True,grosnuages,['grosnuages'],[]
images/pyronear_brison_1_2023_06_10T05_45_16.jpg,labels/pyronear_brison_1_2023_06_10T05_45_16.txt,True,grosnuages,['grosnuages'],[]
images/pyronear_marguerite_4_2023_09_21T06_47_57.jpg,labels/pyronear_marguerite_4_2023_09_21T06_47_57.txt,True,tache,"['batiment', 'tache']","['brume', 'pluie']"
images/pyronear_salaunes_1_2_2023_08_15T08_16_22.jpg,labels/pyronear_salaunes_1_2_2023_08_15T08_16_22.txt,True,pluie,['pluie'],[]
images/pyronear_cabanelle_1_2023_10_11T15_17_59.jpg,labels/pyronear_cabanelle_1_2023_10_11T15_17_59.txt,True,brume,['brume'],[]
images/pyronear_brison_1_2023_09_13T05_43_15.jpg,labels/pyronear_brison_1_2023_09_13T05_43_15.txt,True,nuagesbas,['nuagesbas'],[]
images/pyronear_brison_2_2023_09_21T08_22_31.jpg,labels/pyronear_brison_2_2023_09_21T08_22_31.txt,True,brume,"['batiment', 'brume']",['brume']
images/pyronear_courmettes_1_2023_09_27T05_30_34.jpg,labels/pyronear_courmettes_1_2023_09_27T05_30_34.txt,True,soleil,['soleil'],[]
images/pyronear_brison_2_2023_09_22T08_41_34.jpg,labels/pyronear_brison_2_2023_09_22T08_41_34.txt,True,nuagesbas,['nuagesbas'],['batiment']
images/pyronear_salaunes_2_1_2023_08_11T04_50_34.jpg,labels/pyronear_salaunes_2_1_2023_08_11T04_50_34.txt,True,arbre,['arbre'],['brume']
images/pyronear_courmettes_4_2023_10_03T17_28_25.jpg,labels/pyronear_courmettes_4_2023_10_03T17_28_25.txt,True,nuagesbas,['nuagesbas'],"['antenne', 'soleilcouchant']"
images/pyronear_brison_1_2023_06_13T05_57_27.jpg,labels/pyronear_brison_1_2023_06_13T05_57_27.txt,True,grosnuages,['grosnuages'],[]
images/pyronear_brison_4_2023_06_12T12_04_33.jpg,labels/pyronear_brison_4_2023_06_12T12_04_33.txt,True,nuagesbas,['nuagesbas'],['brume']
images/pyronear_valbonne_2_2023_11_06T15_34_15.jpg,labels/pyronear_valbonne_2_2023_11_06T15_34_15.txt,True,nuagesbas,['nuagesbas'],[]
images/pyronear_cabanelle_1_2023_10_13T09_09_33.jpg,labels/pyronear_cabanelle_1_2023_10_13T09_09_33.txt,True,grosnuages,['grosnuages'],[]
images/pyronear_brison_3_2023_09_22T05_11_09.jpg,labels/pyronear_brison_3_2023_09_22T05_11_09.txt,True,nuagesbas,['nuagesbas'],['nuit']
images/pyronear_courmettes_1_2023_11_07T06_29_00.jpg,labels/pyronear_courmettes_1_2023_11_07T06_29_00.txt,True,glare,['glaresoleilptrouge'],['soleilcouchant']
images/pyronear_brison_2_2023_07_10T05_14_47.jpg,labels/pyronear_brison_2_2023_07_10T05_14_47.txt,True,glare,['glare'],[]
images/pyronear_marguerite_4_2023_10_29T13_25_46.jpg,labels/pyronear_marguerite_4_2023_10_29T13_25_46.txt,True,batiment,['batiment'],"['brume', 'pluie']"
images/pyronear_cabanelle_1_2023_10_10T14_56_21.jpg,labels/pyronear_cabanelle_1_2023_10_10T14_56_21.txt,True,grosnuages,"['grosnuages', 'nuagesbas']",[]
images/pyronear_marguerite_4_2023_10_29T12_07_16.jpg,labels/pyronear_marguerite_4_2023_10_29T12_07_16.txt,True,batiment,['batiment'],"['brume', 'pluie']"
images/pyronear_marguerite_1_2023_09_18T16_08_05.jpg,labels/pyronear_marguerite_1_2023_09_18T16_08_05.txt,True,glare,['glare'],[]
images/pyronear_brison_2_2023_10_19T09_33_38.jpg,labels/pyronear_brison_2_2023_10_19T09_33_38.txt,True,brume,"['batiment', 'brume']",['brume']
images/pyronear_marguerite_3_2023_09_18T07_46_25.jpg,labels/pyronear_marguerite_3_2023_09_18T07_46_25.txt,True,arbre,['arbre'],['brume']
images/pyronear_marguerite_4_2023_10_29T13_13_15.jpg,labels/pyronear_marguerite_4_2023_10_29T13_13_15.txt,True,batiment,['batiment'],"['brume', 'pluie']"
images/pyronear_valbonne_4_2023_10_29T09_46_55.jpg,labels/pyronear_valbonne_4_2023_10_29T09_46_55.txt,True,nuagesbas,['nuagesbas'],[]
images/pyronear_cabanelle_1_2023_10_10T15_27_21.jpg,labels/pyronear_cabanelle_1_2023_10_10T15_27_21.txt,True,grosnuages,"['grosnuages', 'nuagesbas']",[]
images/pyronear_marguerite_4_2023_10_30T14_29_05.jpg,labels/pyronear_marguerite_4_2023_10_30T14_29_05.txt,True,batiment,['batiment'],"['brume', 'pluie']"
images/pyronear_marguerite_3_2023_09_18T08_59_57.jpg,labels/pyronear_marguerite_3_2023_09_18T08_59_57.txt,True,arbre,['arbre'],['brume']
images/pyronear_marguerite_1_2023_09_09T16_11_37.jpg,labels/pyronear_marguerite_1_2023_09_09T16_11_37.txt,True,glare,['glare'],[]
images/pyronear_brison_3_2023_06_14T08_28_16.jpg,labels/pyronear_brison_3_2023_06_14T08_28_16.txt,True,grosnuages,['grosnuages'],['brume']
images/pyronear_courmettes_4_2023_11_02T09_56_38.jpg,labels/pyronear_courmettes_4_2023_11_02T09_56_38.txt,True,arbre,['arbre'],['brume']
images/pyronear_salaunes_2_2_2023_10_31T07_54_16.jpg,labels/pyronear_salaunes_2_2_2023_10_31T07_54_16.txt,True,grosnuages,['grosnuagesrefletssoleil'],[]
images/pyronear_brison_2_2023_10_05T05_43_02.jpg,labels/pyronear_brison_2_2023_10_05T05_43_02.txt,True,soleil,['soleil'],['batiment']
images/pyronear_ferion_4_2023_11_06T15_35_07.jpg,labels/pyronear_ferion_4_2023_11_06T15_35_07.txt,True,nuagesbas,['nuagesbas'],['soleilcouchant']
images/pyronear_marguerite_1_2023_08_22T15_12_45.jpg,labels/pyronear_marguerite_1_2023_08_22T15_12_45.txt,True,soleil,['soleilrayons'],[]
images/pyronear_ferion_2_2023_11_06T06_46_00.jpg,labels/pyronear_ferion_2_2023_11_06T06_46_00.txt,True,glare,"['glare', 'tache']",[]
images/pyronear_brison_2_2023_10_30T08_14_36.jpg,labels/pyronear_brison_2_2023_10_30T08_14_36.txt,True,brume,"['batiment', 'brume']",['brume']
images/pyronear_cabanelle_1_2023_10_10T08_52_40.jpg,labels/pyronear_cabanelle_1_2023_10_10T08_52_40.txt,True,grosnuages,"['grosnuages', 'nuagesbas']",[]
images/pyronear_valbonne_2_2023_11_07T14_30_20.jpg,labels/pyronear_valbonne_2_2023_11_07T14_30_20.txt,True,nuagesbas,['nuagesbas'],[]
images/pyronear_salaunes_1_1_2023_08_09T18_13_59.jpg,labels/pyronear_salaunes_1_1_2023_08_09T18_13_59.txt,True,nuagesbas,['nuagesbas'],[]
images/pyronear_cabanelle_1_2023_10_10T11_34_44.jpg,labels/pyronear_cabanelle_1_2023_10_10T11_34_44.txt,True,grosnuages,"['grosnuages', 'nuagesbas']",[]
images/pyronear_valbonne_4_2023_11_02T10_10_05.jpg,labels/pyronear_valbonne_4_2023_11_02T10_10_05.txt,True,nuagesbas,['nuagesbas'],[]
images/pyronear_brison_3_2023_10_01T15_45_47.jpg,labels/pyronear_brison_3_2023_10_01T15_45_47.txt,True,montagne,['montagne'],[]
images/pyronear_brison_2_2023_10_30T08_00_54.jpg,labels/pyronear_brison_2_2023_10_30T08_00_54.txt,True,brume,"['batiment', 'brume']",['brume']
images/pyronear_ferion_3_2023_10_20T13_21_48.jpg,labels/pyronear_ferion_3_2023_10_20T13_21_48.txt,True,brume,['brume'],[]
images/pyronear_courmettes_1_2023_09_27T05_23_32.jpg,labels/pyronear_courmettes_1_2023_09_27T05_23_32.txt,True,soleil,['soleil'],[]
images/pyronear_salaunes_2_1_2023_08_11T04_49_04.jpg,labels/pyronear_salaunes_2_1_2023_08_11T04_49_04.txt,True,arbre,['arbre'],['brume']
images/pyronear_marguerite_3_2023_06_09T08_51_32.jpg,labels/pyronear_marguerite_3_2023_06_09T08_51_32.txt,True,arbre,['arbre'],['brume']
images/pyronear_cabanelle_1_2023_10_10T11_47_15.jpg,labels/pyronear_cabanelle_1_2023_10_10T11_47_15.txt,True,grosnuages,"['grosnuages', 'nuagesbas']",[]
images/pyronear_brison_1_2023_06_22T12_14_50.jpg,labels/pyronear_brison_1_2023_06_22T12_14_50.txt,True,grosnuages,['grosnuages'],[]
images/pyronear_valbonne_3_2023_10_20T10_36_08.jpg,labels/pyronear_valbonne_3_2023_10_20T10_36_08.txt,True,nuagesbas,['nuagesbas'],[]
images/pyronear_brison_4_2023_06_16T19_00_27.jpg,labels/pyronear_brison_4_2023_06_16T19_00_27.txt,True,glare,['glareptjaune'],[]
images/pyronear_salaunes_2_1_2023_08_27T09_02_06.jpg,labels/pyronear_salaunes_2_1_2023_08_27T09_02_06.txt,True,grosnuages,['grosnuages'],[]
images/pyronear_marguerite_2_2023_09_24T17_33_14.jpg,labels/pyronear_marguerite_2_2023_09_24T17_33_14.txt,True,nuagesbas,['nuagesfiligranes'],[]
images/pyronear_brison_4_2023_08_17T08_38_49.jpg,labels/pyronear_brison_4_2023_08_17T08_38_49.txt,True,grosnuages,['grosnuages'],"['insecte', 'tache']"
images/pyronear_marguerite_4_2023_10_29T12_07_44.jpg,labels/pyronear_marguerite_4_2023_10_29T12_07_44.txt,True,batiment,['batiment'],"['brume', 'pluie']"
images/pyronear_salaunes_1_2_2023_08_15T08_13_22.jpg,labels/pyronear_salaunes_1_2_2023_08_15T08_13_22.txt,True,pluie,['pluie'],[]
images/pyronear_brison_3_2023_09_07T06_46_04.jpg,labels/pyronear_brison_3_2023_09_07T06_46_04.txt,True,montagne,['montagne'],[]
images/pyronear_marguerite_4_2023_10_29T13_15_46.jpg,labels/pyronear_marguerite_4_2023_10_29T13_15_46.txt,True,batiment,['batiment'],"['brume', 'pluie']"
images/pyronear_marguerite_2_2023_08_15T18_39_20.jpg,labels/pyronear_marguerite_2_2023_08_15T18_39_20.txt,True,nuagesbas,['nuagesbas'],['soleilcouchant']
images/pyronear_st_peray_1_2023_07_21T08_35_59.jpg,labels/pyronear_st_peray_1_2023_07_21T08_35_59.txt,True,grosnuages,['grosnuages'],[]
images/pyronear_valbonne_4_2023_10_01T06_05_16.jpg,labels/pyronear_valbonne_4_2023_10_01T06_05_16.txt,True,soleil,['soleil'],['batiment']
images/pyronear_courmettes_1_2023_09_29T06_07_14.jpg,labels/pyronear_courmettes_1_2023_09_29T06_07_14.txt,True,glare,"['glaretacherouge', 'soleilrefletslac']",[]
images/pyronear_st_peray_1_2023_07_21T08_36_59.jpg,labels/pyronear_st_peray_1_2023_07_21T08_36_59.txt,True,grosnuages,['grosnuages'],[]
images/pyronear_cabanelle_2_2023_10_02T06_01_34.jpg,labels/pyronear_cabanelle_2_2023_10_02T06_01_34.txt,True,soleil,"['glare', 'refletslac', 'soleil', 'tacherouge']",[]
images/pyronear_valbonne_2_2023_11_05T16_41_42.jpg,labels/pyronear_valbonne_2_2023_11_05T16_41_42.txt,True,nuagesbas,['nuagesbas'],[]
images/pyronear_salaunes_2_1_2023_08_28T18_32_51.jpg,labels/pyronear_salaunes_2_1_2023_08_28T18_32_51.txt,True,grosnuages,['grosnuagesrefletssoleil'],[]
images/pyronear_marguerite_4_2023_09_18T07_49_50.jpg,labels/pyronear_marguerite_4_2023_09_18T07_49_50.txt,True,tache,"['batiment', 'tache']","['brume', 'pluie']"
images/pyronear_valbonne_2_2023_11_05T15_04_06.jpg,labels/pyronear_valbonne_2_2023_11_05T15_04_06.txt,True,nuagesbas,['nuagesbas'],[]
images/pyronear_salaunes_1_4_2023_10_05T17_13_45.jpg,labels/pyronear_salaunes_1_4_2023_10_05T17_13_45.txt,True,glare,['glareptjaune'],[]
images/pyronear_cabanelle_1_2023_10_09T14_03_15.jpg,labels/pyronear_cabanelle_1_2023_10_09T14_03_15.txt,True,nuagesbas,['nuagesbas'],[]
images/pyronear_brison_4_2023_10_24T12_18_04.jpg,labels/pyronear_brison_4_2023_10_24T12_18_04.txt,True,grosnuages,['grosnuages'],[]
images/pyronear_courmettes_1_2023_11_07T13_44_15.jpg,labels/pyronear_courmettes_1_2023_11_07T13_44_15.txt,True,nuagesbas,['nuagesbas'],[]
images/pyronear_marguerite_3_2023_09_18T08_14_26.jpg,labels/pyronear_marguerite_3_2023_09_18T08_14_26.txt,True,arbre,['arbre'],['brume']
images/pyronear_cabanelle_1_2023_10_11T14_56_28.jpg,labels/pyronear_cabanelle_1_2023_10_11T14_56_28.txt,True,brume,['brume'],[]
images/pyronear_ferion_2_2023_10_22T06_46_29.jpg,labels/pyronear_ferion_2_2023_10_22T06_46_29.txt,True,glare,['glare'],[]
images/pyronear_marguerite_3_2023_09_18T08_08_06.jpg,labels/pyronear_marguerite_3_2023_09_18T08_08_06.txt,True,arbre,['arbre'],['brume']
images/pyronear_brison_1_2023_09_13T05_45_42.jpg,labels/pyronear_brison_1_2023_09_13T05_45_42.txt,True,nuagesbas,['nuagesbas'],[]
images/pyronear_brison_3_2023_09_22T05_10_10.jpg,labels/pyronear_brison_3_2023_09_22T05_10_10.txt,True,nuagesbas,['nuagesbas'],['nuit']
images/pyronear_brison_1_2023_07_04T04_07_13.jpg,labels/pyronear_brison_1_2023_07_04T04_07_13.txt,True,soleil,['soleil'],[]
images/pyronear_brison_1_2023_06_15T04_00_49.jpg,labels/pyronear_brison_1_2023_06_15T04_00_49.txt,True,soleil,['soleil'],[]
images/pyronear_cabanelle_1_2023_10_10T11_47_45.jpg,labels/pyronear_cabanelle_1_2023_10_10T11_47_45.txt,True,grosnuages,"['grosnuages', 'nuagesbas']",[]
images/pyronear_salaunes_2_4_2023_08_19T05_46_04.jpg,labels/pyronear_salaunes_2_4_2023_08_19T05_46_04.txt,True,tuyau,['tuyau'],[]
images/pyronear_cabanelle_1_2023_10_10T11_36_45.jpg,labels/pyronear_cabanelle_1_2023_10_10T11_36_45.txt,True,grosnuages,"['grosnuages', 'nuagesbas']",[]
images/pyronear_brison_2_2023_09_21T08_28_55.jpg,labels/pyronear_brison_2_2023_09_21T08_28_55.txt,True,brume,"['batiment', 'brume']",['brume']
images/pyronear_ferion_2_2023_11_06T06_45_55.jpg,labels/pyronear_ferion_2_2023_11_06T06_45_55.txt,True,glare,"['glare', 'tache']",[]
images/pyronear_courmettes_1_2023_09_29T05_55_47.jpg,labels/pyronear_courmettes_1_2023_09_29T05_55_47.txt,True,glare,"['glaretacherouge', 'soleilrefletslac']",[]
images/pyronear_brison_2_2023_09_22T08_41_17.jpg,labels/pyronear_brison_2_2023_09_22T08_41_17.txt,True,nuagesbas,['nuagesbas'],['batiment']
images/pyronear_brison_2_2023_10_19T10_19_26.jpg,labels/pyronear_brison_2_2023_10_19T10_19_26.txt,True,brume,"['batiment', 'brume']",['brume']
images/pyronear_salaunes_1_4_2023_10_04T17_15_47.jpg,labels/pyronear_salaunes_1_4_2023_10_04T17_15_47.txt,True,glare,['glareptjaune'],[]
images/pyronear_valbonne_4_2023_10_08T06_04_24.jpg,labels/pyronear_valbonne_4_2023_10_08T06_04_24.txt,True,soleil,['soleil'],['batiment']
images/pyronear_valbonne_4_2023_10_01T05_49_18.jpg,labels/pyronear_valbonne_4_2023_10_01T05_49_18.txt,True,soleil,['soleil'],['batiment']
images/pyronear_cabanelle_1_2023_10_10T15_10_21.jpg,labels/pyronear_cabanelle_1_2023_10_10T15_10_21.txt,True,grosnuages,"['grosnuages', 'nuagesbas']",[]
images/pyronear_brison_3_2023_09_30T15_26_59.jpg,labels/pyronear_brison_3_2023_09_30T15_26_59.txt,True,montagne,['montagne'],[]
images/pyronear_courmettes_1_2023_11_03T06_22_50.jpg,labels/pyronear_courmettes_1_2023_11_03T06_22_50.txt,True,glare,['glaresoleilptrouge'],['soleilcouchant']
images/pyronear_salaunes_1_1_2023_08_09T18_05_29.jpg,labels/pyronear_salaunes_1_1_2023_08_09T18_05_29.txt,True,nuagesbas,['nuagesbas'],[]
images/pyronear_valbonne_2_2023_11_07T06_31_02.jpg,labels/pyronear_valbonne_2_2023_11_07T06_31_02.txt,True,nuagesbas,['nuagesbas'],[]
images/pyronear_marguerite_4_2023_06_09T13_17_44.jpg,labels/pyronear_marguerite_4_2023_06_09T13_17_44.txt,True,tache,"['batiment', 'tache']","['brume', 'pluie']"
images/pyronear_brison_2_2023_09_21T09_37_27.jpg,labels/pyronear_brison_2_2023_09_21T09_37_27.txt,True,brume,"['batiment', 'brume']",['brume']
images/pyronear_cabanelle_1_2023_10_13T05_59_56.jpg,labels/pyronear_cabanelle_1_2023_10_13T05_59_56.txt,True,grosnuages,['grosnuages'],['brume']
images/pyronear_salaunes_2_1_2023_11_05T10_30_51.jpg,labels/pyronear_salaunes_2_1_2023_11_05T10_30_51.txt,True,grosnuages,['grosnuagesrefletssoleil'],[]
images/pyronear_courmettes_1_2023_11_07T12_45_14.jpg,labels/pyronear_courmettes_1_2023_11_07T12_45_14.txt,True,nuagesbas,['nuagesbas'],[]
images/pyronear_salaunes_1_2_2023_09_30T11_37_36.jpg,labels/pyronear_salaunes_1_2_2023_09_30T11_37_36.txt,True,glare,['glare'],[]
images/pyronear_brison_2_2023_10_30T06_54_52.jpg,labels/pyronear_brison_2_2023_10_30T06_54_52.txt,True,brume,"['batiment', 'brume']",['brume']
images/pyronear_courmettes_2_2023_10_24T14_51_50.jpg,labels/pyronear_courmettes_2_2023_10_24T14_51_50.txt,True,grosnuages,['grosnuages'],[]
images/pyronear_brison_2_2023_10_09T05_52_44.jpg,labels/pyronear_brison_2_2023_10_09T05_52_44.txt,True,soleil,['soleil'],['batiment']
images/pyronear_cabanelle_1_2023_10_10T08_58_42.jpg,labels/pyronear_cabanelle_1_2023_10_10T08_58_42.txt,True,grosnuages,"['grosnuages', 'nuagesbas']",[]
images/pyronear_brison_3_2023_10_01T15_43_49.jpg,labels/pyronear_brison_3_2023_10_01T15_43_49.txt,True,montagne,['montagne'],[]
images/pyronear_courmettes_1_2023_11_07T13_04_44.jpg,labels/pyronear_courmettes_1_2023_11_07T13_04_44.txt,True,nuagesbas,['nuagesbas'],[]
images/pyronear_valbonne_4_2023_10_01T06_01_16.jpg,labels/pyronear_valbonne_4_2023_10_01T06_01_16.txt,True,soleil,['soleil'],['batiment']
images/pyronear_cabanelle_1_2023_10_10T09_05_40.jpg,labels/pyronear_cabanelle_1_2023_10_10T09_05_40.txt,True,grosnuages,"['grosnuages', 'nuagesbas']",[]
images/pyronear_brison_2_2023_10_30T07_33_54.jpg,labels/pyronear_brison_2_2023_10_30T07_33_54.txt,True,brume,"['batiment', 'brume']",['brume']
images/pyronear_cabanelle_1_2023_10_11T15_12_59.jpg,labels/pyronear_cabanelle_1_2023_10_11T15_12_59.txt,True,brume,['brume'],[]
images/pyronear_courmettes_1_2023_11_07T06_32_31.jpg,labels/pyronear_courmettes_1_2023_11_07T06_32_31.txt,True,glare,['glaresoleilptrouge'],['soleilcouchant']
images/pyronear_brison_3_2023_08_29T06_19_15.jpg,labels/pyronear_brison_3_2023_08_29T06_19_15.txt,True,montagne,['montagne'],[]
images/pyronear_cabanelle_1_2023_10_13T09_39_04.jpg,labels/pyronear_cabanelle_1_2023_10_13T09_39_04.txt,True,grosnuages,['grosnuages'],[]
images/pyronear_brison_3_2023_10_01T13_56_21.jpg,labels/pyronear_brison_3_2023_10_01T13_56_21.txt,True,montagne,['montagne'],[]
images/pyronear_marguerite_4_2023_06_09T13_18_14.jpg,labels/pyronear_marguerite_4_2023_06_09T13_18_14.txt,True,tache,"['batiment', 'tache']","['brume', 'pluie']"
images/pyronear_brison_2_2023_10_19T08_18_07.jpg,labels/pyronear_brison_2_2023_10_19T08_18_07.txt,True,brume,"['batiment', 'brume']",['brume']
images/pyronear_brison_3_2023_10_02T13_21_14.jpg,labels/pyronear_brison_3_2023_10_02T13_21_14.txt,True,montagne,['montagne'],[]
images/pyronear_cabanelle_1_2023_10_11T14_48_58.jpg,labels/pyronear_cabanelle_1_2023_10_11T14_48_58.txt,True,brume,['brume'],[]
images/pyronear_marguerite_4_2023_06_09T13_13_46.jpg,labels/pyronear_marguerite_4_2023_06_09T13_13_46.txt,True,tache,"['batiment', 'tache']","['brume', 'pluie']"
images/pyronear_marguerite_4_2023_10_29T13_10_15.jpg,labels/pyronear_marguerite_4_2023_10_29T13_10_15.txt,True,batiment,['batiment'],"['brume', 'pluie']"
images/pyronear_marguerite_3_2023_09_18T05_18_45.jpg,labels/pyronear_marguerite_3_2023_09_18T05_18_45.txt,True,arbre,['arbre'],['brume']
images/pyronear_salaunes_2_1_2023_10_21T06_50_45.jpg,labels/pyronear_salaunes_2_1_2023_10_21T06_50_45.txt,True,grosnuages,['grosnuagesrefletssoleil'],[]
images/pyronear_brison_2_2023_10_30T13_47_30.jpg,labels/pyronear_brison_2_2023_10_30T13_47_30.txt,True,brume,"['batiment', 'brume']",['brume']
images/pyronear_valbonne_3_2023_10_20T16_10_20.jpg,labels/pyronear_valbonne_3_2023_10_20T16_10_20.txt,True,glare,['glare'],[]
images/pyronear_brison_4_2023_10_29T10_26_53.jpg,labels/pyronear_brison_4_2023_10_29T10_26_53.txt,True,grosnuages,['grosnuages'],['brume']
images/pyronear_valbonne_2_2023_11_05T14_47_36.jpg,labels/pyronear_valbonne_2_2023_11_05T14_47_36.txt,True,nuagesbas,['nuagesbas'],[]
images/pyronear_valbonne_4_2023_10_28T16_35_36.jpg,labels/pyronear_valbonne_4_2023_10_28T16_35_36.txt,True,nuagesbas,['nuagesbas'],[]
images/pyronear_ferion_3_2023_10_18T07_19_17.jpg,labels/pyronear_ferion_3_2023_10_18T07_19_17.txt,True,brume,['brume'],[]
images/pyronear_marguerite_4_2023_10_29T13_36_20.jpg,labels/pyronear_marguerite_4_2023_10_29T13_36_20.txt,True,batiment,['batiment'],"['brume', 'pluie']"
images/pyronear_valbonne_3_2023_10_20T16_47_54.jpg,labels/pyronear_valbonne_3_2023_10_20T16_47_54.txt,True,nuagesbas,['nuagesbas'],[]
images/pyronear_brison_4_2023_11_01T13_05_40.jpg,labels/pyronear_brison_4_2023_11_01T13_05_40.txt,True,nuagesbas,['nuagesbas'],[]
images/pyronear_marguerite_1_2023_09_18T16_05_35.jpg,labels/pyronear_marguerite_1_2023_09_18T16_05_35.txt,True,glare,['glare'],[]
images/pyronear_ferion_1_2023_10_20T13_25_10.jpg,labels/pyronear_ferion_1_2023_10_20T13_25_10.txt,True,arbre,['arbre'],['brume']
images/pyronear_valbonne_2_2023_11_05T16_03_07.jpg,labels/pyronear_valbonne_2_2023_11_05T16_03_07.txt,True,nuagesbas,['nuagesbas'],[]
images/pyronear_valbonne_4_2023_10_24T16_30_47.jpg,labels/pyronear_valbonne_4_2023_10_24T16_30_47.txt,True,nuagesbas,['nuagesbas'],[]
images/pyronear_brison_2_2023_10_11T05_55_24.jpg,labels/pyronear_brison_2_2023_10_11T05_55_24.txt,True,soleil,['soleil'],['batiment']
images/pyronear_brison_4_2023_10_28T06_28_08.jpg,labels/pyronear_brison_4_2023_10_28T06_28_08.txt,True,nuagesbas,['nuagesbas'],[]
images/pyronear_marguerite_4_2023_10_29T13_29_14.jpg,labels/pyronear_marguerite_4_2023_10_29T13_29_14.txt,True,batiment,['batiment'],"['brume', 'pluie']"
images/pyronear_cabanelle_1_2023_10_11T15_13_29.jpg,labels/pyronear_cabanelle_1_2023_10_11T15_13_29.txt,True,brume,['brume'],[]
images/pyronear_brison_2_2023_10_30T06_57_53.jpg,labels/pyronear_brison_2_2023_10_30T06_57_53.txt,True,brume,"['batiment', 'brume']",['brume']
images/pyronear_salaunes_2_1_2023_08_27T08_43_05.jpg,labels/pyronear_salaunes_2_1_2023_08_27T08_43_05.txt,True,grosnuages,['grosnuages'],[]
images/pyronear_valbonne_2_2023_11_05T14_36_05.jpg,labels/pyronear_valbonne_2_2023_11_05T14_36_05.txt,True,nuagesbas,['nuagesbas'],[]
images/pyronear_marguerite_4_2023_10_18T09_09_50.jpg,labels/pyronear_marguerite_4_2023_10_18T09_09_50.txt,True,batiment,['batiment'],"['brume', 'pluie']"
images/pyronear_cabanelle_2_2023_09_30T05_49_40.jpg,labels/pyronear_cabanelle_2_2023_09_30T05_49_40.txt,True,soleil,"['glare', 'refletslac', 'soleil', 'tacherouge']",[]
images/pyronear_valbonne_4_2023_10_02T05_50_27.jpg,labels/pyronear_valbonne_4_2023_10_02T05_50_27.txt,True,soleil,['soleil'],['batiment']
images/pyronear_marguerite_2_2023_09_10T18_23_20.jpg,labels/pyronear_marguerite_2_2023_09_10T18_23_20.txt,True,nuagesbas,['nuagesbas'],['soleilcouchant']
images/pyronear_cabanelle_1_2023_10_10T09_13_11.jpg,labels/pyronear_cabanelle_1_2023_10_10T09_13_11.txt,True,grosnuages,"['grosnuages', 'nuagesbas']",[]
images/pyronear_valbonne_4_2023_10_29T10_00_21.jpg,labels/pyronear_valbonne_4_2023_10_29T10_00_21.txt,True,nuagesbas,['nuagesbas'],[]
images/pyronear_marguerite_3_2023_06_09T09_02_02.jpg,labels/pyronear_marguerite_3_2023_06_09T09_02_02.txt,True,arbre,['arbre'],['brume']
images/pyronear_brison_4_2023_08_17T09_49_50.jpg,labels/pyronear_brison_4_2023_08_17T09_49_50.txt,True,grosnuages,['grosnuages'],"['insecte', 'tache']"
images/pyronear_courmettes_2_2023_10_28T06_40_44.jpg,labels/pyronear_courmettes_2_2023_10_28T06_40_44.txt,True,glare,['glare'],[]
images/pyronear_brison_2_2023_10_07T05_50_34.jpg,labels/pyronear_brison_2_2023_10_07T05_50_34.txt,True,soleil,['soleil'],['batiment']
images/pyronear_ferion_2_2023_10_17T14_40_06.jpg,labels/pyronear_ferion_2_2023_10_17T14_40_06.txt,True,nuagesbas,['nuagesbas'],['brume']
images/pyronear_marguerite_1_2023_09_14T05_32_44.jpg,labels/pyronear_marguerite_1_2023_09_14T05_32_44.txt,True,grosnuages,['grosnuages'],[]
images/pyronear_courmettes_2_2023_11_04T06_49_32.jpg,labels/pyronear_courmettes_2_2023_11_04T06_49_32.txt,True,glare,['glare'],[]
images/pyronear_cabanelle_1_2023_10_13T09_47_04.jpg,labels/pyronear_cabanelle_1_2023_10_13T09_47_04.txt,True,grosnuages,['grosnuages'],[]
images/pyronear_brison_4_2023_08_17T08_00_20.jpg,labels/pyronear_brison_4_2023_08_17T08_00_20.txt,True,grosnuages,['grosnuages'],"['insecte', 'tache']"
images/pyronear_valbonne_4_2023_10_22T06_31_04.jpg,labels/pyronear_valbonne_4_2023_10_22T06_31_04.txt,True,soleil,['soleil'],['batiment']
images/pyronear_marguerite_4_2023_11_01T10_43_49.jpg,labels/pyronear_marguerite_4_2023_11_01T10_43_49.txt,True,batiment,['batiment'],"['brume', 'pluie']"
images/pyronear_valbonne_4_2023_11_02T07_57_02.jpg,labels/pyronear_valbonne_4_2023_11_02T07_57_02.txt,True,nuagesbas,['nuagesbas'],[]
images/pyronear_brison_2_2023_09_18T05_34_51.jpg,labels/pyronear_brison_2_2023_09_18T05_34_51.txt,True,brume,"['batiment', 'brume']",['brume']
images/pyronear_brison_4_2023_08_17T07_51_16.jpg,labels/pyronear_brison_4_2023_08_17T07_51_16.txt,True,grosnuages,['grosnuages'],"['insecte', 'tache']"
images/pyronear_marguerite_4_2023_09_21T11_36_08.jpg,labels/pyronear_marguerite_4_2023_09_21T11_36_08.txt,True,tache,"['batiment', 'tache']","['brume', 'pluie']"
images/pyronear_marguerite_4_2023_10_30T14_29_16.jpg,labels/pyronear_marguerite_4_2023_10_30T14_29_16.txt,True,batiment,['batiment'],"['brume', 'pluie']"
images/pyronear_brison_4_2023_08_17T07_33_21.jpg,labels/pyronear_brison_4_2023_08_17T07_33_21.txt,True,grosnuages,['grosnuages'],"['insecte', 'tache']"
images/pyronear_ferion_2_2023_10_17T14_44_37.jpg,labels/pyronear_ferion_2_2023_10_17T14_44_37.txt,True,nuagesbas,['nuagesbas'],['brume']
images/pyronear_cabanelle_1_2023_10_10T11_37_15.jpg,labels/pyronear_cabanelle_1_2023_10_10T11_37_15.txt,True,grosnuages,"['grosnuages', 'nuagesbas']",[]
images/pyronear_valbonne_2_2023_11_07T14_40_19.jpg,labels/pyronear_valbonne_2_2023_11_07T14_40_19.txt,True,nuagesbas,['nuagesbas'],[]
images/pyronear_marguerite_1_2023_09_14T15_59_06.jpg,labels/pyronear_marguerite_1_2023_09_14T15_59_06.txt,True,glare,['glaresoleilrayons'],[]
images/pyronear_courmettes_1_2023_11_07T07_37_03.jpg,labels/pyronear_courmettes_1_2023_11_07T07_37_03.txt,True,soleil,"['refletslac', 'soleil']",[]
images/pyronear_brison_2_2023_08_27T09_02_36.jpg,labels/pyronear_brison_2_2023_08_27T09_02_36.txt,True,grosnuages,['grosnuages'],['batiment']
images/pyronear_valbonne_4_2023_10_29T07_08_18.jpg,labels/pyronear_valbonne_4_2023_10_29T07_08_18.txt,True,nuagesbas,['nuagesbas'],[]
images/pyronear_brison_4_2023_06_16T19_03_31.jpg,labels/pyronear_brison_4_2023_06_16T19_03_31.txt,True,glare,['glareptjaune'],[]
images/pyronear_salaunes_1_2_2023_09_30T11_37_42.jpg,labels/pyronear_salaunes_1_2_2023_09_30T11_37_42.txt,True,glare,['glare'],[]
images/pyronear_marguerite_1_2023_09_15T16_11_13.jpg,labels/pyronear_marguerite_1_2023_09_15T16_11_13.txt,True,glare,['glare'],[]
images/pyronear_brison_3_2023_08_29T06_10_14.jpg,labels/pyronear_brison_3_2023_08_29T06_10_14.txt,True,montagne,['montagne'],[]
images/pyronear_brison_2_2023_10_29T06_20_30.jpg,labels/pyronear_brison_2_2023_10_29T06_20_30.txt,True,brume,"['batiment', 'brume']",['brume']
images/pyronear_cabanelle_2_2023_10_04T06_23_31.jpg,labels/pyronear_cabanelle_2_2023_10_04T06_23_31.txt,True,soleil,"['refletslac', 'soleil']",[]
images/pyronear_ferion_3_2023_10_19T15_32_50.jpg,labels/pyronear_ferion_3_2023_10_19T15_32_50.txt,True,brume,['brume'],[]
images/pyronear_valbonne_4_2023_10_08T05_53_26.jpg,labels/pyronear_valbonne_4_2023_10_08T05_53_26.txt,True,soleil,['soleil'],['batiment']
images/pyronear_marguerite_4_2023_10_18T09_09_48.jpg,labels/pyronear_marguerite_4_2023_10_18T09_09_48.txt,True,batiment,['batiment'],"['brume', 'pluie']"
images/pyronear_brison_2_2023_10_30T07_25_54.jpg,labels/pyronear_brison_2_2023_10_30T07_25_54.txt,True,brume,"['batiment', 'brume']",['brume']
images/pyronear_valbonne_2_2023_11_05T14_33_04.jpg,labels/pyronear_valbonne_2_2023_11_05T14_33_04.txt,True,nuagesbas,['nuagesbas'],[]
images/pyronear_ferion_2_2023_10_29T15_02_08.jpg,labels/pyronear_ferion_2_2023_10_29T15_02_08.txt,True,grosnuages,['grosnuages'],[]
images/pyronear_cabanelle_1_2023_10_13T09_10_33.jpg,labels/pyronear_cabanelle_1_2023_10_13T09_10_33.txt,True,grosnuages,['grosnuages'],[]
images/pyronear_marguerite_1_2023_09_09T16_11_10.jpg,labels/pyronear_marguerite_1_2023_09_09T16_11_10.txt,True,glare,['glare'],[]
images/pyronear_valbonne_4_2023_11_02T07_57_03.jpg,labels/pyronear_valbonne_4_2023_11_02T07_57_03.txt,True,nuagesbas,['nuagesbas'],[]
images/pyronear_ferion_2_2023_10_28T15_17_05.jpg,labels/pyronear_ferion_2_2023_10_28T15_17_05.txt,True,grosnuages,['grosnuages'],[]
images/pyronear_valbonne_3_2023_10_21T16_11_47.jpg,labels/pyronear_valbonne_3_2023_10_21T16_11_47.txt,True,glare,['glare'],[]
images/pyronear_ferion_2_2023_10_17T11_50_33.jpg,labels/pyronear_ferion_2_2023_10_17T11_50_33.txt,True,nuagesbas,['nuagesbas'],['brume']
images/pyronear_marguerite_1_2023_09_14T15_55_36.jpg,labels/pyronear_marguerite_1_2023_09_14T15_55_36.txt,True,glare,['glaresoleilrayons'],[]
images/pyronear_ferion_2_2023_10_22T06_48_59.jpg,labels/pyronear_ferion_2_2023_10_22T06_48_59.txt,True,glare,['glare'],[]
images/pyronear_marguerite_4_2023_06_09T13_11_14.jpg,labels/pyronear_marguerite_4_2023_06_09T13_11_14.txt,True,tache,"['batiment', 'tache']","['brume', 'pluie']"
images/pyronear_brison_2_2023_10_30T13_48_01.jpg,labels/pyronear_brison_2_2023_10_30T13_48_01.txt,True,brume,"['batiment', 'brume']",['brume']
images/pyronear_ferion_3_2023_10_20T13_23_18.jpg,labels/pyronear_ferion_3_2023_10_20T13_23_18.txt,True,brume,['brume'],[]
images/pyronear_salaunes_2_4_2023_08_17T04_50_39.jpg,labels/pyronear_salaunes_2_4_2023_08_17T04_50_39.txt,True,tuyau,['tuyau'],['tache']
images/pyronear_brison_4_2023_06_19T19_00_26.jpg,labels/pyronear_brison_4_2023_06_19T19_00_26.txt,True,glare,['glareptjaune'],[]
images/pyronear_brison_1_2023_07_09T04_11_09.jpg,labels/pyronear_brison_1_2023_07_09T04_11_09.txt,True,soleil,['soleil'],[]
images/pyronear_marguerite_2_2023_10_27T17_01_49.jpg,labels/pyronear_marguerite_2_2023_10_27T17_01_49.txt,True,nuagesbas,['nuagesbas'],['soleilcouchant']
images/pyronear_brison_2_2023_10_11T05_55_04.jpg,labels/pyronear_brison_2_2023_10_11T05_55_04.txt,True,soleil,['soleil'],['batiment']
images/pyronear_salaunes_2_4_2023_08_19T05_46_32.jpg,labels/pyronear_salaunes_2_4_2023_08_19T05_46_32.txt,True,tuyau,['tuyau'],[]
images/pyronear_cabanelle_1_2023_10_11T14_46_28.jpg,labels/pyronear_cabanelle_1_2023_10_11T14_46_28.txt,True,brume,['brume'],[]
images/pyronear_brison_4_2023_08_17T10_07_56.jpg,labels/pyronear_brison_4_2023_08_17T10_07_56.txt,True,grosnuages,['grosnuages'],"['insecte', 'tache']"
images/pyronear_marguerite_4_2023_10_29T13_21_47.jpg,labels/pyronear_marguerite_4_2023_10_29T13_21_47.txt,True,batiment,['batiment'],"['brume', 'pluie']"
images/pyronear_salaunes_1_4_2023_10_04T17_13_50.jpg,labels/pyronear_salaunes_1_4_2023_10_04T17_13_50.txt,True,glare,['glareptjaune'],[]
images/pyronear_brison_3_2023_09_07T06_29_31.jpg,labels/pyronear_brison_3_2023_09_07T06_29_31.txt,True,montagne,['montagne'],[]
images/pyronear_brison_1_2023_07_24T17_24_37.jpg,labels/pyronear_brison_1_2023_07_24T17_24_37.txt,True,tache,['tachenoire'],[]
images/pyronear_salaunes_1_4_2023_10_02T17_21_49.jpg,labels/pyronear_salaunes_1_4_2023_10_02T17_21_49.txt,True,glare,['glareptjaune'],[]
images/pyronear_salaunes_2_4_2023_08_14T18_55_32.jpg,labels/pyronear_salaunes_2_4_2023_08_14T18_55_32.txt,True,nuagesbas,['nuagesfiligranes'],[]
images/pyronear_brison_2_2023_10_30T09_14_14.jpg,labels/pyronear_brison_2_2023_10_30T09_14_14.txt,True,brume,"['batiment', 'brume']",['brume']
images/pyronear_courmettes_4_2023_10_03T17_27_54.jpg,labels/pyronear_courmettes_4_2023_10_03T17_27_54.txt,True,nuagesbas,['nuagesbas'],"['antenne', 'soleilcouchant']"
images/pyronear_marguerite_3_2023_09_18T08_24_25.jpg,labels/pyronear_marguerite_3_2023_09_18T08_24_25.txt,True,arbre,['arbre'],['brume']
images/pyronear_salaunes_1_2_2023_09_30T12_45_38.jpg,labels/pyronear_salaunes_1_2_2023_09_30T12_45_38.txt,True,glare,['glare'],[]
images/pyronear_brison_2_2023_09_21T06_44_53.jpg,labels/pyronear_brison_2_2023_09_21T06_44_53.txt,True,brume,"['batiment', 'brume']",['brume']
images/pyronear_brison_4_2023_06_28T18_55_36.jpg,labels/pyronear_brison_4_2023_06_28T18_55_36.txt,True,glare,['glare'],[]
images/pyronear_marguerite_1_2023_09_13T16_37_11.jpg,labels/pyronear_marguerite_1_2023_09_13T16_37_11.txt,True,soleil,['soleilrayons'],[]
images/pyronear_brison_2_2023_10_19T08_57_45.jpg,labels/pyronear_brison_2_2023_10_19T08_57_45.txt,True,brume,"['batiment', 'brume']",['brume']
images/pyronear_marguerite_2_2023_08_15T18_45_50.jpg,labels/pyronear_marguerite_2_2023_08_15T18_45_50.txt,True,nuagesbas,['nuagesbas'],['soleilcouchant']
images/pyronear_valbonne_2_2023_11_06T15_15_44.jpg,labels/pyronear_valbonne_2_2023_11_06T15_15_44.txt,True,nuagesbas,['nuagesbas'],[]
images/pyronear_marguerite_1_2023_08_22T16_31_56.jpg,labels/pyronear_marguerite_1_2023_08_22T16_31_56.txt,True,soleil,['soleilrayons'],[]
images/pyronear_courmettes_2_2023_10_27T06_58_47.jpg,labels/pyronear_courmettes_2_2023_10_27T06_58_47.txt,True,glare,['glare'],[]
images/pyronear_marguerite_2_2023_09_10T18_36_21.jpg,labels/pyronear_marguerite_2_2023_09_10T18_36_21.txt,True,nuagesbas,['nuagesbas'],['soleilcouchant']
images/pyronear_brison_2_2023_09_18T08_35_16.jpg,labels/pyronear_brison_2_2023_09_18T08_35_16.txt,True,brume,"['batiment', 'brume']",['brume']
images/pyronear_brison_3_2023_08_29T06_07_10.jpg,labels/pyronear_brison_3_2023_08_29T06_07_10.txt,True,montagne,['montagne'],[]
images/pyronear_ferion_3_2023_10_20T13_22_24.jpg,labels/pyronear_ferion_3_2023_10_20T13_22_24.txt,True,brume,['brume'],[]
images/pyronear_brison_2_2023_10_19T09_50_11.jpg,labels/pyronear_brison_2_2023_10_19T09_50_11.txt,True,brume,"['batiment', 'brume']",['brume']
images/pyronear_brison_1_2023_06_10T18_02_41.jpg,labels/pyronear_brison_1_2023_06_10T18_02_41.txt,True,nuagesbas,['nuagesbas'],[]
images/pyronear_marguerite_3_2023_09_18T09_28_58.jpg,labels/pyronear_marguerite_3_2023_09_18T09_28_58.txt,True,arbre,['arbre'],['brume']
images/pyronear_ferion_2_2023_10_29T15_06_37.jpg,labels/pyronear_ferion_2_2023_10_29T15_06_37.txt,True,grosnuages,['grosnuages'],[]
images/pyronear_valbonne_2_2023_11_07T14_35_49.jpg,labels/pyronear_valbonne_2_2023_11_07T14_35_49.txt,True,nuagesbas,['nuagesbas'],[]
images/pyronear_brison_2_2023_10_30T13_54_01.jpg,labels/pyronear_brison_2_2023_10_30T13_54_01.txt,True,brume,"['batiment', 'brume']",['brume']
images/pyronear_courmettes_1_2023_09_26T04_51_10.jpg,labels/pyronear_courmettes_1_2023_09_26T04_51_10.txt,True,soleil,"['refletslac', 'soleil']",['soleilcouchant']
images/pyronear_marguerite_2_2023_09_24T17_26_13.jpg,labels/pyronear_marguerite_2_2023_09_24T17_26_13.txt,True,nuagesbas,['nuagesfiligranes'],[]
images/pyronear_cabanelle_1_2023_10_13T08_21_02.jpg,labels/pyronear_cabanelle_1_2023_10_13T08_21_02.txt,True,grosnuages,['grosnuages'],[]
images/pyronear_brison_2_2023_10_18T17_01_52.jpg,labels/pyronear_brison_2_2023_10_18T17_01_52.txt,True,brume,"['batiment', 'brume']",['brume']
images/pyronear_courmettes_2_2023_10_06T07_06_13.jpg,labels/pyronear_courmettes_2_2023_10_06T07_06_13.txt,True,soleil,['soleil'],[]
images/pyronear_marguerite_3_2023_06_09T08_54_32.jpg,labels/pyronear_marguerite_3_2023_06_09T08_54_32.txt,True,arbre,['arbre'],['brume']
images/pyronear_brison_2_2023_10_29T06_20_58.jpg,labels/pyronear_brison_2_2023_10_29T06_20_58.txt,True,brume,"['batiment', 'brume']",['brume']
images/pyronear_valbonne_3_2023_10_14T17_15_44.jpg,labels/pyronear_valbonne_3_2023_10_14T17_15_44.txt,True,batiment,['batimentloin'],['soleilcouchant']
images/pyronear_ferion_4_2023_11_06T16_01_38.jpg,labels/pyronear_ferion_4_2023_11_06T16_01_38.txt,True,nuagesbas,['nuagesbas'],['soleilcouchant']
images/pyronear_valbonne_4_2023_10_28T15_47_35.jpg,labels/pyronear_valbonne_4_2023_10_28T15_47_35.txt,True,nuagesbas,['nuagesbas'],[]
images/pyronear_brison_4_2023_07_30T06_00_05.jpg,labels/pyronear_brison_4_2023_07_30T06_00_05.txt,True,nuagesbas,['nuagesbas'],[]
images/pyronear_courmettes_2_2023_10_05T07_51_50.jpg,labels/pyronear_courmettes_2_2023_10_05T07_51_50.txt,True,soleil,['soleil'],[]
images/pyronear_cabanelle_1_2023_10_11T15_09_29.jpg,labels/pyronear_cabanelle_1_2023_10_11T15_09_29.txt,True,brume,['brume'],[]
images/pyronear_salaunes_2_1_2023_08_27T08_43_36.jpg,labels/pyronear_salaunes_2_1_2023_08_27T08_43_36.txt,True,grosnuages,['grosnuages'],[]
images/pyronear_brison_2_2023_09_21T09_17_57.jpg,labels/pyronear_brison_2_2023_09_21T09_17_57.txt,True,brume,"['batiment', 'brume']",['brume']
images/pyronear_courmettes_4_2023_10_12T16_32_11.jpg,labels/pyronear_courmettes_4_2023_10_12T16_32_11.txt,True,brume,['brume'],['batiment']
images/pyronear_brison_2_2023_10_19T17_00_20.jpg,labels/pyronear_brison_2_2023_10_19T17_00_20.txt,True,brume,"['batiment', 'brume']",['brume']
images/pyronear_marguerite_4_2023_10_17T14_51_20.jpg,labels/pyronear_marguerite_4_2023_10_17T14_51_20.txt,True,batiment,['batiment'],"['brume', 'pluie']"
images/pyronear_brison_2_2023_09_21T08_25_56.jpg,labels/pyronear_brison_2_2023_09_21T08_25_56.txt,True,brume,"['batiment', 'brume']",['brume']
images/pyronear_brison_2_2023_09_21T08_51_25.jpg,labels/pyronear_brison_2_2023_09_21T08_51_25.txt,True,brume,"['batiment', 'brume']",['brume']
images/pyronear_marguerite_4_2023_06_09T13_21_15.jpg,labels/pyronear_marguerite_4_2023_06_09T13_21_15.txt,True,tache,"['batiment', 'tache']","['brume', 'pluie']"
images/pyronear_courmettes_1_2023_11_07T13_29_15.jpg,labels/pyronear_courmettes_1_2023_11_07T13_29_15.txt,True,nuagesbas,['nuagesbas'],[]
images/pyronear_courmettes_1_2023_11_03T06_29_20.jpg,labels/pyronear_courmettes_1_2023_11_03T06_29_20.txt,True,glare,['glaresoleilptrouge'],['soleilcouchant']
images/pyronear_brison_2_2023_09_22T08_52_47.jpg,labels/pyronear_brison_2_2023_09_22T08_52_47.txt,True,nuagesbas,['nuagesbas'],['batiment']
images/pyronear_brison_4_2023_08_17T08_03_20.jpg,labels/pyronear_brison_4_2023_08_17T08_03_20.txt,True,grosnuages,['grosnuages'],"['insecte', 'tache']"
images/pyronear_marguerite_4_2023_06_09T13_43_45.jpg,labels/pyronear_marguerite_4_2023_06_09T13_43_45.txt,True,tache,"['batiment', 'tache']","['brume', 'pluie']"
images/pyronear_salaunes_2_1_2023_08_27T08_37_05.jpg,labels/pyronear_salaunes_2_1_2023_08_27T08_37_05.txt,True,grosnuages,['grosnuages'],[]
images/pyronear_courmettes_4_2023_11_02T09_31_06.jpg,labels/pyronear_courmettes_4_2023_11_02T09_31_06.txt,True,arbre,['arbre'],['brume']
images/pyronear_brison_4_2023_10_29T12_07_49.jpg,labels/pyronear_brison_4_2023_10_29T12_07_49.txt,True,grosnuages,['grosnuages'],['brume']
images/pyronear_salaunes_1_4_2023_10_04T17_24_17.jpg,labels/pyronear_salaunes_1_4_2023_10_04T17_24_17.txt,True,glare,['glareptjaune'],[]
images/pyronear_marguerite_1_2023_09_10T16_16_43.jpg,labels/pyronear_marguerite_1_2023_09_10T16_16_43.txt,True,glare,['glare'],[]
images/pyronear_marguerite_1_2023_09_13T16_53_15.jpg,labels/pyronear_marguerite_1_2023_09_13T16_53_15.txt,True,soleil,['soleilrayons'],[]
images/pyronear_valbonne_2_2023_11_07T14_42_20.jpg,labels/pyronear_valbonne_2_2023_11_07T14_42_20.txt,True,nuagesbas,['nuagesbas'],[]
images/pyronear_salaunes_2_4_2023_08_19T05_11_01.jpg,labels/pyronear_salaunes_2_4_2023_08_19T05_11_01.txt,True,tuyau,['tuyau'],[]
images/pyronear_cabanelle_1_2023_10_13T08_55_05.jpg,labels/pyronear_cabanelle_1_2023_10_13T08_55_05.txt,True,grosnuages,['grosnuages'],[]
images/pyronear_ferion_2_2023_10_29T15_08_07.jpg,labels/pyronear_ferion_2_2023_10_29T15_08_07.txt,True,grosnuages,['grosnuages'],[]
images/pyronear_valbonne_4_2023_10_29T08_56_49.jpg,labels/pyronear_valbonne_4_2023_10_29T08_56_49.txt,True,nuagesbas,['nuagesbas'],[]
images/pyronear_brison_1_2023_06_26T04_04_03.jpg,labels/pyronear_brison_1_2023_06_26T04_04_03.txt,True,soleil,['soleil'],[]
images/pyronear_cabanelle_1_2023_10_10T08_51_39.jpg,labels/pyronear_cabanelle_1_2023_10_10T08_51_39.txt,True,grosnuages,"['grosnuages', 'nuagesbas']",[]
images/pyronear_courmettes_1_2023_11_07T12_56_14.jpg,labels/pyronear_courmettes_1_2023_11_07T12_56_14.txt,True,nuagesbas,['nuagesbas'],[]
images/pyronear_courmettes_4_2023_10_03T17_26_24.jpg,labels/pyronear_courmettes_4_2023_10_03T17_26_24.txt,True,nuagesbas,['nuagesbas'],"['antenne', 'soleilcouchant']"
images/pyronear_cabanelle_1_2023_10_13T09_21_04.jpg,labels/pyronear_cabanelle_1_2023_10_13T09_21_04.txt,True,grosnuages,['grosnuages'],[]
images/pyronear_brison_2_2023_06_09T13_23_44.jpg,labels/pyronear_brison_2_2023_06_09T13_23_44.txt,True,nuagesbas,['nuagesbas'],['batiment']
images/pyronear_brison_4_2023_10_28T08_17_47.jpg,labels/pyronear_brison_4_2023_10_28T08_17_47.txt,True,nuagesbas,['nuagesbas'],[]
images/pyronear_brison_2_2023_09_21T06_48_51.jpg,labels/pyronear_brison_2_2023_09_21T06_48_51.txt,True,brume,"['batiment', 'brume']",['brume']
images/pyronear_brison_4_2023_06_16T18_57_57.jpg,labels/pyronear_brison_4_2023_06_16T18_57_57.txt,True,glare,['glareptjaune'],[]
images/pyronear_brison_1_2023_06_13T06_05_45.jpg,labels/pyronear_brison_1_2023_06_13T06_05_45.txt,True,grosnuages,['grosnuages'],[]
images/pyronear_valbonne_3_2023_10_20T16_21_54.jpg,labels/pyronear_valbonne_3_2023_10_20T16_21_54.txt,True,glare,['glare'],[]
images/pyronear_valbonne_4_2023_10_24T16_29_09.jpg,labels/pyronear_valbonne_4_2023_10_24T16_29_09.txt,True,nuagesbas,['nuagesbas'],[]
images/pyronear_marguerite_3_2023_09_18T05_30_46.jpg,labels/pyronear_marguerite_3_2023_09_18T05_30_46.txt,True,arbre,['arbre'],['brume']
images/pyronear_brison_2_2023_09_18T08_32_44.jpg,labels/pyronear_brison_2_2023_09_18T08_32_44.txt,True,brume,"['batiment', 'brume']",['brume']
images/pyronear_marguerite_1_2023_09_10T16_12_13.jpg,labels/pyronear_marguerite_1_2023_09_10T16_12_13.txt,True,glare,['glare'],[]
images/pyronear_valbonne_4_2023_10_02T05_46_25.jpg,labels/pyronear_valbonne_4_2023_10_02T05_46_25.txt,True,soleil,"['glare', 'soleil']",['batiment']
images/pyronear_brison_2_2023_10_30T06_42_52.jpg,labels/pyronear_brison_2_2023_10_30T06_42_52.txt,True,brume,"['batiment', 'brume']",['brume']
images/pyronear_salaunes_1_4_2023_10_02T17_25_52.jpg,labels/pyronear_salaunes_1_4_2023_10_02T17_25_52.txt,True,glare,['glareptjaune'],[]
images/pyronear_valbonne_3_2023_09_29T17_48_56.jpg,labels/pyronear_valbonne_3_2023_09_29T17_48_56.txt,True,batiment,['batimentloin'],['soleilcouchant']
images/pyronear_brison_2_2023_09_21T08_46_25.jpg,labels/pyronear_brison_2_2023_09_21T08_46_25.txt,True,brume,"['batiment', 'brume']",['brume']
images/pyronear_brison_3_2023_08_29T06_06_53.jpg,labels/pyronear_brison_3_2023_08_29T06_06_53.txt,True,montagne,['montagne'],[]
images/pyronear_brison_4_2023_06_28T18_57_04.jpg,labels/pyronear_brison_4_2023_06_28T18_57_04.txt,True,glare,['glare'],[]
images/pyronear_brison_4_2023_10_28T08_21_23.jpg,labels/pyronear_brison_4_2023_10_28T08_21_23.txt,True,nuagesbas,['nuagesbas'],[]
images/pyronear_cabanelle_1_2023_10_13T09_34_34.jpg,labels/pyronear_cabanelle_1_2023_10_13T09_34_34.txt,True,grosnuages,['grosnuages'],[]
images/pyronear_brison_4_2023_08_17T10_16_52.jpg,labels/pyronear_brison_4_2023_08_17T10_16_52.txt,True,grosnuages,['grosnuages'],"['insecte', 'tache']"
images/pyronear_brison_2_2023_09_21T05_55_20.jpg,labels/pyronear_brison_2_2023_09_21T05_55_20.txt,True,brume,"['batiment', 'brume']",['brume']
images/pyronear_courmettes_1_2023_11_03T06_28_20.jpg,labels/pyronear_courmettes_1_2023_11_03T06_28_20.txt,True,glare,['glaresoleilptrouge'],['soleilcouchant']
images/pyronear_valbonne_4_2023_10_29T06_04_14.jpg,labels/pyronear_valbonne_4_2023_10_29T06_04_14.txt,True,nuagesbas,['nuagesbas'],[]
images/pyronear_salaunes_2_4_2023_08_19T05_18_35.jpg,labels/pyronear_salaunes_2_4_2023_08_19T05_18_35.txt,True,tuyau,['tuyau'],[]
images/pyronear_marguerite_3_2023_09_18T07_27_54.jpg,labels/pyronear_marguerite_3_2023_09_18T07_27_54.txt,True,arbre,['arbre'],['brume']
images/pyronear_cabanelle_1_2023_10_13T09_42_04.jpg,labels/pyronear_cabanelle_1_2023_10_13T09_42_04.txt,True,grosnuages,['grosnuages'],[]
images/pyronear_courmettes_1_2023_11_07T06_26_01.jpg,labels/pyronear_courmettes_1_2023_11_07T06_26_01.txt,True,glare,['glaresoleilptrouge'],['soleilcouchant']
images/pyronear_valbonne_2_2023_11_05T15_53_37.jpg,labels/pyronear_valbonne_2_2023_11_05T15_53_37.txt,True,nuagesbas,['nuagesbas'],[]
images/pyronear_cabanelle_1_2023_10_13T08_33_02.jpg,labels/pyronear_cabanelle_1_2023_10_13T08_33_02.txt,True,grosnuages,['grosnuages'],[]
images/pyronear_salaunes_1_4_2023_09_29T17_23_53.jpg,labels/pyronear_salaunes_1_4_2023_09_29T17_23_53.txt,True,glare,['glareptjaune'],[]
images/pyronear_brison_2_2023_06_08T06_19_42.jpg,labels/pyronear_brison_2_2023_06_08T06_19_42.txt,True,grosnuages,['grosnuages'],['batiment']
images/pyronear_marguerite_2_2023_08_15T18_42_19.jpg,labels/pyronear_marguerite_2_2023_08_15T18_42_19.txt,True,nuagesbas,['nuagesbas'],['soleilcouchant']
images/pyronear_brison_3_2023_09_07T06_42_24.jpg,labels/pyronear_brison_3_2023_09_07T06_42_24.txt,True,montagne,['montagne'],[]
images/pyronear_brison_2_2023_10_30T06_56_23.jpg,labels/pyronear_brison_2_2023_10_30T06_56_23.txt,True,brume,"['batiment', 'brume']",['brume']
images/pyronear_valbonne_2_2023_11_05T15_30_06.jpg,labels/pyronear_valbonne_2_2023_11_05T15_30_06.txt,True,nuagesbas,['nuagesbas'],[]
images/pyronear_cabanelle_1_2023_10_13T08_17_01.jpg,labels/pyronear_cabanelle_1_2023_10_13T08_17_01.txt,True,grosnuages,['grosnuages'],[]
images/pyronear_valbonne_4_2023_10_29T09_44_51.jpg,labels/pyronear_valbonne_4_2023_10_29T09_44_51.txt,True,nuagesbas,['nuagesbas'],[]
images/pyronear_valbonne_2_2023_11_06T15_42_15.jpg,labels/pyronear_valbonne_2_2023_11_06T15_42_15.txt,True,nuagesbas,['nuagesbas'],[]
images/pyronear_marguerite_3_2023_09_18T09_07_27.jpg,labels/pyronear_marguerite_3_2023_09_18T09_07_27.txt,True,arbre,['arbre'],['brume']
images/pyronear_brison_4_2023_07_30T06_01_35.jpg,labels/pyronear_brison_4_2023_07_30T06_01_35.txt,True,nuagesbas,['nuagesbas'],[]
images/pyronear_brison_2_2023_10_19T08_59_07.jpg,labels/pyronear_brison_2_2023_10_19T08_59_07.txt,True,brume,"['batiment', 'brume']",['brume']
images/pyronear_cabanelle_1_2023_10_10T14_59_21.jpg,labels/pyronear_cabanelle_1_2023_10_10T14_59_21.txt,True,grosnuages,"['grosnuages', 'nuagesbas']",[]
images/pyronear_marguerite_3_2023_09_18T08_00_25.jpg,labels/pyronear_marguerite_3_2023_09_18T08_00_25.txt,True,arbre,['arbre'],['brume']
images/pyronear_brison_2_2023_10_05T05_43_07.jpg,labels/pyronear_brison_2_2023_10_05T05_43_07.txt,True,soleil,"['nuagesbas', 'soleil']",['batiment']
images/pyronear_valbonne_4_2023_11_02T11_19_07.jpg,labels/pyronear_valbonne_4_2023_11_02T11_19_07.txt,True,nuagesbas,['nuagesbas'],[]
images/pyronear_brison_1_2023_06_13T06_14_27.jpg,labels/pyronear_brison_1_2023_06_13T06_14_27.txt,True,grosnuages,['grosnuages'],[]
images/pyronear_courmettes_4_2023_11_02T08_37_06.jpg,labels/pyronear_courmettes_4_2023_11_02T08_37_06.txt,True,arbre,['arbre'],['brume']
images/pyronear_ferion_2_2023_11_06T06_43_17.jpg,labels/pyronear_ferion_2_2023_11_06T06_43_17.txt,True,glare,"['glare', 'tache']",[]
images/pyronear_brison_2_2023_10_30T13_54_35.jpg,labels/pyronear_brison_2_2023_10_30T13_54_35.txt,True,brume,"['batiment', 'brume']",['brume']
images/pyronear_valbonne_3_2023_09_30T17_39_06.jpg,labels/pyronear_valbonne_3_2023_09_30T17_39_06.txt,True,batiment,['batimentloin'],['soleilcouchant']
images/pyronear_valbonne_2_2023_11_05T16_41_41.jpg,labels/pyronear_valbonne_2_2023_11_05T16_41_41.txt,True,nuagesbas,['nuagesbas'],[]
images/pyronear_ferion_2_2023_10_28T15_09_36.jpg,labels/pyronear_ferion_2_2023_10_28T15_09_36.txt,True,grosnuages,['grosnuages'],[]
images/pyronear_brison_2_2023_10_29T06_22_28.jpg,labels/pyronear_brison_2_2023_10_29T06_22_28.txt,True,brume,"['batiment', 'brume']",['brume']
images/pyronear_courmettes_4_2023_10_11T15_59_11.jpg,labels/pyronear_courmettes_4_2023_10_11T15_59_11.txt,True,nuagesbas,['nuagesbas'],['brume']
images/pyronear_brison_1_2023_06_22T12_13_50.jpg,labels/pyronear_brison_1_2023_06_22T12_13_50.txt,True,grosnuages,['grosnuages'],[]
images/pyronear_cabanelle_1_2023_10_10T15_29_52.jpg,labels/pyronear_cabanelle_1_2023_10_10T15_29_52.txt,True,grosnuages,"['grosnuages', 'nuagesbas']",[]
images/pyronear_marguerite_1_2023_09_14T16_12_36.jpg,labels/pyronear_marguerite_1_2023_09_14T16_12_36.txt,True,glare,['glaresoleilrayons'],[]
images/pyronear_marguerite_3_2023_09_18T09_13_59.jpg,labels/pyronear_marguerite_3_2023_09_18T09_13_59.txt,True,arbre,['arbre'],['brume']
images/pyronear_brison_1_2023_06_22T13_36_55.jpg,labels/pyronear_brison_1_2023_06_22T13_36_55.txt,True,nuagesbas,['nuagesbas'],[]
images/pyronear_brison_2_2023_10_30T07_44_54.jpg,labels/pyronear_brison_2_2023_10_30T07_44_54.txt,True,brume,"['batiment', 'brume']",['brume']
images/pyronear_cabanelle_1_2023_10_10T11_51_45.jpg,labels/pyronear_cabanelle_1_2023_10_10T11_51_45.txt,True,grosnuages,"['grosnuages', 'nuagesbas']",[]
images/pyronear_marguerite_3_2023_09_18T06_58_26.jpg,labels/pyronear_marguerite_3_2023_09_18T06_58_26.txt,True,arbre,['arbre'],['brume']
images/pyronear_courmettes_4_2023_10_20T16_06_55.jpg,labels/pyronear_courmettes_4_2023_10_20T16_06_55.txt,True,grosnuages,['grosnuages'],"['antenne', 'soleilcontrejour']"
images/pyronear_valbonne_2_2023_11_05T15_05_07.jpg,labels/pyronear_valbonne_2_2023_11_05T15_05_07.txt,True,nuagesbas,['nuagesbas'],[]
images/pyronear_cabanelle_1_2023_10_13T08_55_02.jpg,labels/pyronear_cabanelle_1_2023_10_13T08_55_02.txt,True,grosnuages,['grosnuages'],[]
images/pyronear_brison_2_2023_10_29T06_18_30.jpg,labels/pyronear_brison_2_2023_10_29T06_18_30.txt,True,brume,"['batiment', 'brume']",['brume']
images/pyronear_courmettes_1_2023_11_07T13_51_46.jpg,labels/pyronear_courmettes_1_2023_11_07T13_51_46.txt,True,nuagesbas,['nuagesbas'],[]
images/pyronear_marguerite_4_2023_10_29T13_18_15.jpg,labels/pyronear_marguerite_4_2023_10_29T13_18_15.txt,True,batiment,['batiment'],"['brume', 'pluie']"
images/pyronear_courmettes_4_2023_10_11T15_57_43.jpg,labels/pyronear_courmettes_4_2023_10_11T15_57_43.txt,True,nuagesbas,['nuagesbas'],['brume']
images/pyronear_salaunes_2_4_2023_08_19T05_44_34.jpg,labels/pyronear_salaunes_2_4_2023_08_19T05_44_34.txt,True,tuyau,['tuyau'],[]
images/pyronear_marguerite_1_2023_07_30T16_17_01.jpg,labels/pyronear_marguerite_1_2023_07_30T16_17_01.txt,True,soleil,['soleilrayons'],[]
images/pyronear_courmettes_1_2023_11_07T12_48_43.jpg,labels/pyronear_courmettes_1_2023_11_07T12_48_43.txt,True,nuagesbas,['nuagesbas'],[]
images/pyronear_brison_4_2023_08_17T10_06_21.jpg,labels/pyronear_brison_4_2023_08_17T10_06_21.txt,True,grosnuages,['grosnuages'],"['insecte', 'tache']"
images/pyronear_valbonne_4_2023_10_01T05_58_18.jpg,labels/pyronear_valbonne_4_2023_10_01T05_58_18.txt,True,soleil,['soleil'],['batiment']
images/pyronear_salaunes_2_1_2023_08_27T08_56_35.jpg,labels/pyronear_salaunes_2_1_2023_08_27T08_56_35.txt,True,grosnuages,['grosnuages'],[]
images/pyronear_courmettes_4_2023_10_14T16_37_00.jpg,labels/pyronear_courmettes_4_2023_10_14T16_37_00.txt,True,soleil,['soleil'],['soleilcouchant']
images/pyronear_cabanelle_1_2023_10_13T08_31_32.jpg,labels/pyronear_cabanelle_1_2023_10_13T08_31_32.txt,True,grosnuages,['grosnuages'],[]
images/pyronear_valbonne_2_2023_11_06T15_55_15.jpg,labels/pyronear_valbonne_2_2023_11_06T15_55_15.txt,True,nuagesbas,['nuagesbas'],[]
images/pyronear_valbonne_2_2023_11_06T15_20_14.jpg,labels/pyronear_valbonne_2_2023_11_06T15_20_14.txt,True,nuagesbas,['nuagesbas'],[]
images/pyronear_brison_1_2023_06_12T13_18_22.jpg,labels/pyronear_brison_1_2023_06_12T13_18_22.txt,True,nuagesbas,['nuagesbas'],[]
images/pyronear_brison_3_2023_09_07T06_53_01.jpg,labels/pyronear_brison_3_2023_09_07T06_53_01.txt,True,montagne,['montagne'],[]
images/pyronear_marguerite_4_2023_06_09T13_09_15.jpg,labels/pyronear_marguerite_4_2023_06_09T13_09_15.txt,True,tache,"['batiment', 'tache']","['brume', 'pluie']"
images/pyronear_valbonne_3_2023_09_29T17_42_57.jpg,labels/pyronear_valbonne_3_2023_09_29T17_42_57.txt,True,batiment,['batimentloin'],['soleilcouchant']
images/pyronear_marguerite_1_2023_08_22T15_49_50.jpg,labels/pyronear_marguerite_1_2023_08_22T15_49_50.txt,True,soleil,['soleilrayons'],[]
images/pyronear_brison_4_2023_10_29T10_02_12.jpg,labels/pyronear_brison_4_2023_10_29T10_02_12.txt,True,grosnuages,['grosnuages'],['brume']
images/pyronear_valbonne_4_2023_10_29T07_26_46.jpg,labels/pyronear_valbonne_4_2023_10_29T07_26_46.txt,True,nuagesbas,['nuagesbas'],[]
images/pyronear_brison_1_2023_06_22T13_37_12.jpg,labels/pyronear_brison_1_2023_06_22T13_37_12.txt,True,nuagesbas,['nuagesbas'],[]
images/pyronear_marguerite_1_2023_06_13T18_25_44.jpg,labels/pyronear_marguerite_1_2023_06_13T18_25_44.txt,True,grosnuages,['grosnuages'],[]
images/pyronear_cabanelle_1_2023_10_10T14_41_20.jpg,labels/pyronear_cabanelle_1_2023_10_10T14_41_20.txt,True,grosnuages,"['grosnuages', 'nuagesbas']",[]
images/pyronear_brison_3_2023_10_01T15_40_17.jpg,labels/pyronear_brison_3_2023_10_01T15_40_17.txt,True,montagne,['montagne'],[]
images/pyronear_brison_3_2023_09_25T18_04_37.jpg,labels/pyronear_brison_3_2023_09_25T18_04_37.txt,True,glare,['glareptrouge'],['soleilcouchant']
images/pyronear_valbonne_2_2023_11_06T15_12_44.jpg,labels/pyronear_valbonne_2_2023_11_06T15_12_44.txt,True,nuagesbas,['nuagesbas'],[]
images/pyronear_marguerite_1_2023_09_14T16_07_36.jpg,labels/pyronear_marguerite_1_2023_09_14T16_07_36.txt,True,glare,['glaresoleilrayons'],[]
images/pyronear_salaunes_2_1_2023_08_11T04_45_34.jpg,labels/pyronear_salaunes_2_1_2023_08_11T04_45_34.txt,True,arbre,['arbre'],['brume']
images/pyronear_salaunes_2_1_2023_08_11T04_46_04.jpg,labels/pyronear_salaunes_2_1_2023_08_11T04_46_04.txt,True,arbre,['arbre'],['brume']
images/pyronear_valbonne_4_2023_10_30T15_35_30.jpg,labels/pyronear_valbonne_4_2023_10_30T15_35_30.txt,True,nuagesbas,['nuagesbas'],[]
images/pyronear_brison_2_2023_09_22T08_43_27.jpg,labels/pyronear_brison_2_2023_09_22T08_43_27.txt,True,nuagesbas,['nuagesbas'],['batiment']
images/pyronear_cabanelle_2_2023_09_30T05_49_41.jpg,labels/pyronear_cabanelle_2_2023_09_30T05_49_41.txt,True,soleil,"['glare', 'refletslac', 'soleil', 'tacherouge']",[]
images/pyronear_valbonne_3_2023_10_20T10_35_39.jpg,labels/pyronear_valbonne_3_2023_10_20T10_35_39.txt,True,nuagesbas,['nuagesbas'],[]
images/pyronear_cabanelle_1_2023_10_11T11_06_51.jpg,labels/pyronear_cabanelle_1_2023_10_11T11_06_51.txt,True,brume,['brume'],[]
images/pyronear_valbonne_4_2023_10_29T09_53_22.jpg,labels/pyronear_valbonne_4_2023_10_29T09_53_22.txt,True,nuagesbas,['nuagesbas'],[]
images/pyronear_marguerite_1_2023_09_14T14_52_34.jpg,labels/pyronear_marguerite_1_2023_09_14T14_52_34.txt,True,nuagesbas,['nuagesbas'],[]
images/pyronear_valbonne_3_2023_11_06T15_55_22.jpg,labels/pyronear_valbonne_3_2023_11_06T15_55_22.txt,True,batiment,"['batiment', 'soleil']",['soleilcouchant']
images/pyronear_valbonne_2_2023_11_07T06_29_02.jpg,labels/pyronear_valbonne_2_2023_11_07T06_29_02.txt,True,nuagesbas,['nuagesbas'],[]
images/pyronear_salaunes_1_4_2023_10_04T17_19_18.jpg,labels/pyronear_salaunes_1_4_2023_10_04T17_19_18.txt,True,glare,['glareptjaune'],[]
images/pyronear_marguerite_3_2023_09_18T08_08_04.jpg,labels/pyronear_marguerite_3_2023_09_18T08_08_04.txt,True,arbre,['arbre'],['brume']
images/pyronear_marguerite_3_2023_09_18T08_11_25.jpg,labels/pyronear_marguerite_3_2023_09_18T08_11_25.txt,True,arbre,['arbre'],['brume']
images/pyronear_salaunes_1_4_2023_10_05T17_16_44.jpg,labels/pyronear_salaunes_1_4_2023_10_05T17_16_44.txt,True,glare,['glareptjaune'],[]
images/pyronear_valbonne_3_2023_10_20T11_20_40.jpg,labels/pyronear_valbonne_3_2023_10_20T11_20_40.txt,True,nuagesbas,['nuagesbas'],[]
images/pyronear_brison_2_2023_10_30T13_42_19.jpg,labels/pyronear_brison_2_2023_10_30T13_42_19.txt,True,brume,"['batiment', 'brume']",['brume']
images/pyronear_brison_2_2023_10_09T05_52_45.jpg,labels/pyronear_brison_2_2023_10_09T05_52_45.txt,True,soleil,['soleil'],['batiment']
images/pyronear_cabanelle_1_2023_10_10T11_26_44.jpg,labels/pyronear_cabanelle_1_2023_10_10T11_26_44.txt,True,grosnuages,"['grosnuages', 'nuagesbas']",[]
images/pyronear_ferion_3_2023_10_20T12_19_13.jpg,labels/pyronear_ferion_3_2023_10_20T12_19_13.txt,True,brume,['brume'],[]
images/pyronear_valbonne_4_2023_10_01T05_46_46.jpg,labels/pyronear_valbonne_4_2023_10_01T05_46_46.txt,True,soleil,['soleil'],['batiment']
images/pyronear_cabanelle_2_2023_10_02T06_02_34.jpg,labels/pyronear_cabanelle_2_2023_10_02T06_02_34.txt,True,soleil,"['glare', 'refletslac', 'soleil', 'tacherouge']",[]
images/pyronear_marguerite_4_2023_09_16T08_22_58.jpg,labels/pyronear_marguerite_4_2023_09_16T08_22_58.txt,True,tache,"['batiment', 'tache']","['brume', 'pluie']"
images/pyronear_marguerite_3_2023_09_18T07_59_29.jpg,labels/pyronear_marguerite_3_2023_09_18T07_59_29.txt,True,arbre,['arbre'],['brume']
images/pyronear_salaunes_2_1_2023_11_05T10_46_22.jpg,labels/pyronear_salaunes_2_1_2023_11_05T10_46_22.txt,True,grosnuages,['grosnuagesrefletssoleil'],[]
images/pyronear_courmettes_1_2023_11_07T13_43_45.jpg,labels/pyronear_courmettes_1_2023_11_07T13_43_45.txt,True,nuagesbas,['nuagesbas'],[]
images/pyronear_brison_2_2023_10_19T08_02_06.jpg,labels/pyronear_brison_2_2023_10_19T08_02_06.txt,True,brume,"['batiment', 'brume']",['brume']
images/pyronear_valbonne_2_2023_11_05T14_48_05.jpg,labels/pyronear_valbonne_2_2023_11_05T14_48_05.txt,True,nuagesbas,['nuagesbas'],[]
images/pyronear_cabanelle_1_2023_10_10T14_39_50.jpg,labels/pyronear_cabanelle_1_2023_10_10T14_39_50.txt,True,grosnuages,"['grosnuages', 'nuagesbas']",[]
images/pyronear_marguerite_2_2023_09_10T18_31_20.jpg,labels/pyronear_marguerite_2_2023_09_10T18_31_20.txt,True,nuagesbas,['nuagesbas'],['soleilcouchant']
images/pyronear_cabanelle_1_2023_10_13T08_43_32.jpg,labels/pyronear_cabanelle_1_2023_10_13T08_43_32.txt,True,grosnuages,['grosnuages'],[]
images/pyronear_brison_4_2023_08_17T08_37_51.jpg,labels/pyronear_brison_4_2023_08_17T08_37_51.txt,True,grosnuages,['grosnuages'],"['insecte', 'tache']"
images/pyronear_ferion_2_2023_10_27T06_54_59.jpg,labels/pyronear_ferion_2_2023_10_27T06_54_59.txt,True,glare,"['glare', 'tache']",[]
images/pyronear_cabanelle_1_2023_10_11T06_46_27.jpg,labels/pyronear_cabanelle_1_2023_10_11T06_46_27.txt,True,brume,['brume'],[]
images/pyronear_valbonne_4_2023_11_07T06_15_38.jpg,labels/pyronear_valbonne_4_2023_11_07T06_15_38.txt,True,soleil,['soleil'],['batiment']
images/pyronear_courmettes_4_2023_10_20T16_23_27.jpg,labels/pyronear_courmettes_4_2023_10_20T16_23_27.txt,True,grosnuages,['grosnuages'],"['antenne', 'soleilcontrejour']"
images/pyronear_marguerite_1_2023_08_11T15_32_13.jpg,labels/pyronear_marguerite_1_2023_08_11T15_32_13.txt,True,soleil,['soleilrayons'],[]
images/pyronear_valbonne_4_2023_10_08T05_39_24.jpg,labels/pyronear_valbonne_4_2023_10_08T05_39_24.txt,True,soleil,['soleil'],['batiment']
images/pyronear_brison_2_2023_11_01T10_50_37.jpg,labels/pyronear_brison_2_2023_11_01T10_50_37.txt,True,brume,"['batiment', 'brume']",['brume']
images/pyronear_marguerite_3_2023_09_18T08_02_25.jpg,labels/pyronear_marguerite_3_2023_09_18T08_02_25.txt,True,arbre,['arbre'],['brume']
images/pyronear_courmettes_1_2023_11_07T13_04_14.jpg,labels/pyronear_courmettes_1_2023_11_07T13_04_14.txt,True,nuagesbas,['nuagesbas'],[]
images/pyronear_cabanelle_1_2023_10_09T13_56_15.jpg,labels/pyronear_cabanelle_1_2023_10_09T13_56_15.txt,True,nuagesbas,['nuagesbas'],[]
images/pyronear_courmettes_4_2023_11_02T11_23_13.jpg,labels/pyronear_courmettes_4_2023_11_02T11_23_13.txt,True,arbre,['arbre'],['brume']
images/pyronear_courmettes_1_2023_09_26T05_22_42.jpg,labels/pyronear_courmettes_1_2023_09_26T05_22_42.txt,True,soleil,['soleil'],[]
images/pyronear_st_peray_1_2023_07_21T08_54_00.jpg,labels/pyronear_st_peray_1_2023_07_21T08_54_00.txt,True,grosnuages,['grosnuages'],[]
images/pyronear_cabanelle_2_2023_09_30T06_10_41.jpg,labels/pyronear_cabanelle_2_2023_09_30T06_10_41.txt,True,soleil,"['glare', 'refletslac', 'soleil', 'tacherouge']",[]
images/pyronear_marguerite_3_2023_09_18T08_39_26.jpg,labels/pyronear_marguerite_3_2023_09_18T08_39_26.txt,True,arbre,['arbre'],['brume']
images/pyronear_cabanelle_2_2023_10_01T06_46_36.jpg,labels/pyronear_cabanelle_2_2023_10_01T06_46_36.txt,True,soleil,"['refletslac', 'soleil']",[]
images/pyronear_brison_4_2023_08_17T10_00_28.jpg,labels/pyronear_brison_4_2023_08_17T10_00_28.txt,True,grosnuages,['grosnuages'],"['insecte', 'tache']"
images/pyronear_brison_4_2023_10_28T06_13_22.jpg,labels/pyronear_brison_4_2023_10_28T06_13_22.txt,True,nuagesbas,['nuagesbas'],[]
images/pyronear_cabanelle_1_2023_10_10T08_36_54.jpg,labels/pyronear_cabanelle_1_2023_10_10T08_36_54.txt,True,grosnuages,"['grosnuages', 'nuagesbas']",[]
images/pyronear_brison_4_2023_10_30T15_15_21.jpg,labels/pyronear_brison_4_2023_10_30T15_15_21.txt,True,grosnuages,['grosnuages'],['brume']
images/pyronear_brison_2_2023_09_21T05_52_20.jpg,labels/pyronear_brison_2_2023_09_21T05_52_20.txt,True,brume,"['batiment', 'brume']",['brume']
images/pyronear_courmettes_1_2023_11_07T12_58_14.jpg,labels/pyronear_courmettes_1_2023_11_07T12_58_14.txt,True,nuagesbas,['nuagesbas'],[]
images/pyronear_cabanelle_1_2023_10_11T14_56_58.jpg,labels/pyronear_cabanelle_1_2023_10_11T14_56_58.txt,True,brume,['brume'],[]
images/pyronear_brison_3_2023_08_29T06_21_44.jpg,labels/pyronear_brison_3_2023_08_29T06_21_44.txt,True,montagne,['montagne'],[]
images/pyronear_courmettes_4_2023_11_02T09_42_07.jpg,labels/pyronear_courmettes_4_2023_11_02T09_42_07.txt,True,arbre,['arbre'],['brume']
images/pyronear_courmettes_1_2023_11_03T06_23_20.jpg,labels/pyronear_courmettes_1_2023_11_03T06_23_20.txt,True,glare,['glaresoleilptrouge'],['soleilcouchant']
images/pyronear_valbonne_2_2023_11_06T15_46_45.jpg,labels/pyronear_valbonne_2_2023_11_06T15_46_45.txt,True,nuagesbas,['nuagesbas'],[]
images/pyronear_valbonne_4_2023_10_02T06_04_26.jpg,labels/pyronear_valbonne_4_2023_10_02T06_04_26.txt,True,soleil,['soleil'],['batiment']
images/pyronear_courmettes_4_2023_10_14T16_36_58.jpg,labels/pyronear_courmettes_4_2023_10_14T16_36_58.txt,True,soleil,['soleil'],['soleilcouchant']
images/pyronear_marguerite_4_2023_10_24T11_13_28.jpg,labels/pyronear_marguerite_4_2023_10_24T11_13_28.txt,True,nuagesbas,['nuagesbas'],[]
images/pyronear_cabanelle_1_2023_10_11T11_09_50.jpg,labels/pyronear_cabanelle_1_2023_10_11T11_09_50.txt,True,brume,['brume'],[]
images/pyronear_courmettes_1_2023_11_07T06_14_00.jpg,labels/pyronear_courmettes_1_2023_11_07T06_14_00.txt,True,glare,['glaresoleilptrouge'],['soleilcouchant']
images/pyronear_brison_1_2023_09_13T05_47_12.jpg,labels/pyronear_brison_1_2023_09_13T05_47_12.txt,True,nuagesbas,['nuagesbas'],[]
images/pyronear_brison_3_2023_08_29T06_07_20.jpg,labels/pyronear_brison_3_2023_08_29T06_07_20.txt,True,montagne,['montagne'],[]
images/pyronear_courmettes_1_2023_11_07T12_46_44.jpg,labels/pyronear_courmettes_1_2023_11_07T12_46_44.txt,True,nuagesbas,['nuagesbas'],[]
images/pyronear_marguerite_2_2023_08_15T18_40_19.jpg,labels/pyronear_marguerite_2_2023_08_15T18_40_19.txt,True,nuagesbas,['nuagesbas'],['soleilcouchant']
images/pyronear_cabanelle_1_2023_10_10T11_26_15.jpg,labels/pyronear_cabanelle_1_2023_10_10T11_26_15.txt,True,grosnuages,"['grosnuages', 'nuagesbas']",[]
images/pyronear_valbonne_2_2023_11_07T14_29_19.jpg,labels/pyronear_valbonne_2_2023_11_07T14_29_19.txt,True,nuagesbas,['nuagesbas'],[]
images/pyronear_marguerite_3_2023_09_18T08_53_57.jpg,labels/pyronear_marguerite_3_2023_09_18T08_53_57.txt,True,arbre,['arbre'],['brume']
images/pyronear_marguerite_3_2023_09_18T08_21_58.jpg,labels/pyronear_marguerite_3_2023_09_18T08_21_58.txt,True,arbre,['arbre'],['brume']
images/pyronear_brison_2_2023_09_22T08_57_13.jpg,labels/pyronear_brison_2_2023_09_22T08_57_13.txt,True,nuagesbas,['nuagesbas'],['batiment']
images/pyronear_marguerite_1_2023_07_30T16_28_31.jpg,labels/pyronear_marguerite_1_2023_07_30T16_28_31.txt,True,soleil,['soleilrayons'],[]
images/pyronear_brison_4_2023_10_28T08_21_01.jpg,labels/pyronear_brison_4_2023_10_28T08_21_01.txt,True,nuagesbas,['nuagesbas'],[]
images/pyronear_courmettes_2_2023_10_24T14_42_53.jpg,labels/pyronear_courmettes_2_2023_10_24T14_42_53.txt,True,grosnuages,['grosnuages'],[]
images/pyronear_valbonne_4_2023_10_08T05_54_54.jpg,labels/pyronear_valbonne_4_2023_10_08T05_54_54.txt,True,soleil,['soleil'],['batiment']
images/pyronear_courmettes_1_2023_11_07T14_06_46.jpg,labels/pyronear_courmettes_1_2023_11_07T14_06_46.txt,True,nuagesbas,['nuagesbas'],[]
images/pyronear_brison_4_2023_08_17T10_18_55.jpg,labels/pyronear_brison_4_2023_08_17T10_18_55.txt,True,grosnuages,['grosnuages'],"['insecte', 'tache']"
images/pyronear_brison_2_2023_10_30T07_32_53.jpg,labels/pyronear_brison_2_2023_10_30T07_32_53.txt,True,brume,"['batiment', 'brume']",['brume']
images/pyronear_valbonne_2_2023_11_05T16_13_38.jpg,labels/pyronear_valbonne_2_2023_11_05T16_13_38.txt,True,nuagesbas,['nuagesbas'],[]
images/pyronear_courmettes_1_2023_11_07T13_25_15.jpg,labels/pyronear_courmettes_1_2023_11_07T13_25_15.txt,True,nuagesbas,['nuagesbas'],[]
images/pyronear_salaunes_2_1_2023_11_05T10_44_22.jpg,labels/pyronear_salaunes_2_1_2023_11_05T10_44_22.txt,True,grosnuages,['grosnuagesrefletssoleil'],[]
images/pyronear_valbonne_4_2023_10_29T07_26_47.jpg,labels/pyronear_valbonne_4_2023_10_29T07_26_47.txt,True,nuagesbas,['nuagesbas'],[]
images/pyronear_marguerite_1_2023_08_22T15_12_19.jpg,labels/pyronear_marguerite_1_2023_08_22T15_12_19.txt,True,soleil,['soleilrayons'],[]
images/pyronear_marguerite_2_2023_09_24T17_40_13.jpg,labels/pyronear_marguerite_2_2023_09_24T17_40_13.txt,True,nuagesbas,['nuagesfiligranes'],[]
images/pyronear_courmettes_1_2023_09_28T05_59_35.jpg,labels/pyronear_courmettes_1_2023_09_28T05_59_35.txt,True,glare,['glaretache'],[]
images/pyronear_brison_1_2023_06_13T06_00_20.jpg,labels/pyronear_brison_1_2023_06_13T06_00_20.txt,True,grosnuages,['grosnuages'],[]
images/pyronear_valbonne_4_2023_10_29T10_01_22.jpg,labels/pyronear_valbonne_4_2023_10_29T10_01_22.txt,True,nuagesbas,['nuagesbas'],[]
images/pyronear_marguerite_3_2023_09_18T09_16_27.jpg,labels/pyronear_marguerite_3_2023_09_18T09_16_27.txt,True,arbre,['arbre'],['brume']
images/pyronear_ferion_1_2023_10_20T13_25_40.jpg,labels/pyronear_ferion_1_2023_10_20T13_25_40.txt,True,arbre,['arbre'],['brume']
images/pyronear_brison_1_2023_06_23T04_04_51.jpg,labels/pyronear_brison_1_2023_06_23T04_04_51.txt,True,soleil,['soleil'],[]
images/pyronear_brison_2_2023_10_02T05_44_04.jpg,labels/pyronear_brison_2_2023_10_02T05_44_04.txt,True,soleil,['soleil'],['batiment']
images/pyronear_marguerite_1_2023_08_22T16_42_52.jpg,labels/pyronear_marguerite_1_2023_08_22T16_42_52.txt,True,soleil,['soleilrayons'],[]
images/pyronear_salaunes_2_4_2023_08_19T05_36_32.jpg,labels/pyronear_salaunes_2_4_2023_08_19T05_36_32.txt,True,tuyau,['tuyau'],[]
images/pyronear_salaunes_1_2_2023_09_30T11_57_13.jpg,labels/pyronear_salaunes_1_2_2023_09_30T11_57_13.txt,True,glare,['glare'],[]
images/pyronear_st_peray_1_2023_07_21T08_52_00.jpg,labels/pyronear_st_peray_1_2023_07_21T08_52_00.txt,True,grosnuages,['grosnuages'],[]
images/pyronear_ferion_3_2023_10_18T07_17_47.jpg,labels/pyronear_ferion_3_2023_10_18T07_17_47.txt,True,brume,['brume'],[]
images/pyronear_valbonne_4_2023_10_29T09_56_54.jpg,labels/pyronear_valbonne_4_2023_10_29T09_56_54.txt,True,nuagesbas,['nuagesbas'],[]
images/pyronear_courmettes_1_2023_11_07T06_30_30.jpg,labels/pyronear_courmettes_1_2023_11_07T06_30_30.txt,True,glare,['glaresoleilptrouge'],['soleilcouchant']
images/pyronear_cabanelle_1_2023_10_10T14_53_50.jpg,labels/pyronear_cabanelle_1_2023_10_10T14_53_50.txt,True,grosnuages,"['grosnuages', 'nuagesbas']",[]
images/pyronear_ferion_4_2023_11_06T16_08_09.jpg,labels/pyronear_ferion_4_2023_11_06T16_08_09.txt,True,nuagesbas,['nuagesbas'],['soleilcouchant']
images/pyronear_brison_4_2023_06_23T18_57_31.jpg,labels/pyronear_brison_4_2023_06_23T18_57_31.txt,True,glare,['glare'],[]
images/pyronear_brison_2_2023_10_30T08_19_55.jpg,labels/pyronear_brison_2_2023_10_30T08_19_55.txt,True,brume,"['batiment', 'brume']",['brume']
images/pyronear_salaunes_2_1_2023_08_27T09_51_37.jpg,labels/pyronear_salaunes_2_1_2023_08_27T09_51_37.txt,True,grosnuages,['grosnuages'],[]
images/pyronear_valbonne_3_2023_10_20T10_36_39.jpg,labels/pyronear_valbonne_3_2023_10_20T10_36_39.txt,True,nuagesbas,['nuagesbas'],[]
images/pyronear_ferion_2_2023_10_28T07_00_39.jpg,labels/pyronear_ferion_2_2023_10_28T07_00_39.txt,True,glare,"['glare', 'tache']",[]
images/pyronear_cabanelle_1_2023_10_10T16_03_24.jpg,labels/pyronear_cabanelle_1_2023_10_10T16_03_24.txt,True,brume,['brume'],[]
images/pyronear_brison_2_2023_10_30T07_56_24.jpg,labels/pyronear_brison_2_2023_10_30T07_56_24.txt,True,brume,"['batiment', 'brume']",['brume']
images/pyronear_marguerite_4_2023_09_16T08_19_58.jpg,labels/pyronear_marguerite_4_2023_09_16T08_19_58.txt,True,tache,"['batiment', 'tache']","['brume', 'pluie']"
images/pyronear_brison_4_2023_10_31T17_08_52.jpg,labels/pyronear_brison_4_2023_10_31T17_08_52.txt,True,nuagesbas,['nuagesbas'],[]
images/pyronear_marguerite_2_2023_08_15T18_41_50.jpg,labels/pyronear_marguerite_2_2023_08_15T18_41_50.txt,True,nuagesbas,['nuagesbas'],['soleilcouchant']
images/pyronear_valbonne_3_2023_10_20T10_39_10.jpg,labels/pyronear_valbonne_3_2023_10_20T10_39_10.txt,True,nuagesbas,['nuagesbas'],[]
images/pyronear_courmettes_2_2023_10_20T09_48_06.jpg,labels/pyronear_courmettes_2_2023_10_20T09_48_06.txt,True,grosnuages,['grosnuages'],['brume']
images/pyronear_cabanelle_1_2023_10_11T14_08_30.jpg,labels/pyronear_cabanelle_1_2023_10_11T14_08_30.txt,True,brume,['brume'],[]
images/pyronear_brison_2_2023_10_30T06_42_22.jpg,labels/pyronear_brison_2_2023_10_30T06_42_22.txt,True,brume,"['batiment', 'brume']",['brume']
images/pyronear_brison_2_2023_10_29T06_25_30.jpg,labels/pyronear_brison_2_2023_10_29T06_25_30.txt,True,brume,"['batiment', 'brume']",['brume']
images/pyronear_salaunes_1_4_2023_09_29T17_18_24.jpg,labels/pyronear_salaunes_1_4_2023_09_29T17_18_24.txt,True,glare,['glareptjaune'],[]
images/pyronear_brison_2_2023_10_30T13_47_01.jpg,labels/pyronear_brison_2_2023_10_30T13_47_01.txt,True,brume,"['batiment', 'brume']",['brume']
images/pyronear_marguerite_1_2023_09_13T16_54_12.jpg,labels/pyronear_marguerite_1_2023_09_13T16_54_12.txt,True,soleil,['soleilrayons'],[]
images/pyronear_marguerite_3_2023_09_18T08_36_27.jpg,labels/pyronear_marguerite_3_2023_09_18T08_36_27.txt,True,arbre,['arbre'],['brume']
images/pyronear_cabanelle_1_2023_10_11T15_17_30.jpg,labels/pyronear_cabanelle_1_2023_10_11T15_17_30.txt,True,brume,['brume'],[]
images/pyronear_courmettes_4_2023_10_20T16_24_55.jpg,labels/pyronear_courmettes_4_2023_10_20T16_24_55.txt,True,grosnuages,['grosnuages'],"['antenne', 'soleilcontrejour']"
images/pyronear_marguerite_1_2023_09_06T18_12_38.jpg,labels/pyronear_marguerite_1_2023_09_06T18_12_38.txt,True,soleil,['soleil'],[]
images/pyronear_brison_2_2023_09_21T09_53_57.jpg,labels/pyronear_brison_2_2023_09_21T09_53_57.txt,True,brume,"['batiment', 'brume']",['brume']
images/pyronear_cabanelle_1_2023_10_07T13_54_29.jpg,labels/pyronear_cabanelle_1_2023_10_07T13_54_29.txt,True,nuagesbas,['nuagesbas'],[]
images/pyronear_marguerite_1_2023_08_22T13_59_14.jpg,labels/pyronear_marguerite_1_2023_08_22T13_59_14.txt,True,soleil,['soleilrayons'],[]
images/pyronear_salaunes_1_4_2023_09_29T17_06_27.jpg,labels/pyronear_salaunes_1_4_2023_09_29T17_06_27.txt,True,glare,['glareptjaune'],[]
images/pyronear_marguerite_3_2023_09_18T09_11_57.jpg,labels/pyronear_marguerite_3_2023_09_18T09_11_57.txt,True,arbre,['arbre'],['brume']
images/pyronear_marguerite_1_2023_09_14T16_11_06.jpg,labels/pyronear_marguerite_1_2023_09_14T16_11_06.txt,True,glare,['glare'],[]
images/pyronear_valbonne_3_2023_09_29T17_44_57.jpg,labels/pyronear_valbonne_3_2023_09_29T17_44_57.txt,True,batiment,['batimentloin'],['soleilcouchant']
images/pyronear_valbonne_4_2023_11_02T08_44_34.jpg,labels/pyronear_valbonne_4_2023_11_02T08_44_34.txt,True,nuagesbas,['nuagesbas'],[]
images/pyronear_marguerite_1_2023_09_15T16_07_36.jpg,labels/pyronear_marguerite_1_2023_09_15T16_07_36.txt,True,glare,['glare'],[]
images/pyronear_ferion_2_2023_10_24T16_27_07.jpg,labels/pyronear_ferion_2_2023_10_24T16_27_07.txt,True,grosnuages,['grosnuages'],[]
images/pyronear_valbonne_2_2023_11_06T15_51_46.jpg,labels/pyronear_valbonne_2_2023_11_06T15_51_46.txt,True,nuagesbas,['nuagesbas'],[]
images/pyronear_brison_1_2023_06_29T04_21_51.jpg,labels/pyronear_brison_1_2023_06_29T04_21_51.txt,True,soleil,['soleil'],[]
images/pyronear_ferion_2_2023_10_22T06_48_29.jpg,labels/pyronear_ferion_2_2023_10_22T06_48_29.txt,True,glare,['glare'],[]
images/pyronear_valbonne_2_2023_11_07T14_43_20.jpg,labels/pyronear_valbonne_2_2023_11_07T14_43_20.txt,True,nuagesbas,['nuagesbas'],[]
images/pyronear_brison_4_2023_10_24T15_21_51.jpg,labels/pyronear_brison_4_2023_10_24T15_21_51.txt,True,grosnuages,['grosnuages'],[]
images/pyronear_salaunes_2_1_2023_08_27T09_55_07.jpg,labels/pyronear_salaunes_2_1_2023_08_27T09_55_07.txt,True,grosnuages,['grosnuages'],[]
images/pyronear_cabanelle_1_2023_10_10T09_05_10.jpg,labels/pyronear_cabanelle_1_2023_10_10T09_05_10.txt,True,grosnuages,"['grosnuages', 'nuagesbas']",[]
images/pyronear_cabanelle_1_2023_10_11T14_52_28.jpg,labels/pyronear_cabanelle_1_2023_10_11T14_52_28.txt,True,brume,['brume'],[]
images/pyronear_marguerite_4_2023_10_17T14_51_49.jpg,labels/pyronear_marguerite_4_2023_10_17T14_51_49.txt,True,batiment,['batiment'],"['brume', 'pluie']"
images/pyronear_cabanelle_1_2023_10_10T14_57_51.jpg,labels/pyronear_cabanelle_1_2023_10_10T14_57_51.txt,True,grosnuages,"['grosnuages', 'nuagesbas']",[]
images/pyronear_brison_4_2023_10_28T06_26_22.jpg,labels/pyronear_brison_4_2023_10_28T06_26_22.txt,True,nuagesbas,['nuagesbas'],[]
images/pyronear_cabanelle_1_2023_10_10T11_52_15.jpg,labels/pyronear_cabanelle_1_2023_10_10T11_52_15.txt,True,grosnuages,"['grosnuages', 'nuagesbas']",[]
images/pyronear_salaunes_2_4_2023_08_19T04_59_33.jpg,labels/pyronear_salaunes_2_4_2023_08_19T04_59_33.txt,True,tuyau,['tuyau'],[]
images/pyronear_marguerite_2_2023_08_15T18_44_20.jpg,labels/pyronear_marguerite_2_2023_08_15T18_44_20.txt,True,nuagesbas,['nuagesbas'],['soleilcouchant']
images/pyronear_marguerite_1_2023_09_18T11_16_10.jpg,labels/pyronear_marguerite_1_2023_09_18T11_16_10.txt,True,nuagesbas,['nuagesbas'],[]
images/pyronear_salaunes_2_1_2023_08_27T08_38_35.jpg,labels/pyronear_salaunes_2_1_2023_08_27T08_38_35.txt,True,grosnuages,['grosnuages'],[]
images/pyronear_cabanelle_1_2023_10_13T08_21_03.jpg,labels/pyronear_cabanelle_1_2023_10_13T08_21_03.txt,True,grosnuages,['grosnuages'],[]
images/pyronear_brison_2_2023_09_21T06_00_50.jpg,labels/pyronear_brison_2_2023_09_21T06_00_50.txt,True,brume,"['batiment', 'brume']",['brume']
images/pyronear_marguerite_1_2023_09_15T16_13_06.jpg,labels/pyronear_marguerite_1_2023_09_15T16_13_06.txt,True,glare,['glare'],[]
images/pyronear_cabanelle_1_2023_10_13T08_21_31.jpg,labels/pyronear_cabanelle_1_2023_10_13T08_21_31.txt,True,grosnuages,['grosnuages'],[]
images/pyronear_valbonne_2_2023_11_06T15_32_15.jpg,labels/pyronear_valbonne_2_2023_11_06T15_32_15.txt,True,nuagesbas,['nuagesbas'],[]
images/pyronear_marguerite_3_2023_09_18T05_36_44.jpg,labels/pyronear_marguerite_3_2023_09_18T05_36_44.txt,True,arbre,['arbre'],['brume']
images/pyronear_brison_2_2023_09_21T08_51_55.jpg,labels/pyronear_brison_2_2023_09_21T08_51_55.txt,True,brume,"['batiment', 'brume']",['brume']
images/pyronear_ferion_4_2023_11_06T16_00_41.jpg,labels/pyronear_ferion_4_2023_11_06T16_00_41.txt,True,nuagesbas,['nuagesbas'],['soleilcouchant']
images/pyronear_cabanelle_1_2023_10_09T13_53_44.jpg,labels/pyronear_cabanelle_1_2023_10_09T13_53_44.txt,True,nuagesbas,['nuagesbas'],[]
images/pyronear_brison_1_2023_07_24T17_23_07.jpg,labels/pyronear_brison_1_2023_07_24T17_23_07.txt,True,tache,['tachenoire'],[]
images/pyronear_valbonne_2_2023_11_07T14_37_19.jpg,labels/pyronear_valbonne_2_2023_11_07T14_37_19.txt,True,nuagesbas,['nuagesbas'],[]
images/pyronear_salaunes_2_1_2023_08_27T08_50_05.jpg,labels/pyronear_salaunes_2_1_2023_08_27T08_50_05.txt,True,grosnuages,['grosnuages'],[]
images/pyronear_valbonne_4_2023_11_02T08_56_36.jpg,labels/pyronear_valbonne_4_2023_11_02T08_56_36.txt,True,nuagesbas,['nuagesbas'],[]
images/pyronear_courmettes_1_2023_11_07T14_05_16.jpg,labels/pyronear_courmettes_1_2023_11_07T14_05_16.txt,True,nuagesbas,['nuagesbas'],[]
images/pyronear_brison_3_2023_08_29T06_18_15.jpg,labels/pyronear_brison_3_2023_08_29T06_18_15.txt,True,montagne,['montagne'],[]
images/pyronear_brison_2_2023_06_08T06_20_12.jpg,labels/pyronear_brison_2_2023_06_08T06_20_12.txt,True,grosnuages,['grosnuages'],['batiment']
images/pyronear_marguerite_1_2023_09_05T18_01_40.jpg,labels/pyronear_marguerite_1_2023_09_05T18_01_40.txt,True,soleil,['soleil'],[]
images/pyronear_brison_1_2023_06_12T19_35_28.jpg,labels/pyronear_brison_1_2023_06_12T19_35_28.txt,True,nuagesbas,['nuagesbas'],[]
images/pyronear_salaunes_2_4_2023_08_14T18_55_02.jpg,labels/pyronear_salaunes_2_4_2023_08_14T18_55_02.txt,True,nuagesbas,['nuagesfiligranes'],[]
images/pyronear_brison_3_2023_09_21T12_53_06.jpg,labels/pyronear_brison_3_2023_09_21T12_53_06.txt,True,grosnuages,['grosnuages'],['brume']
images/pyronear_courmettes_2_2023_10_26T06_58_21.jpg,labels/pyronear_courmettes_2_2023_10_26T06_58_21.txt,True,glare,['glare'],[]
images/pyronear_marguerite_4_2023_10_29T13_16_15.jpg,labels/pyronear_marguerite_4_2023_10_29T13_16_15.txt,True,batiment,['batiment'],"['brume', 'pluie']"
images/pyronear_ferion_2_2023_10_28T15_00_38.jpg,labels/pyronear_ferion_2_2023_10_28T15_00_38.txt,True,grosnuages,['grosnuages'],[]
images/pyronear_brison_3_2023_09_22T05_27_10.jpg,labels/pyronear_brison_3_2023_09_22T05_27_10.txt,True,nuagesbas,['nuagesbas'],[]
images/pyronear_marguerite_4_2023_10_26T10_52_45.jpg,labels/pyronear_marguerite_4_2023_10_26T10_52_45.txt,True,batiment,['batiment'],"['brume', 'pluie']"
images/pyronear_valbonne_4_2023_10_29T09_59_21.jpg,labels/pyronear_valbonne_4_2023_10_29T09_59_21.txt,True,nuagesbas,['nuagesbas'],[]
images/pyronear_marguerite_3_2023_09_18T05_39_45.jpg,labels/pyronear_marguerite_3_2023_09_18T05_39_45.txt,True,arbre,['arbre'],['brume']
images/pyronear_brison_2_2023_06_09T14_22_44.jpg,labels/pyronear_brison_2_2023_06_09T14_22_44.txt,True,nuagesbas,['nuagesbas'],['batiment']
images/pyronear_marguerite_3_2023_09_18T08_38_27.jpg,labels/pyronear_marguerite_3_2023_09_18T08_38_27.txt,True,arbre,['arbre'],['brume']
images/pyronear_brison_2_2023_10_30T07_21_53.jpg,labels/pyronear_brison_2_2023_10_30T07_21_53.txt,True,brume,"['batiment', 'brume']",['brume']
images/pyronear_marguerite_3_2023_09_18T05_48_47.jpg,labels/pyronear_marguerite_3_2023_09_18T05_48_47.txt,True,arbre,['arbre'],['brume']
images/pyronear_valbonne_4_2023_10_02T06_00_57.jpg,labels/pyronear_valbonne_4_2023_10_02T06_00_57.txt,True,soleil,['soleil'],['batiment']
images/pyronear_brison_2_2023_11_01T11_20_01.jpg,labels/pyronear_brison_2_2023_11_01T11_20_01.txt,True,brume,"['batiment', 'brume']",['brume']
images/pyronear_brison_2_2023_07_10T05_13_47.jpg,labels/pyronear_brison_2_2023_07_10T05_13_47.txt,True,glare,['glare'],[]
images/pyronear_brison_4_2023_10_24T15_22_51.jpg,labels/pyronear_brison_4_2023_10_24T15_22_51.txt,True,grosnuages,['grosnuages'],[]
images/pyronear_courmettes_1_2023_11_07T13_55_16.jpg,labels/pyronear_courmettes_1_2023_11_07T13_55_16.txt,True,nuagesbas,['nuagesbas'],[]
images/pyronear_marguerite_3_2023_09_18T07_44_54.jpg,labels/pyronear_marguerite_3_2023_09_18T07_44_54.txt,True,arbre,['arbre'],['brume']
images/pyronear_valbonne_2_2023_11_05T14_49_05.jpg,labels/pyronear_valbonne_2_2023_11_05T14_49_05.txt,True,nuagesbas,['nuagesbas'],[]
images/pyronear_brison_2_2023_10_30T09_23_27.jpg,labels/pyronear_brison_2_2023_10_30T09_23_27.txt,True,brume,"['batiment', 'brume']",['brume']
images/pyronear_cabanelle_1_2023_10_10T14_58_20.jpg,labels/pyronear_cabanelle_1_2023_10_10T14_58_20.txt,True,grosnuages,"['grosnuages', 'nuagesbas']",[]
images/pyronear_salaunes_2_4_2023_08_19T05_32_32.jpg,labels/pyronear_salaunes_2_4_2023_08_19T05_32_32.txt,True,tuyau,['tuyau'],[]
images/pyronear_ferion_2_2023_10_28T15_55_36.jpg,labels/pyronear_ferion_2_2023_10_28T15_55_36.txt,True,grosnuages,['grosnuages'],[]
images/pyronear_brison_2_2023_10_30T08_03_56.jpg,labels/pyronear_brison_2_2023_10_30T08_03_56.txt,True,brume,"['batiment', 'brume']",['brume']
images/pyronear_valbonne_2_2023_11_06T16_02_16.jpg,labels/pyronear_valbonne_2_2023_11_06T16_02_16.txt,True,nuagesbas,['nuagesbas'],[]
images/pyronear_courmettes_2_2023_10_06T07_09_41.jpg,labels/pyronear_courmettes_2_2023_10_06T07_09_41.txt,True,soleil,['soleil'],[]
images/pyronear_courmettes_1_2023_11_07T07_32_02.jpg,labels/pyronear_courmettes_1_2023_11_07T07_32_02.txt,True,soleil,"['refletslac', 'soleil']",[]
images/pyronear_brison_4_2023_06_27T18_54_10.jpg,labels/pyronear_brison_4_2023_06_27T18_54_10.txt,True,glare,['glare'],[]
images/pyronear_brison_3_2023_10_01T15_39_19.jpg,labels/pyronear_brison_3_2023_10_01T15_39_19.txt,True,montagne,['montagne'],[]
images/pyronear_valbonne_4_2023_11_02T08_44_35.jpg,labels/pyronear_valbonne_4_2023_11_02T08_44_35.txt,True,nuagesbas,['nuagesbas'],[]
images/pyronear_brison_4_2023_06_12T12_01_34.jpg,labels/pyronear_brison_4_2023_06_12T12_01_34.txt,True,nuagesbas,['nuagesbas'],['brume']
images/pyronear_cabanelle_2_2023_10_01T06_38_07.jpg,labels/pyronear_cabanelle_2_2023_10_01T06_38_07.txt,True,soleil,"['glare', 'refletslac', 'soleil', 'tacherouge']",[]
images/pyronear_marguerite_3_2023_09_18T08_01_24.jpg,labels/pyronear_marguerite_3_2023_09_18T08_01_24.txt,True,arbre,['arbre'],['brume']
images/pyronear_salaunes_2_4_2023_08_19T05_28_36.jpg,labels/pyronear_salaunes_2_4_2023_08_19T05_28_36.txt,True,tuyau,['tuyau'],[]
images/pyronear_courmettes_1_2023_11_07T07_35_03.jpg,labels/pyronear_courmettes_1_2023_11_07T07_35_03.txt,True,soleil,"['refletslac', 'soleil']",[]
images/pyronear_valbonne_4_2023_11_02T11_19_37.jpg,labels/pyronear_valbonne_4_2023_11_02T11_19_37.txt,True,nuagesbas,['nuagesbas'],[]
images/pyronear_cabanelle_2_2023_10_01T06_47_06.jpg,labels/pyronear_cabanelle_2_2023_10_01T06_47_06.txt,True,soleil,"['refletslac', 'soleil']",[]
images/pyronear_cabanelle_1_2023_10_13T08_41_02.jpg,labels/pyronear_cabanelle_1_2023_10_13T08_41_02.txt,True,grosnuages,['grosnuages'],[]
images/pyronear_valbonne_2_2023_11_05T14_53_36.jpg,labels/pyronear_valbonne_2_2023_11_05T14_53_36.txt,True,nuagesbas,['nuagesbas'],[]
images/pyronear_marguerite_1_2023_08_22T16_36_18.jpg,labels/pyronear_marguerite_1_2023_08_22T16_36_18.txt,True,soleil,['soleilrayons'],[]
images/pyronear_st_peray_1_2023_07_21T08_51_30.jpg,labels/pyronear_st_peray_1_2023_07_21T08_51_30.txt,True,grosnuages,['grosnuages'],[]
images/pyronear_brison_2_2023_10_05T05_43_01.jpg,labels/pyronear_brison_2_2023_10_05T05_43_01.txt,True,soleil,"['nuagesbas', 'soleil']",['batiment']
images/pyronear_brison_4_2023_06_19T19_03_22.jpg,labels/pyronear_brison_4_2023_06_19T19_03_22.txt,True,glare,['glareptjaune'],[]
images/pyronear_marguerite_4_2023_10_29T13_36_47.jpg,labels/pyronear_marguerite_4_2023_10_29T13_36_47.txt,True,batiment,['batiment'],"['brume', 'pluie']"
images/pyronear_brison_4_2023_10_24T12_18_42.jpg,labels/pyronear_brison_4_2023_10_24T12_18_42.txt,True,grosnuages,['grosnuages'],[]
images/pyronear_courmettes_2_2023_10_12T06_55_10.jpg,labels/pyronear_courmettes_2_2023_10_12T06_55_10.txt,True,grosnuages,['grosnuages'],[]
images/pyronear_valbonne_2_2023_11_06T13_59_45.jpg,labels/pyronear_valbonne_2_2023_11_06T13_59_45.txt,True,nuagesbas,['nuagesbas'],[]
images/pyronear_courmettes_1_2023_11_07T13_44_45.jpg,labels/pyronear_courmettes_1_2023_11_07T13_44_45.txt,True,nuagesbas,['nuagesbas'],[]
images/pyronear_valbonne_2_2023_11_06T15_27_45.jpg,labels/pyronear_valbonne_2_2023_11_06T15_27_45.txt,True,nuagesbas,['nuagesbas'],[]
images/pyronear_valbonne_2_2023_11_05T15_30_37.jpg,labels/pyronear_valbonne_2_2023_11_05T15_30_37.txt,True,nuagesbas,['nuagesbas'],[]
images/pyronear_courmettes_1_2023_09_26T06_07_13.jpg,labels/pyronear_courmettes_1_2023_09_26T06_07_13.txt,True,glare,['glaretache'],[]
images/pyronear_valbonne_4_2023_10_18T10_57_13.jpg,labels/pyronear_valbonne_4_2023_10_18T10_57_13.txt,True,nuagesbas,['nuagesbas'],[]
images/pyronear_cabanelle_1_2023_10_10T11_20_44.jpg,labels/pyronear_cabanelle_1_2023_10_10T11_20_44.txt,True,grosnuages,"['grosnuages', 'nuagesbas']",[]
images/pyronear_salaunes_1_2_2023_09_25T06_48_59.jpg,labels/pyronear_salaunes_1_2_2023_09_25T06_48_59.txt,True,insecte,['insecte'],[]
images/pyronear_ferion_2_2023_10_17T14_40_21.jpg,labels/pyronear_ferion_2_2023_10_17T14_40_21.txt,True,nuagesbas,['nuagesbas'],['brume']
images/pyronear_brison_4_2023_10_28T08_57_40.jpg,labels/pyronear_brison_4_2023_10_28T08_57_40.txt,True,nuagesbas,['nuagesbas'],[]
images/pyronear_brison_2_2023_10_30T07_48_54.jpg,labels/pyronear_brison_2_2023_10_30T07_48_54.txt,True,brume,"['batiment', 'brume']",['brume']
images/pyronear_courmettes_1_2023_09_29T06_20_44.jpg,labels/pyronear_courmettes_1_2023_09_29T06_20_44.txt,True,glare,"['glaretacherouge', 'soleilrefletslac']",[]
images/pyronear_salaunes_2_2_2023_10_31T08_12_15.jpg,labels/pyronear_salaunes_2_2_2023_10_31T08_12_15.txt,True,grosnuages,['grosnuagesrefletssoleil'],[]
images/pyronear_brison_2_2023_10_19T07_48_34.jpg,labels/pyronear_brison_2_2023_10_19T07_48_34.txt,True,brume,"['batiment', 'brume']",['brume']
images/pyronear_courmettes_2_2023_10_12T06_54_39.jpg,labels/pyronear_courmettes_2_2023_10_12T06_54_39.txt,True,grosnuages,['grosnuages'],[]
images/pyronear_ferion_2_2023_10_29T15_10_37.jpg,labels/pyronear_ferion_2_2023_10_29T15_10_37.txt,True,grosnuages,['grosnuages'],[]
images/pyronear_valbonne_4_2023_10_08T05_38_54.jpg,labels/pyronear_valbonne_4_2023_10_08T05_38_54.txt,True,soleil,['soleil'],['batiment']
images/pyronear_valbonne_4_2023_11_02T09_54_05.jpg,labels/pyronear_valbonne_4_2023_11_02T09_54_05.txt,True,nuagesbas,['nuagesbas'],[]
images/pyronear_brison_4_2023_07_30T06_01_06.jpg,labels/pyronear_brison_4_2023_07_30T06_01_06.txt,True,nuagesbas,['nuagesbas'],[]
images/pyronear_valbonne_2_2023_11_06T16_02_45.jpg,labels/pyronear_valbonne_2_2023_11_06T16_02_45.txt,True,nuagesbas,['nuagesbas'],[]
images/pyronear_st_peray_1_2023_07_21T08_35_29.jpg,labels/pyronear_st_peray_1_2023_07_21T08_35_29.txt,True,grosnuages,['grosnuages'],[]
images/pyronear_marguerite_2_2023_09_24T17_27_43.jpg,labels/pyronear_marguerite_2_2023_09_24T17_27_43.txt,True,nuagesbas,['nuagesfiligranes'],[]
images/pyronear_salaunes_2_4_2023_08_19T05_29_03.jpg,labels/pyronear_salaunes_2_4_2023_08_19T05_29_03.txt,True,tuyau,['tuyau'],[]
images/pyronear_brison_2_2023_09_24T05_55_05.jpg,labels/pyronear_brison_2_2023_09_24T05_55_05.txt,True,glare,['glare'],[]
images/pyronear_ferion_2_2023_10_29T15_35_08.jpg,labels/pyronear_ferion_2_2023_10_29T15_35_08.txt,True,grosnuages,['grosnuages'],[]
images/pyronear_valbonne_4_2023_10_18T08_32_07.jpg,labels/pyronear_valbonne_4_2023_10_18T08_32_07.txt,True,nuagesbas,['nuagesbas'],[]
images/pyronear_marguerite_1_2023_09_16T17_01_06.jpg,labels/pyronear_marguerite_1_2023_09_16T17_01_06.txt,True,nuagesbas,['nuagesbas'],[]
images/pyronear_brison_3_2023_06_08T05_29_42.jpg,labels/pyronear_brison_3_2023_06_08T05_29_42.txt,True,grosnuages,['grosnuages'],[]
images/pyronear_cabanelle_1_2023_10_13T08_42_02.jpg,labels/pyronear_cabanelle_1_2023_10_13T08_42_02.txt,True,grosnuages,['grosnuages'],[]
images/pyronear_marguerite_2_2023_09_10T18_23_50.jpg,labels/pyronear_marguerite_2_2023_09_10T18_23_50.txt,True,nuagesbas,['nuagesbas'],['soleilcouchant']
images/pyronear_valbonne_4_2023_10_29T07_08_16.jpg,labels/pyronear_valbonne_4_2023_10_29T07_08_16.txt,True,nuagesbas,['nuagesbas'],[]
images/pyronear_valbonne_3_2023_09_30T17_41_04.jpg,labels/pyronear_valbonne_3_2023_09_30T17_41_04.txt,True,batiment,['batimentloin'],['soleilcouchant']
images/pyronear_st_peray_1_2023_06_10T09_32_22.jpg,labels/pyronear_st_peray_1_2023_06_10T09_32_22.txt,True,grosnuages,['grosnuages'],[]
images/pyronear_courmettes_1_2023_10_05T05_12_40.jpg,labels/pyronear_courmettes_1_2023_10_05T05_12_40.txt,True,nuagesbas,['nuagesfiligranes'],[]
images/pyronear_valbonne_4_2023_10_18T08_33_38.jpg,labels/pyronear_valbonne_4_2023_10_18T08_33_38.txt,True,nuagesbas,['nuagesbas'],[]
images/pyronear_courmettes_4_2023_11_02T09_38_07.jpg,labels/pyronear_courmettes_4_2023_11_02T09_38_07.txt,True,arbre,['arbre'],['brume']
images/pyronear_cabanelle_2_2023_10_01T06_39_36.jpg,labels/pyronear_cabanelle_2_2023_10_01T06_39_36.txt,True,soleil,"['glare', 'refletslac', 'soleil', 'tacherouge']",[]
images/pyronear_brison_2_2023_09_21T09_59_28.jpg,labels/pyronear_brison_2_2023_09_21T09_59_28.txt,True,brume,"['batiment', 'brume']",['brume']
images/pyronear_cabanelle_1_2023_10_13T09_05_33.jpg,labels/pyronear_cabanelle_1_2023_10_13T09_05_33.txt,True,grosnuages,['grosnuages'],[]
images/pyronear_brison_2_2023_09_21T08_49_25.jpg,labels/pyronear_brison_2_2023_09_21T08_49_25.txt,True,brume,"['batiment', 'brume']",['brume']
images/pyronear_brison_2_2023_10_19T07_56_36.jpg,labels/pyronear_brison_2_2023_10_19T07_56_36.txt,True,brume,"['batiment', 'brume']",['brume']
images/pyronear_brison_2_2023_10_05T05_44_00.jpg,labels/pyronear_brison_2_2023_10_05T05_44_00.txt,True,soleil,['soleil'],['batiment']
images/pyronear_ferion_4_2023_11_06T15_20_37.jpg,labels/pyronear_ferion_4_2023_11_06T15_20_37.txt,True,nuagesbas,['nuagesbas'],['soleilcouchant']
images/pyronear_brison_4_2023_08_17T07_36_28.jpg,labels/pyronear_brison_4_2023_08_17T07_36_28.txt,True,grosnuages,['grosnuages'],"['insecte', 'tache']"
images/pyronear_brison_3_2023_09_30T15_25_51.jpg,labels/pyronear_brison_3_2023_09_30T15_25_51.txt,True,montagne,['montagne'],[]
images/pyronear_brison_2_2023_10_30T09_11_00.jpg,labels/pyronear_brison_2_2023_10_30T09_11_00.txt,True,brume,"['batiment', 'brume']",['brume']
images/pyronear_brison_3_2023_08_29T06_11_45.jpg,labels/pyronear_brison_3_2023_08_29T06_11_45.txt,True,montagne,['montagne'],[]
images/pyronear_cabanelle_1_2023_10_10T15_00_21.jpg,labels/pyronear_cabanelle_1_2023_10_10T15_00_21.txt,True,grosnuages,"['grosnuages', 'nuagesbas']",[]
images/pyronear_courmettes_1_2023_11_07T13_20_14.jpg,labels/pyronear_courmettes_1_2023_11_07T13_20_14.txt,True,nuagesbas,['nuagesbas'],[]
images/pyronear_brison_2_2023_10_19T17_01_50.jpg,labels/pyronear_brison_2_2023_10_19T17_01_50.txt,True,brume,"['batiment', 'brume']",['brume']
images/pyronear_brison_3_2023_10_07T17_26_14.jpg,labels/pyronear_brison_3_2023_10_07T17_26_14.txt,True,zonenoire,['zonenoire'],['soleilcouchant']
images/pyronear_marguerite_3_2023_09_18T09_02_57.jpg,labels/pyronear_marguerite_3_2023_09_18T09_02_57.txt,True,arbre,['arbre'],['brume']
images/pyronear_brison_2_2023_09_21T08_26_25.jpg,labels/pyronear_brison_2_2023_09_21T08_26_25.txt,True,brume,"['batiment', 'brume']",['brume']
images/pyronear_cabanelle_1_2023_10_13T09_35_34.jpg,labels/pyronear_cabanelle_1_2023_10_13T09_35_34.txt,True,grosnuages,['grosnuages'],[]
images/pyronear_valbonne_2_2023_11_05T15_56_37.jpg,labels/pyronear_valbonne_2_2023_11_05T15_56_37.txt,True,nuagesbas,['nuagesbas'],[]
images/pyronear_valbonne_3_2023_11_06T15_55_20.jpg,labels/pyronear_valbonne_3_2023_11_06T15_55_20.txt,True,batiment,"['batiment', 'soleil']",['soleilcouchant']
images/pyronear_brison_2_2023_10_30T08_18_25.jpg,labels/pyronear_brison_2_2023_10_30T08_18_25.txt,True,brume,"['batiment', 'brume']",['brume']
images/pyronear_valbonne_3_2023_10_20T11_19_10.jpg,labels/pyronear_valbonne_3_2023_10_20T11_19_10.txt,True,nuagesbas,['nuagesbas'],[]
images/pyronear_valbonne_4_2023_10_18T08_33_08.jpg,labels/pyronear_valbonne_4_2023_10_18T08_33_08.txt,True,nuagesbas,['nuagesbas'],[]
images/pyronear_marguerite_1_2023_09_14T05_30_43.jpg,labels/pyronear_marguerite_1_2023_09_14T05_30_43.txt,True,grosnuages,['grosnuages'],[]
images/pyronear_brison_4_2023_08_17T10_23_52.jpg,labels/pyronear_brison_4_2023_08_17T10_23_52.txt,True,grosnuages,['grosnuages'],"['insecte', 'tache']"
images/pyronear_valbonne_2_2023_11_05T16_10_07.jpg,labels/pyronear_valbonne_2_2023_11_05T16_10_07.txt,True,nuagesbas,['nuagesbas'],[]
images/pyronear_marguerite_4_2023_10_29T13_35_46.jpg,labels/pyronear_marguerite_4_2023_10_29T13_35_46.txt,True,batiment,['batiment'],"['brume', 'pluie']"
images/pyronear_brison_2_2023_10_19T08_02_34.jpg,labels/pyronear_brison_2_2023_10_19T08_02_34.txt,True,brume,"['batiment', 'brume']",['brume']
images/pyronear_marguerite_1_2023_09_16T16_55_39.jpg,labels/pyronear_marguerite_1_2023_09_16T16_55_39.txt,True,nuagesbas,['nuagesbas'],[]
images/pyronear_marguerite_3_2023_09_18T09_31_28.jpg,labels/pyronear_marguerite_3_2023_09_18T09_31_28.txt,True,arbre,['arbre'],['brume']
images/pyronear_brison_2_2023_10_30T09_14_57.jpg,labels/pyronear_brison_2_2023_10_30T09_14_57.txt,True,brume,"['batiment', 'brume']",['brume']
images/pyronear_brison_2_2023_10_30T07_33_28.jpg,labels/pyronear_brison_2_2023_10_30T07_33_28.txt,True,brume,"['batiment', 'brume']",['brume']
images/pyronear_salaunes_2_1_2023_08_27T09_57_07.jpg,labels/pyronear_salaunes_2_1_2023_08_27T09_57_07.txt,True,grosnuages,['grosnuages'],[]
images/pyronear_valbonne_4_2023_10_28T15_47_37.jpg,labels/pyronear_valbonne_4_2023_10_28T15_47_37.txt,True,nuagesbas,['nuagesbas'],[]
images/pyronear_cabanelle_1_2023_10_13T05_59_29.jpg,labels/pyronear_cabanelle_1_2023_10_13T05_59_29.txt,True,grosnuages,['grosnuages'],['brume']
images/pyronear_cabanelle_1_2023_10_10T11_55_15.jpg,labels/pyronear_cabanelle_1_2023_10_10T11_55_15.txt,True,grosnuages,"['grosnuages', 'nuagesbas']",[]
images/pyronear_brison_3_2023_09_22T05_55_41.jpg,labels/pyronear_brison_3_2023_09_22T05_55_41.txt,True,nuagesbas,['nuagesbas'],[]
images/pyronear_valbonne_2_2023_11_05T15_14_36.jpg,labels/pyronear_valbonne_2_2023_11_05T15_14_36.txt,True,nuagesbas,['nuagesbas'],[]
images/pyronear_brison_3_2023_09_18T10_05_32.jpg,labels/pyronear_brison_3_2023_09_18T10_05_32.txt,True,grosnuages,['grosnuages'],['brume']
images/pyronear_brison_2_2023_09_21T06_45_00.jpg,labels/pyronear_brison_2_2023_09_21T06_45_00.txt,True,brume,"['batiment', 'brume']",['brume']
images/pyronear_cabanelle_1_2023_10_13T09_21_33.jpg,labels/pyronear_cabanelle_1_2023_10_13T09_21_33.txt,True,grosnuages,['grosnuages'],[]
images/pyronear_brison_2_2023_10_30T13_57_01.jpg,labels/pyronear_brison_2_2023_10_30T13_57_01.txt,True,brume,"['batiment', 'brume']",['brume']
images/pyronear_brison_1_2023_06_13T05_50_20.jpg,labels/pyronear_brison_1_2023_06_13T05_50_20.txt,True,grosnuages,['grosnuages'],[]
images/pyronear_marguerite_2_2023_09_10T18_26_50.jpg,labels/pyronear_marguerite_2_2023_09_10T18_26_50.txt,True,nuagesbas,['nuagesbas'],['soleilcouchant']
images/pyronear_st_peray_1_2023_07_26T12_51_53.jpg,labels/pyronear_st_peray_1_2023_07_26T12_51_53.txt,True,grosnuages,['grosnuages'],[]
images/pyronear_brison_3_2023_09_07T06_47_03.jpg,labels/pyronear_brison_3_2023_09_07T06_47_03.txt,True,montagne,['montagne'],[]
images/pyronear_cabanelle_2_2023_09_30T06_09_43.jpg,labels/pyronear_cabanelle_2_2023_09_30T06_09_43.txt,True,soleil,"['glare', 'refletslac', 'soleil', 'tacherouge']",[]
images/pyronear_marguerite_1_2023_08_22T13_58_51.jpg,labels/pyronear_marguerite_1_2023_08_22T13_58_51.txt,True,soleil,['soleilrayons'],[]
images/pyronear_valbonne_2_2023_11_05T15_36_07.jpg,labels/pyronear_valbonne_2_2023_11_05T15_36_07.txt,True,nuagesbas,['nuagesbas'],[]
images/pyronear_ferion_4_2023_11_06T16_05_38.jpg,labels/pyronear_ferion_4_2023_11_06T16_05_38.txt,True,nuagesbas,['nuagesbas'],['soleilcouchant']
images/pyronear_brison_2_2023_10_30T06_44_52.jpg,labels/pyronear_brison_2_2023_10_30T06_44_52.txt,True,brume,"['batiment', 'brume']",['brume']
images/pyronear_courmettes_2_2023_10_27T07_26_48.jpg,labels/pyronear_courmettes_2_2023_10_27T07_26_48.txt,True,glare,['glare'],[]
images/pyronear_cabanelle_2_2023_09_28T05_31_13.jpg,labels/pyronear_cabanelle_2_2023_09_28T05_31_13.txt,True,glare,['glare'],[]
images/pyronear_brison_3_2023_09_07T06_37_01.jpg,labels/pyronear_brison_3_2023_09_07T06_37_01.txt,True,montagne,['montagne'],[]
images/pyronear_brison_2_2023_10_30T07_39_24.jpg,labels/pyronear_brison_2_2023_10_30T07_39_24.txt,True,brume,"['batiment', 'brume']",['brume']
images/pyronear_courmettes_4_2023_11_02T09_06_35.jpg,labels/pyronear_courmettes_4_2023_11_02T09_06_35.txt,True,arbre,['arbre'],['brume']
images/pyronear_marguerite_3_2023_09_18T09_05_27.jpg,labels/pyronear_marguerite_3_2023_09_18T09_05_27.txt,True,arbre,['arbre'],['brume']
images/pyronear_courmettes_1_2023_09_29T05_55_45.jpg,labels/pyronear_courmettes_1_2023_09_29T05_55_45.txt,True,glare,"['glaretacherouge', 'soleilrefletslac']",[]
images/pyronear_cabanelle_1_2023_10_10T11_37_45.jpg,labels/pyronear_cabanelle_1_2023_10_10T11_37_45.txt,True,grosnuages,"['grosnuages', 'nuagesbas']",[]
images/pyronear_brison_2_2023_09_14T17_42_31.jpg,labels/pyronear_brison_2_2023_09_14T17_42_31.txt,True,grosnuages,['grosnuages'],['batiment']
images/pyronear_brison_2_2023_10_19T08_59_09.jpg,labels/pyronear_brison_2_2023_10_19T08_59_09.txt,True,brume,"['batiment', 'brume']",['brume']
images/pyronear_marguerite_1_2023_08_11T15_29_13.jpg,labels/pyronear_marguerite_1_2023_08_11T15_29_13.txt,True,soleil,['soleilrayons'],[]
images/pyronear_courmettes_1_2023_11_07T14_04_17.jpg,labels/pyronear_courmettes_1_2023_11_07T14_04_17.txt,True,nuagesbas,['nuagesbas'],[]
images/pyronear_brison_4_2023_08_17T08_34_50.jpg,labels/pyronear_brison_4_2023_08_17T08_34_50.txt,True,grosnuages,['grosnuages'],"['insecte', 'tache']"
images/pyronear_salaunes_1_4_2023_09_29T17_09_54.jpg,labels/pyronear_salaunes_1_4_2023_09_29T17_09_54.txt,True,glare,['glareptjaune'],[]
images/pyronear_cabanelle_1_2023_10_13T09_34_36.jpg,labels/pyronear_cabanelle_1_2023_10_13T09_34_36.txt,True,grosnuages,['grosnuages'],[]
images/pyronear_brison_3_2023_09_30T15_32_53.jpg,labels/pyronear_brison_3_2023_09_30T15_32_53.txt,True,montagne,['montagne'],[]
images/pyronear_marguerite_1_2023_09_15T17_14_16.jpg,labels/pyronear_marguerite_1_2023_09_15T17_14_16.txt,True,soleil,['soleilrayons'],[]
images/pyronear_brison_2_2023_11_01T11_05_02.jpg,labels/pyronear_brison_2_2023_11_01T11_05_02.txt,True,brume,"['batiment', 'brume']",['brume']
images/pyronear_valbonne_2_2023_11_06T15_05_44.jpg,labels/pyronear_valbonne_2_2023_11_06T15_05_44.txt,True,nuagesbas,['nuagesbas'],[]
images/pyronear_brison_2_2023_11_02T06_16_35.jpg,labels/pyronear_brison_2_2023_11_02T06_16_35.txt,True,brume,"['batiment', 'brume']",['brume']
images/pyronear_valbonne_2_2023_11_06T15_39_15.jpg,labels/pyronear_valbonne_2_2023_11_06T15_39_15.txt,True,nuagesbas,['nuagesbas'],[]
images/pyronear_valbonne_4_2023_10_22T06_30_44.jpg,labels/pyronear_valbonne_4_2023_10_22T06_30_44.txt,True,soleil,['soleil'],['batiment']
images/pyronear_cabanelle_1_2023_10_10T11_28_14.jpg,labels/pyronear_cabanelle_1_2023_10_10T11_28_14.txt,True,grosnuages,"['grosnuages', 'nuagesbas']",[]
images/pyronear_marguerite_3_2023_09_18T08_08_55.jpg,labels/pyronear_marguerite_3_2023_09_18T08_08_55.txt,True,arbre,['arbre'],['brume']
images/pyronear_valbonne_4_2023_10_02T05_51_58.jpg,labels/pyronear_valbonne_4_2023_10_02T05_51_58.txt,True,soleil,['soleil'],['batiment']
images/pyronear_courmettes_4_2023_11_02T11_10_10.jpg,labels/pyronear_courmettes_4_2023_11_02T11_10_10.txt,True,arbre,['arbre'],['brume']
images/pyronear_courmettes_1_2023_11_07T13_51_16.jpg,labels/pyronear_courmettes_1_2023_11_07T13_51_16.txt,True,nuagesbas,['nuagesbas'],[]
images/pyronear_cabanelle_2_2023_09_30T06_03_12.jpg,labels/pyronear_cabanelle_2_2023_09_30T06_03_12.txt,True,soleil,"['glare', 'refletslac', 'soleil', 'tacherouge']",[]
images/pyronear_marguerite_1_2023_06_27T03_31_35.jpg,labels/pyronear_marguerite_1_2023_06_27T03_31_35.txt,True,nuagesbas,['nuagesbas'],['nuit']
images/pyronear_valbonne_3_2023_09_30T17_44_33.jpg,labels/pyronear_valbonne_3_2023_09_30T17_44_33.txt,True,batiment,['batimentloin'],['soleilcouchant']
images/pyronear_brison_2_2023_09_14T17_47_02.jpg,labels/pyronear_brison_2_2023_09_14T17_47_02.txt,True,grosnuages,['grosnuages'],['batiment']
images/pyronear_courmettes_1_2023_09_27T05_39_03.jpg,labels/pyronear_courmettes_1_2023_09_27T05_39_03.txt,True,soleil,['soleil'],[]
images/pyronear_courmettes_1_2023_11_07T13_57_16.jpg,labels/pyronear_courmettes_1_2023_11_07T13_57_16.txt,True,nuagesbas,['nuagesbas'],[]
images/pyronear_valbonne_2_2023_11_05T14_58_36.jpg,labels/pyronear_valbonne_2_2023_11_05T14_58_36.txt,True,nuagesbas,['nuagesbas'],[]
images/pyronear_marguerite_3_2023_09_18T08_38_56.jpg,labels/pyronear_marguerite_3_2023_09_18T08_38_56.txt,True,arbre,['arbre'],['brume']
images/pyronear_courmettes_4_2023_11_02T08_36_08.jpg,labels/pyronear_courmettes_4_2023_11_02T08_36_08.txt,True,arbre,['arbre'],['brume']
images/pyronear_brison_2_2023_08_26T11_50_45.jpg,labels/pyronear_brison_2_2023_08_26T11_50_45.txt,True,brume,"['batiment', 'brume']",['brume']
images/pyronear_courmettes_1_2023_09_29T06_25_44.jpg,labels/pyronear_courmettes_1_2023_09_29T06_25_44.txt,True,glare,"['glaretacherouge', 'soleilrefletslac']",[]
images/pyronear_cabanelle_1_2023_10_13T08_32_02.jpg,labels/pyronear_cabanelle_1_2023_10_13T08_32_02.txt,True,grosnuages,['grosnuages'],[]
images/pyronear_courmettes_1_2023_09_29T06_15_14.jpg,labels/pyronear_courmettes_1_2023_09_29T06_15_14.txt,True,glare,"['glaretacherouge', 'soleilrefletslac']",[]
images/pyronear_brison_2_2023_09_22T08_30_13.jpg,labels/pyronear_brison_2_2023_09_22T08_30_13.txt,True,nuagesbas,['nuagesbas'],['batiment']
images/pyronear_courmettes_4_2023_11_02T09_22_37.jpg,labels/pyronear_courmettes_4_2023_11_02T09_22_37.txt,True,arbre,['arbre'],['brume']
images/pyronear_ferion_2_2023_10_29T15_38_40.jpg,labels/pyronear_ferion_2_2023_10_29T15_38_40.txt,True,grosnuages,['grosnuages'],[]
images/pyronear_brison_4_2023_08_17T07_53_49.jpg,labels/pyronear_brison_4_2023_08_17T07_53_49.txt,True,grosnuages,['grosnuages'],"['insecte', 'tache']"
images/pyronear_salaunes_2_1_2023_08_27T09_38_37.jpg,labels/pyronear_salaunes_2_1_2023_08_27T09_38_37.txt,True,grosnuages,['grosnuages'],[]
images/pyronear_brison_4_2023_08_17T07_50_18.jpg,labels/pyronear_brison_4_2023_08_17T07_50_18.txt,True,grosnuages,['grosnuages'],"['insecte', 'tache']"
images/pyronear_courmettes_1_2023_11_07T13_41_15.jpg,labels/pyronear_courmettes_1_2023_11_07T13_41_15.txt,True,nuagesbas,['nuagesbas'],[]
images/pyronear_courmettes_4_2023_10_19T13_01_21.jpg,labels/pyronear_courmettes_4_2023_10_19T13_01_21.txt,True,arbre,['arbre'],['brume']
images/pyronear_brison_2_2023_09_21T09_53_34.jpg,labels/pyronear_brison_2_2023_09_21T09_53_34.txt,True,brume,"['batiment', 'brume']",['brume']
images/pyronear_marguerite_1_2023_09_14T16_09_36.jpg,labels/pyronear_marguerite_1_2023_09_14T16_09_36.txt,True,glare,['glare'],[]
images/pyronear_brison_4_2023_10_24T16_03_37.jpg,labels/pyronear_brison_4_2023_10_24T16_03_37.txt,True,grosnuages,['grosnuages'],[]
images/pyronear_marguerite_1_2023_09_14T05_36_13.jpg,labels/pyronear_marguerite_1_2023_09_14T05_36_13.txt,True,grosnuages,['grosnuages'],[]
images/pyronear_salaunes_2_2_2023_10_31T07_53_20.jpg,labels/pyronear_salaunes_2_2_2023_10_31T07_53_20.txt,True,grosnuages,['grosnuagesrefletssoleil'],[]
images/pyronear_brison_2_2023_09_18T09_00_16.jpg,labels/pyronear_brison_2_2023_09_18T09_00_16.txt,True,brume,"['batiment', 'brume']",['brume']
images/pyronear_salaunes_2_1_2023_11_05T10_50_52.jpg,labels/pyronear_salaunes_2_1_2023_11_05T10_50_52.txt,True,grosnuages,['grosnuagesrefletssoleil'],[]
images/pyronear_salaunes_2_1_2023_08_27T08_56_05.jpg,labels/pyronear_salaunes_2_1_2023_08_27T08_56_05.txt,True,grosnuages,['grosnuages'],[]
images/pyronear_ferion_3_2023_10_20T12_18_53.jpg,labels/pyronear_ferion_3_2023_10_20T12_18_53.txt,True,brume,['brume'],[]
images/pyronear_marguerite_1_2023_09_14T05_49_14.jpg,labels/pyronear_marguerite_1_2023_09_14T05_49_14.txt,True,grosnuages,['grosnuages'],[]
images/pyronear_salaunes_2_1_2023_08_27T09_35_07.jpg,labels/pyronear_salaunes_2_1_2023_08_27T09_35_07.txt,True,grosnuages,['grosnuages'],[]
images/pyronear_brison_4_2023_08_17T07_34_38.jpg,labels/pyronear_brison_4_2023_08_17T07_34_38.txt,True,grosnuages,['grosnuages'],"['insecte', 'tache']"
images/pyronear_valbonne_2_2023_11_05T15_21_43.jpg,labels/pyronear_valbonne_2_2023_11_05T15_21_43.txt,True,nuagesbas,['nuagesbas'],[]
images/pyronear_valbonne_3_2023_10_13T17_21_22.jpg,labels/pyronear_valbonne_3_2023_10_13T17_21_22.txt,True,batiment,['batimentloin'],['soleilcouchant']
images/pyronear_courmettes_1_2023_11_07T13_41_46.jpg,labels/pyronear_courmettes_1_2023_11_07T13_41_46.txt,True,nuagesbas,['nuagesbas'],[]
images/pyronear_brison_2_2023_10_30T07_20_54.jpg,labels/pyronear_brison_2_2023_10_30T07_20_54.txt,True,brume,"['batiment', 'brume']",['brume']
images/pyronear_marguerite_1_2023_09_14T05_42_13.jpg,labels/pyronear_marguerite_1_2023_09_14T05_42_13.txt,True,grosnuages,['grosnuages'],[]
images/pyronear_brison_3_2023_09_07T06_51_31.jpg,labels/pyronear_brison_3_2023_09_07T06_51_31.txt,True,montagne,['montagne'],[]
images/pyronear_ferion_3_2023_10_18T07_25_17.jpg,labels/pyronear_ferion_3_2023_10_18T07_25_17.txt,True,brume,['brume'],[]
images/pyronear_marguerite_2_2023_09_01T17_55_09.jpg,labels/pyronear_marguerite_2_2023_09_01T17_55_09.txt,True,nuagesbas,['nuagesbas'],['soleilcouchant']
images/pyronear_brison_1_2023_09_13T05_44_12.jpg,labels/pyronear_brison_1_2023_09_13T05_44_12.txt,True,nuagesbas,['nuagesbas'],[]
images/pyronear_cabanelle_2_2023_10_01T06_48_06.jpg,labels/pyronear_cabanelle_2_2023_10_01T06_48_06.txt,True,soleil,"['refletslac', 'soleil']",[]
images/pyronear_valbonne_4_2023_10_29T09_52_22.jpg,labels/pyronear_valbonne_4_2023_10_29T09_52_22.txt,True,nuagesbas,['nuagesbas'],[]
images/pyronear_ferion_2_2023_10_28T15_26_37.jpg,labels/pyronear_ferion_2_2023_10_28T15_26_37.txt,True,grosnuages,['grosnuages'],[]
images/pyronear_brison_2_2023_10_30T13_44_35.jpg,labels/pyronear_brison_2_2023_10_30T13_44_35.txt,True,brume,"['batiment', 'brume']",['brume']
images/pyronear_valbonne_4_2023_11_02T09_32_07.jpg,labels/pyronear_valbonne_4_2023_11_02T09_32_07.txt,True,nuagesbas,['nuagesbas'],[]
images/pyronear_cabanelle_1_2023_10_11T14_08_56.jpg,labels/pyronear_cabanelle_1_2023_10_11T14_08_56.txt,True,brume,['brume'],[]
images/pyronear_brison_2_2023_10_29T06_18_28.jpg,labels/pyronear_brison_2_2023_10_29T06_18_28.txt,True,brume,"['batiment', 'brume']",['brume']
images/pyronear_cabanelle_1_2023_10_10T14_53_20.jpg,labels/pyronear_cabanelle_1_2023_10_10T14_53_20.txt,True,grosnuages,"['grosnuages', 'nuagesbas']",[]
images/pyronear_brison_2_2023_10_11T05_56_24.jpg,labels/pyronear_brison_2_2023_10_11T05_56_24.txt,True,soleil,['soleil'],['batiment']
images/pyronear_cabanelle_1_2023_10_11T14_54_58.jpg,labels/pyronear_cabanelle_1_2023_10_11T14_54_58.txt,True,brume,['brume'],[]
images/pyronear_courmettes_4_2023_10_12T16_32_27.jpg,labels/pyronear_courmettes_4_2023_10_12T16_32_27.txt,True,brume,['brume'],['batiment']
images/pyronear_valbonne_2_2023_11_06T15_57_46.jpg,labels/pyronear_valbonne_2_2023_11_06T15_57_46.txt,True,nuagesbas,['nuagesbas'],[]
images/pyronear_brison_1_2023_09_13T06_28_14.jpg,labels/pyronear_brison_1_2023_09_13T06_28_14.txt,True,nuagesbas,['nuagesbas'],[]
images/pyronear_brison_2_2023_10_30T13_46_57.jpg,labels/pyronear_brison_2_2023_10_30T13_46_57.txt,True,brume,"['batiment', 'brume']",['brume']
images/pyronear_brison_2_2023_11_01T10_05_16.jpg,labels/pyronear_brison_2_2023_11_01T10_05_16.txt,True,brume,"['batiment', 'brume']",['brume']
images/pyronear_brison_2_2023_09_14T15_01_00.jpg,labels/pyronear_brison_2_2023_09_14T15_01_00.txt,True,grosnuages,['grosnuages'],['batiment']
images/pyronear_valbonne_3_2023_10_20T11_23_12.jpg,labels/pyronear_valbonne_3_2023_10_20T11_23_12.txt,True,nuagesbas,['nuagesbas'],[]
images/pyronear_brison_2_2023_10_19T17_03_50.jpg,labels/pyronear_brison_2_2023_10_19T17_03_50.txt,True,brume,"['batiment', 'brume']",['brume']
images/pyronear_valbonne_4_2023_10_29T09_50_52.jpg,labels/pyronear_valbonne_4_2023_10_29T09_50_52.txt,True,nuagesbas,['nuagesbas'],[]
images/pyronear_brison_3_2023_09_21T12_53_12.jpg,labels/pyronear_brison_3_2023_09_21T12_53_12.txt,True,grosnuages,['grosnuages'],['brume']
images/pyronear_valbonne_2_2023_11_05T15_11_06.jpg,labels/pyronear_valbonne_2_2023_11_05T15_11_06.txt,True,nuagesbas,['nuagesbas'],[]
images/pyronear_valbonne_4_2023_10_24T16_31_17.jpg,labels/pyronear_valbonne_4_2023_10_24T16_31_17.txt,True,nuagesbas,['nuagesbas'],[]
images/pyronear_brison_3_2023_09_21T13_15_33.jpg,labels/pyronear_brison_3_2023_09_21T13_15_33.txt,True,grosnuages,['grosnuages'],['brume']
images/pyronear_ferion_2_2023_10_17T14_53_38.jpg,labels/pyronear_ferion_2_2023_10_17T14_53_38.txt,True,nuagesbas,['nuagesbas'],['brume']
images/pyronear_valbonne_3_2023_09_30T17_39_07.jpg,labels/pyronear_valbonne_3_2023_09_30T17_39_07.txt,True,batiment,['batimentloin'],['soleilcouchant']
images/pyronear_valbonne_4_2023_11_02T11_20_08.jpg,labels/pyronear_valbonne_4_2023_11_02T11_20_08.txt,True,nuagesbas,['nuagesbas'],[]
images/pyronear_courmettes_2_2023_10_20T09_47_36.jpg,labels/pyronear_courmettes_2_2023_10_20T09_47_36.txt,True,grosnuages,['grosnuages'],['brume']
images/pyronear_cabanelle_1_2023_10_10T11_49_15.jpg,labels/pyronear_cabanelle_1_2023_10_10T11_49_15.txt,True,grosnuages,"['grosnuages', 'nuagesbas']",[]
images/pyronear_courmettes_1_2023_09_29T06_24_14.jpg,labels/pyronear_courmettes_1_2023_09_29T06_24_14.txt,True,glare,"['glaretacherouge', 'soleilrefletslac']",[]
images/pyronear_brison_2_2023_10_19T09_50_16.jpg,labels/pyronear_brison_2_2023_10_19T09_50_16.txt,True,brume,"['batiment', 'brume']",['brume']
images/pyronear_cabanelle_2_2023_09_30T06_01_11.jpg,labels/pyronear_cabanelle_2_2023_09_30T06_01_11.txt,True,soleil,"['glare', 'refletslac', 'soleil', 'tacherouge']",[]
images/pyronear_marguerite_1_2023_06_14T03_30_38.jpg,labels/pyronear_marguerite_1_2023_06_14T03_30_38.txt,True,nuagesbas,['nuagesbas'],['nuit']
images/pyronear_courmettes_1_2023_11_07T14_01_46.jpg,labels/pyronear_courmettes_1_2023_11_07T14_01_46.txt,True,nuagesbas,['nuagesbas'],[]
images/pyronear_brison_1_2023_06_16T04_01_13.jpg,labels/pyronear_brison_1_2023_06_16T04_01_13.txt,True,soleil,['soleil'],[]
images/pyronear_ferion_3_2023_10_20T13_54_36.jpg,labels/pyronear_ferion_3_2023_10_20T13_54_36.txt,True,brume,['brume'],[]
images/pyronear_valbonne_4_2023_10_02T05_41_58.jpg,labels/pyronear_valbonne_4_2023_10_02T05_41_58.txt,True,soleil,['soleil'],['batiment']
images/pyronear_salaunes_2_2_2023_09_03T05_13_32.jpg,labels/pyronear_salaunes_2_2_2023_09_03T05_13_32.txt,True,panneausolaire,['panneausolaire'],[]
images/pyronear_ferion_4_2023_11_06T16_03_38.jpg,labels/pyronear_ferion_4_2023_11_06T16_03_38.txt,True,nuagesbas,['nuagesbas'],['soleilcouchant']
images/pyronear_brison_3_2023_10_02T13_21_07.jpg,labels/pyronear_brison_3_2023_10_02T13_21_07.txt,True,montagne,['montagne'],[]
images/pyronear_brison_4_2023_08_17T10_14_51.jpg,labels/pyronear_brison_4_2023_08_17T10_14_51.txt,True,grosnuages,['grosnuages'],"['insecte', 'tache']"
images/pyronear_brison_3_2023_06_08T05_29_13.jpg,labels/pyronear_brison_3_2023_06_08T05_29_13.txt,True,grosnuages,['grosnuages'],[]
images/pyronear_salaunes_2_2_2023_10_31T08_11_48.jpg,labels/pyronear_salaunes_2_2_2023_10_31T08_11_48.txt,True,grosnuages,['grosnuagesrefletssoleil'],[]
images/pyronear_brison_2_2023_09_21T11_01_54.jpg,labels/pyronear_brison_2_2023_09_21T11_01_54.txt,True,brume,"['batiment', 'brume']",['brume']
images/pyronear_brison_4_2023_10_28T06_13_09.jpg,labels/pyronear_brison_4_2023_10_28T06_13_09.txt,True,nuagesbas,['nuagesbas'],[]
images/pyronear_brison_2_2023_10_30T08_01_24.jpg,labels/pyronear_brison_2_2023_10_30T08_01_24.txt,True,brume,"['batiment', 'brume']",['brume']
images/pyronear_ferion_4_2023_11_06T16_07_08.jpg,labels/pyronear_ferion_4_2023_11_06T16_07_08.txt,True,nuagesbas,['nuagesbas'],['soleilcouchant']
images/pyronear_cabanelle_2_2023_09_28T05_31_40.jpg,labels/pyronear_cabanelle_2_2023_09_28T05_31_40.txt,True,glare,['glare'],[]
images/pyronear_brison_2_2023_09_18T08_32_48.jpg,labels/pyronear_brison_2_2023_09_18T08_32_48.txt,True,brume,"['batiment', 'brume']",['brume']
images/pyronear_courmettes_4_2023_11_02T11_03_11.jpg,labels/pyronear_courmettes_4_2023_11_02T11_03_11.txt,True,arbre,['arbre'],['brume']
images/pyronear_brison_2_2023_10_29T06_16_36.jpg,labels/pyronear_brison_2_2023_10_29T06_16_36.txt,True,brume,"['batiment', 'brume']",['brume']
images/pyronear_valbonne_4_2023_10_28T15_48_03.jpg,labels/pyronear_valbonne_4_2023_10_28T15_48_03.txt,True,nuagesbas,['nuagesbas'],[]
images/pyronear_marguerite_1_2023_09_14T14_55_33.jpg,labels/pyronear_marguerite_1_2023_09_14T14_55_33.txt,True,nuagesbas,['nuagesbas'],[]
images/pyronear_cabanelle_1_2023_10_11T15_24_29.jpg,labels/pyronear_cabanelle_1_2023_10_11T15_24_29.txt,True,brume,['brume'],[]
images/pyronear_ferion_2_2023_10_28T16_22_08.jpg,labels/pyronear_ferion_2_2023_10_28T16_22_08.txt,True,grosnuages,['grosnuages'],[]
images/pyronear_marguerite_2_2023_09_10T18_15_49.jpg,labels/pyronear_marguerite_2_2023_09_10T18_15_49.txt,True,nuagesbas,['nuagesbas'],['soleilcouchant']
images/pyronear_courmettes_1_2023_11_07T13_43_15.jpg,labels/pyronear_courmettes_1_2023_11_07T13_43_15.txt,True,nuagesbas,['nuagesbas'],[]
images/pyronear_marguerite_1_2023_08_22T15_49_48.jpg,labels/pyronear_marguerite_1_2023_08_22T15_49_48.txt,True,soleil,['soleilrayons'],[]
images/pyronear_marguerite_2_2023_09_24T17_38_43.jpg,labels/pyronear_marguerite_2_2023_09_24T17_38_43.txt,True,nuagesbas,['nuagesfiligranes'],[]
images/pyronear_brison_4_2023_10_29T10_19_46.jpg,labels/pyronear_brison_4_2023_10_29T10_19_46.txt,True,grosnuages,['grosnuages'],['brume']
images/pyronear_brison_2_2023_10_19T07_24_04.jpg,labels/pyronear_brison_2_2023_10_19T07_24_04.txt,True,brume,"['batiment', 'brume']",['brume']
images/pyronear_salaunes_2_2_2023_10_31T07_54_46.jpg,labels/pyronear_salaunes_2_2_2023_10_31T07_54_46.txt,True,grosnuages,['grosnuagesrefletssoleil'],[]
images/pyronear_brison_2_2023_10_11T05_54_54.jpg,labels/pyronear_brison_2_2023_10_11T05_54_54.txt,True,soleil,['soleil'],['batiment']
images/pyronear_brison_1_2023_06_12T13_18_21.jpg,labels/pyronear_brison_1_2023_06_12T13_18_21.txt,True,nuagesbas,['nuagesbas'],[]
images/pyronear_marguerite_2_2023_09_24T17_30_13.jpg,labels/pyronear_marguerite_2_2023_09_24T17_30_13.txt,True,nuagesbas,['nuagesfiligranes'],[]
images/pyronear_brison_2_2023_10_19T07_52_04.jpg,labels/pyronear_brison_2_2023_10_19T07_52_04.txt,True,brume,"['batiment', 'brume']",['brume']
images/pyronear_courmettes_1_2023_11_07T06_28_31.jpg,labels/pyronear_courmettes_1_2023_11_07T06_28_31.txt,True,glare,['glaresoleilptrouge'],['soleilcouchant']
images/pyronear_ferion_2_2023_10_28T15_08_05.jpg,labels/pyronear_ferion_2_2023_10_28T15_08_05.txt,True,grosnuages,['grosnuages'],[]
images/pyronear_marguerite_3_2023_09_18T06_48_53.jpg,labels/pyronear_marguerite_3_2023_09_18T06_48_53.txt,True,arbre,['arbre'],['brume']
images/pyronear_valbonne_2_2023_11_05T14_43_36.jpg,labels/pyronear_valbonne_2_2023_11_05T14_43_36.txt,True,nuagesbas,['nuagesbas'],[]
images/pyronear_brison_2_2023_09_21T05_54_51.jpg,labels/pyronear_brison_2_2023_09_21T05_54_51.txt,True,brume,"['batiment', 'brume']",['brume']
images/pyronear_brison_2_2023_10_19T07_48_05.jpg,labels/pyronear_brison_2_2023_10_19T07_48_05.txt,True,brume,"['batiment', 'brume']",['brume']
images/pyronear_brison_2_2023_09_18T05_34_49.jpg,labels/pyronear_brison_2_2023_09_18T05_34_49.txt,True,brume,"['batiment', 'brume']",['brume']
images/pyronear_salaunes_2_1_2023_11_05T10_29_53.jpg,labels/pyronear_salaunes_2_1_2023_11_05T10_29_53.txt,True,grosnuages,['grosnuagesrefletssoleil'],[]
images/pyronear_cabanelle_1_2023_10_13T08_22_32.jpg,labels/pyronear_cabanelle_1_2023_10_13T08_22_32.txt,True,grosnuages,['grosnuages'],[]
images/pyronear_courmettes_1_2023_11_07T12_47_44.jpg,labels/pyronear_courmettes_1_2023_11_07T12_47_44.txt,True,nuagesbas,['nuagesbas'],[]
images/pyronear_brison_2_2023_09_21T06_11_50.jpg,labels/pyronear_brison_2_2023_09_21T06_11_50.txt,True,brume,"['batiment', 'brume']",['brume']
images/pyronear_valbonne_2_2023_11_06T15_53_46.jpg,labels/pyronear_valbonne_2_2023_11_06T15_53_46.txt,True,nuagesbas,['nuagesbas'],[]
images/pyronear_marguerite_3_2023_09_18T06_58_25.jpg,labels/pyronear_marguerite_3_2023_09_18T06_58_25.txt,True,arbre,['arbre'],['brume']
images/pyronear_brison_2_2023_09_21T05_58_20.jpg,labels/pyronear_brison_2_2023_09_21T05_58_20.txt,True,brume,"['batiment', 'brume']",['brume']
images/pyronear_brison_2_2023_10_19T09_33_08.jpg,labels/pyronear_brison_2_2023_10_19T09_33_08.txt,True,brume,"['batiment', 'brume']",['brume']
images/pyronear_ferion_3_2023_10_20T13_21_54.jpg,labels/pyronear_ferion_3_2023_10_20T13_21_54.txt,True,brume,['brume'],[]
images/pyronear_courmettes_1_2023_09_29T06_10_44.jpg,labels/pyronear_courmettes_1_2023_09_29T06_10_44.txt,True,glare,"['glaretacherouge', 'soleilrefletslac']",[]
images/pyronear_valbonne_4_2023_11_03T15_37_01.jpg,labels/pyronear_valbonne_4_2023_11_03T15_37_01.txt,True,nuagesbas,['nuagesbas'],[]
images/pyronear_marguerite_1_2023_09_10T16_17_13.jpg,labels/pyronear_marguerite_1_2023_09_10T16_17_13.txt,True,glare,['glare'],[]
images/pyronear_valbonne_2_2023_11_05T16_02_07.jpg,labels/pyronear_valbonne_2_2023_11_05T16_02_07.txt,True,nuagesbas,['nuagesbas'],[]
images/pyronear_brison_2_2023_10_19T08_33_14.jpg,labels/pyronear_brison_2_2023_10_19T08_33_14.txt,True,brume,"['batiment', 'brume']",['brume']
images/pyronear_marguerite_4_2023_10_29T13_30_14.jpg,labels/pyronear_marguerite_4_2023_10_29T13_30_14.txt,True,batiment,['batiment'],"['brume', 'pluie']"
images/pyronear_valbonne_4_2023_11_02T09_04_32.jpg,labels/pyronear_valbonne_4_2023_11_02T09_04_32.txt,True,nuagesbas,['nuagesbas'],[]
images/pyronear_brison_2_2023_09_24T06_01_12.jpg,labels/pyronear_brison_2_2023_09_24T06_01_12.txt,True,glare,['glare'],[]
images/pyronear_brison_2_2023_10_29T06_29_29.jpg,labels/pyronear_brison_2_2023_10_29T06_29_29.txt,True,brume,"['batiment', 'brume']",['brume']
images/pyronear_ferion_2_2023_10_17T14_30_06.jpg,labels/pyronear_ferion_2_2023_10_17T14_30_06.txt,True,nuagesbas,['nuagesbas'],['brume']
images/pyronear_brison_2_2023_10_30T09_13_58.jpg,labels/pyronear_brison_2_2023_10_30T09_13_58.txt,True,brume,"['batiment', 'brume']",['brume']
images/pyronear_brison_2_2023_10_30T13_54_58.jpg,labels/pyronear_brison_2_2023_10_30T13_54_58.txt,True,brume,"['batiment', 'brume']",['brume']
images/pyronear_brison_3_2023_08_27T07_21_43.jpg,labels/pyronear_brison_3_2023_08_27T07_21_43.txt,True,grosnuages,"['grosnuages', 'nuagesbas']",[]
images/pyronear_courmettes_1_2023_09_27T06_09_34.jpg,labels/pyronear_courmettes_1_2023_09_27T06_09_34.txt,True,glare,['glaretache'],[]
images/pyronear_salaunes_1_4_2023_10_05T17_14_43.jpg,labels/pyronear_salaunes_1_4_2023_10_05T17_14_43.txt,True,glare,['glareptjaune'],[]
images/pyronear_salaunes_2_4_2023_08_17T04_45_11.jpg,labels/pyronear_salaunes_2_4_2023_08_17T04_45_11.txt,True,tuyau,['tuyau'],['tache']
images/pyronear_brison_2_2023_09_14T17_42_02.jpg,labels/pyronear_brison_2_2023_09_14T17_42_02.txt,True,grosnuages,['grosnuages'],['batiment']
images/pyronear_brison_2_2023_09_18T16_55_29.jpg,labels/pyronear_brison_2_2023_09_18T16_55_29.txt,True,grosnuages,['grosnuages'],['batiment']
images/pyronear_brison_2_2023_10_19T09_29_10.jpg,labels/pyronear_brison_2_2023_10_19T09_29_10.txt,True,brume,"['batiment', 'brume']",['brume']
images/pyronear_marguerite_4_2023_10_29T12_09_14.jpg,labels/pyronear_marguerite_4_2023_10_29T12_09_14.txt,True,batiment,['batiment'],"['brume', 'pluie']"
images/pyronear_courmettes_1_2023_09_29T05_55_46.jpg,labels/pyronear_courmettes_1_2023_09_29T05_55_46.txt,True,glare,"['glaretacherouge', 'soleilrefletslac']",[]
images/pyronear_brison_2_2023_10_19T08_57_37.jpg,labels/pyronear_brison_2_2023_10_19T08_57_37.txt,True,brume,"['batiment', 'brume']",['brume']
images/pyronear_ferion_2_2023_10_17T11_51_31.jpg,labels/pyronear_ferion_2_2023_10_17T11_51_31.txt,True,nuagesbas,['nuagesbas'],['brume']
images/pyronear_ferion_4_2023_11_06T16_02_08.jpg,labels/pyronear_ferion_4_2023_11_06T16_02_08.txt,True,nuagesbas,['nuagesbas'],['soleilcouchant']
images/pyronear_salaunes_1_2_2023_09_30T11_26_34.jpg,labels/pyronear_salaunes_1_2_2023_09_30T11_26_34.txt,True,glare,['glare'],[]
images/pyronear_cabanelle_1_2023_10_13T09_37_05.jpg,labels/pyronear_cabanelle_1_2023_10_13T09_37_05.txt,True,grosnuages,['grosnuages'],[]
images/pyronear_marguerite_3_2023_09_18T05_53_16.jpg,labels/pyronear_marguerite_3_2023_09_18T05_53_16.txt,True,arbre,['arbre'],['brume']
images/pyronear_marguerite_4_2023_10_29T13_35_16.jpg,labels/pyronear_marguerite_4_2023_10_29T13_35_16.txt,True,batiment,['batiment'],"['brume', 'pluie']"
images/pyronear_brison_1_2023_07_09T04_11_39.jpg,labels/pyronear_brison_1_2023_07_09T04_11_39.txt,True,soleil,['soleil'],[]
images/pyronear_st_peray_1_2023_07_21T08_46_59.jpg,labels/pyronear_st_peray_1_2023_07_21T08_46_59.txt,True,grosnuages,['grosnuages'],[]
images/pyronear_brison_4_2023_08_17T10_05_21.jpg,labels/pyronear_brison_4_2023_08_17T10_05_21.txt,True,grosnuages,['grosnuages'],"['insecte', 'tache']"
images/pyronear_valbonne_4_2023_10_01T05_46_49.jpg,labels/pyronear_valbonne_4_2023_10_01T05_46_49.txt,True,soleil,['soleil'],['batiment']
images/pyronear_courmettes_1_2023_11_07T13_39_45.jpg,labels/pyronear_courmettes_1_2023_11_07T13_39_45.txt,True,nuagesbas,['nuagesbas'],[]
images/pyronear_brison_3_2023_10_01T13_56_15.jpg,labels/pyronear_brison_3_2023_10_01T13_56_15.txt,True,montagne,['montagne'],[]
images/pyronear_marguerite_1_2023_08_11T15_39_14.jpg,labels/pyronear_marguerite_1_2023_08_11T15_39_14.txt,True,soleil,['soleilrayons'],[]
images/pyronear_ferion_2_2023_10_28T07_01_11.jpg,labels/pyronear_ferion_2_2023_10_28T07_01_11.txt,True,glare,"['glare', 'tache']",[]
images/pyronear_courmettes_1_2023_11_07T13_19_14.jpg,labels/pyronear_courmettes_1_2023_11_07T13_19_14.txt,True,nuagesbas,['nuagesbas'],[]
images/pyronear_valbonne_4_2023_10_30T15_34_31.jpg,labels/pyronear_valbonne_4_2023_10_30T15_34_31.txt,True,nuagesbas,['nuagesbas'],[]
images/pyronear_courmettes_1_2023_09_27T05_50_14.jpg,labels/pyronear_courmettes_1_2023_09_27T05_50_14.txt,True,glare,['glareptjaune'],[]
images/pyronear_courmettes_4_2023_11_02T08_59_38.jpg,labels/pyronear_courmettes_4_2023_11_02T08_59_38.txt,True,arbre,['arbre'],['brume']
images/pyronear_ferion_2_2023_10_27T06_56_30.jpg,labels/pyronear_ferion_2_2023_10_27T06_56_30.txt,True,glare,"['glare', 'tache']",[]
images/pyronear_brison_3_2023_08_29T06_22_45.jpg,labels/pyronear_brison_3_2023_08_29T06_22_45.txt,True,montagne,['montagne'],[]
images/pyronear_valbonne_4_2023_10_01T05_58_49.jpg,labels/pyronear_valbonne_4_2023_10_01T05_58_49.txt,True,soleil,['soleil'],['batiment']
images/pyronear_brison_3_2023_06_14T08_29_34.jpg,labels/pyronear_brison_3_2023_06_14T08_29_34.txt,True,grosnuages,['grosnuages'],['brume']
images/pyronear_salaunes_2_1_2023_11_05T07_28_14.jpg,labels/pyronear_salaunes_2_1_2023_11_05T07_28_14.txt,True,grosnuages,['grosnuagesrefletssoleil'],[]
images/pyronear_courmettes_4_2023_11_02T11_04_40.jpg,labels/pyronear_courmettes_4_2023_11_02T11_04_40.txt,True,arbre,['arbre'],['brume']
images/pyronear_brison_2_2023_09_22T08_53_45.jpg,labels/pyronear_brison_2_2023_09_22T08_53_45.txt,True,nuagesbas,['nuagesbas'],['batiment']
images/pyronear_brison_1_2023_07_24T17_33_44.jpg,labels/pyronear_brison_1_2023_07_24T17_33_44.txt,True,tache,['tachenoire'],[]
images/pyronear_valbonne_2_2023_11_05T14_50_35.jpg,labels/pyronear_valbonne_2_2023_11_05T14_50_35.txt,True,nuagesbas,['nuagesbas'],[]
images/pyronear_courmettes_4_2023_10_19T13_01_23.jpg,labels/pyronear_courmettes_4_2023_10_19T13_01_23.txt,True,arbre,['arbre'],['brume']
images/pyronear_marguerite_2_2023_09_24T17_39_13.jpg,labels/pyronear_marguerite_2_2023_09_24T17_39_13.txt,True,nuagesbas,['nuagesfiligranes'],[]
images/pyronear_marguerite_1_2023_09_16T12_06_58.jpg,labels/pyronear_marguerite_1_2023_09_16T12_06_58.txt,True,nuagesbas,['nuagesbas'],[]
images/pyronear_brison_2_2023_10_30T08_04_54.jpg,labels/pyronear_brison_2_2023_10_30T08_04_54.txt,True,brume,"['batiment', 'brume']",['brume']
images/pyronear_courmettes_1_2023_09_29T06_04_14.jpg,labels/pyronear_courmettes_1_2023_09_29T06_04_14.txt,True,glare,"['glaretacherouge', 'soleilrefletslac']",[]
images/pyronear_valbonne_2_2023_11_05T15_15_06.jpg,labels/pyronear_valbonne_2_2023_11_05T15_15_06.txt,True,nuagesbas,['nuagesbas'],[]
images/pyronear_st_peray_1_2023_07_21T08_24_59.jpg,labels/pyronear_st_peray_1_2023_07_21T08_24_59.txt,True,grosnuages,['grosnuages'],[]
images/pyronear_brison_3_2023_09_07T07_08_34.jpg,labels/pyronear_brison_3_2023_09_07T07_08_34.txt,True,montagne,['montagne'],[]
images/pyronear_courmettes_1_2023_09_26T06_08_44.jpg,labels/pyronear_courmettes_1_2023_09_26T06_08_44.txt,True,glare,['glaretache'],[]
images/pyronear_marguerite_3_2023_09_18T08_09_58.jpg,labels/pyronear_marguerite_3_2023_09_18T08_09_58.txt,True,arbre,['arbre'],['brume']
images/pyronear_valbonne_2_2023_11_06T15_12_17.jpg,labels/pyronear_valbonne_2_2023_11_06T15_12_17.txt,True,nuagesbas,['nuagesbas'],[]
images/pyronear_salaunes_2_2_2023_09_03T05_12_33.jpg,labels/pyronear_salaunes_2_2_2023_09_03T05_12_33.txt,True,panneausolaire,['panneausolaire'],[]
images/pyronear_ferion_3_2023_10_19T16_04_22.jpg,labels/pyronear_ferion_3_2023_10_19T16_04_22.txt,True,brume,['brume'],[]
images/pyronear_marguerite_1_2023_08_22T16_34_25.jpg,labels/pyronear_marguerite_1_2023_08_22T16_34_25.txt,True,soleil,['soleilrayons'],[]
images/pyronear_valbonne_2_2023_11_05T14_37_35.jpg,labels/pyronear_valbonne_2_2023_11_05T14_37_35.txt,True,nuagesbas,['nuagesbas'],[]
images/pyronear_salaunes_1_4_2023_09_29T17_17_54.jpg,labels/pyronear_salaunes_1_4_2023_09_29T17_17_54.txt,True,glare,['glareptjaune'],[]
images/pyronear_cabanelle_1_2023_10_10T08_58_43.jpg,labels/pyronear_cabanelle_1_2023_10_10T08_58_43.txt,True,grosnuages,"['grosnuages', 'nuagesbas']",[]
images/pyronear_valbonne_4_2023_10_02T05_46_59.jpg,labels/pyronear_valbonne_4_2023_10_02T05_46_59.txt,True,soleil,['soleil'],['batiment']
images/pyronear_marguerite_1_2023_08_10T16_03_54.jpg,labels/pyronear_marguerite_1_2023_08_10T16_03_54.txt,True,soleil,['soleilrayons'],[]
images/pyronear_cabanelle_1_2023_10_10T11_22_44.jpg,labels/pyronear_cabanelle_1_2023_10_10T11_22_44.txt,True,grosnuages,"['grosnuages', 'nuagesbas']",[]
images/pyronear_salaunes_2_1_2023_08_11T04_49_34.jpg,labels/pyronear_salaunes_2_1_2023_08_11T04_49_34.txt,True,arbre,['arbre'],['brume']
images/pyronear_cabanelle_1_2023_10_10T14_53_22.jpg,labels/pyronear_cabanelle_1_2023_10_10T14_53_22.txt,True,grosnuages,"['grosnuages', 'nuagesbas']",[]
images/pyronear_brison_2_2023_10_19T08_28_05.jpg,labels/pyronear_brison_2_2023_10_19T08_28_05.txt,True,brume,"['batiment', 'brume']",['brume']
images/pyronear_courmettes_1_2023_11_07T12_42_44.jpg,labels/pyronear_courmettes_1_2023_11_07T12_42_44.txt,True,nuagesbas,['nuagesbas'],[]
images/pyronear_brison_2_2023_10_30T06_38_38.jpg,labels/pyronear_brison_2_2023_10_30T06_38_38.txt,True,brume,"['batiment', 'brume']",['brume']
images/pyronear_brison_3_2023_09_30T15_25_52.jpg,labels/pyronear_brison_3_2023_09_30T15_25_52.txt,True,montagne,['montagne'],[]
images/pyronear_courmettes_1_2023_11_07T13_36_45.jpg,labels/pyronear_courmettes_1_2023_11_07T13_36_45.txt,True,nuagesbas,['nuagesbas'],[]
images/pyronear_cabanelle_2_2023_09_28T05_31_12.jpg,labels/pyronear_cabanelle_2_2023_09_28T05_31_12.txt,True,glare,['glare'],[]
images/pyronear_salaunes_2_1_2023_08_27T08_50_35.jpg,labels/pyronear_salaunes_2_1_2023_08_27T08_50_35.txt,True,grosnuages,['grosnuages'],[]
images/pyronear_brison_2_2023_10_30T07_21_24.jpg,labels/pyronear_brison_2_2023_10_30T07_21_24.txt,True,brume,"['batiment', 'brume']",['brume']
images/pyronear_valbonne_2_2023_11_07T14_28_50.jpg,labels/pyronear_valbonne_2_2023_11_07T14_28_50.txt,True,nuagesbas,['nuagesbas'],[]
images/pyronear_marguerite_4_2023_09_18T08_09_51.jpg,labels/pyronear_marguerite_4_2023_09_18T08_09_51.txt,True,tache,"['batiment', 'tache']","['brume', 'pluie']"
images/pyronear_salaunes_2_1_2023_11_05T07_26_45.jpg,labels/pyronear_salaunes_2_1_2023_11_05T07_26_45.txt,True,grosnuages,['grosnuagesrefletssoleil'],[]
images/pyronear_brison_2_2023_10_19T08_33_09.jpg,labels/pyronear_brison_2_2023_10_19T08_33_09.txt,True,brume,"['batiment', 'brume']",['brume']
images/pyronear_valbonne_2_2023_11_05T15_42_06.jpg,labels/pyronear_valbonne_2_2023_11_05T15_42_06.txt,True,nuagesbas,['nuagesbas'],[]
images/pyronear_brison_2_2023_11_04T11_04_22.jpg,labels/pyronear_brison_2_2023_11_04T11_04_22.txt,True,brume,"['batiment', 'brume']",['brume']
images/pyronear_ferion_3_2023_10_20T12_18_17.jpg,labels/pyronear_ferion_3_2023_10_20T12_18_17.txt,True,brume,['brume'],[]
images/pyronear_valbonne_2_2023_11_06T15_48_46.jpg,labels/pyronear_valbonne_2_2023_11_06T15_48_46.txt,True,nuagesbas,['nuagesbas'],[]
images/pyronear_valbonne_4_2023_11_05T06_11_53.jpg,labels/pyronear_valbonne_4_2023_11_05T06_11_53.txt,True,nuagesbas,['nuagesbas'],[]
images/pyronear_courmettes_1_2023_11_07T06_13_37.jpg,labels/pyronear_courmettes_1_2023_11_07T06_13_37.txt,True,soleil,['soleil'],[]
images/pyronear_valbonne_4_2023_10_22T06_31_42.jpg,labels/pyronear_valbonne_4_2023_10_22T06_31_42.txt,True,soleil,['soleil'],['batiment']
images/pyronear_marguerite_3_2023_09_18T08_37_29.jpg,labels/pyronear_marguerite_3_2023_09_18T08_37_29.txt,True,arbre,['arbre'],['brume']
images/pyronear_ferion_2_2023_11_06T06_46_02.jpg,labels/pyronear_ferion_2_2023_11_06T06_46_02.txt,True,glare,"['glare', 'tache']",[]
images/pyronear_marguerite_1_2023_08_22T14_29_47.jpg,labels/pyronear_marguerite_1_2023_08_22T14_29_47.txt,True,soleil,['soleilrayons'],[]
images/pyronear_marguerite_1_2023_09_18T16_07_06.jpg,labels/pyronear_marguerite_1_2023_09_18T16_07_06.txt,True,glare,['glare'],[]
images/pyronear_courmettes_4_2023_11_02T11_59_12.jpg,labels/pyronear_courmettes_4_2023_11_02T11_59_12.txt,True,arbre,['arbre'],['brume']
images/pyronear_brison_3_2023_08_29T05_50_23.jpg,labels/pyronear_brison_3_2023_08_29T05_50_23.txt,True,montagne,['montagne'],[]
images/pyronear_ferion_3_2023_10_18T07_17_50.jpg,labels/pyronear_ferion_3_2023_10_18T07_17_50.txt,True,brume,['brume'],[]
images/pyronear_marguerite_3_2023_09_18T07_50_54.jpg,labels/pyronear_marguerite_3_2023_09_18T07_50_54.txt,True,arbre,['arbre'],['brume']
images/pyronear_salaunes_1_1_2023_08_09T18_05_59.jpg,labels/pyronear_salaunes_1_1_2023_08_09T18_05_59.txt,True,nuagesbas,['nuagesbas'],[]
images/pyronear_brison_1_2023_09_13T07_41_46.jpg,labels/pyronear_brison_1_2023_09_13T07_41_46.txt,True,nuagesbas,['nuagesbas'],[]
images/pyronear_valbonne_3_2023_10_14T17_21_43.jpg,labels/pyronear_valbonne_3_2023_10_14T17_21_43.txt,True,batiment,['batimentloin'],['soleilcouchant']
images/pyronear_salaunes_2_1_2023_08_27T08_42_05.jpg,labels/pyronear_salaunes_2_1_2023_08_27T08_42_05.txt,True,grosnuages,['grosnuages'],[]
images/pyronear_salaunes_2_4_2023_08_17T04_48_39.jpg,labels/pyronear_salaunes_2_4_2023_08_17T04_48_39.txt,True,tuyau,['tuyau'],['tache']
images/pyronear_salaunes_1_1_2023_11_03T15_34_06.jpg,labels/pyronear_salaunes_1_1_2023_11_03T15_34_06.txt,True,grosnuages,['grosnuages'],[]
images/pyronear_marguerite_3_2023_09_18T07_26_53.jpg,labels/pyronear_marguerite_3_2023_09_18T07_26_53.txt,True,arbre,['arbre'],['brume']
images/pyronear_valbonne_2_2023_11_05T15_13_06.jpg,labels/pyronear_valbonne_2_2023_11_05T15_13_06.txt,True,nuagesbas,['nuagesbas'],[]
images/pyronear_valbonne_3_2023_09_28T17_43_40.jpg,labels/pyronear_valbonne_3_2023_09_28T17_43_40.txt,True,batiment,['batimentloin'],['soleilcouchant']
images/pyronear_salaunes_1_2_2023_09_30T11_25_07.jpg,labels/pyronear_salaunes_1_2_2023_09_30T11_25_07.txt,True,glare,['glare'],[]
images/pyronear_cabanelle_1_2023_10_10T11_45_15.jpg,labels/pyronear_cabanelle_1_2023_10_10T11_45_15.txt,True,grosnuages,"['grosnuages', 'nuagesbas']",[]
images/pyronear_marguerite_3_2023_09_18T07_12_23.jpg,labels/pyronear_marguerite_3_2023_09_18T07_12_23.txt,True,arbre,['arbre'],['brume']
images/pyronear_courmettes_1_2023_09_26T06_07_16.jpg,labels/pyronear_courmettes_1_2023_09_26T06_07_16.txt,True,glare,['glaretache'],[]
images/pyronear_courmettes_1_2023_09_28T05_59_40.jpg,labels/pyronear_courmettes_1_2023_09_28T05_59_40.txt,True,glare,['glaretache'],[]
images/pyronear_cabanelle_1_2023_10_10T14_43_50.jpg,labels/pyronear_cabanelle_1_2023_10_10T14_43_50.txt,True,grosnuages,"['grosnuages', 'nuagesbas']",[]
images/pyronear_salaunes_2_1_2023_10_21T06_52_45.jpg,labels/pyronear_salaunes_2_1_2023_10_21T06_52_45.txt,True,grosnuages,['grosnuagesrefletssoleil'],[]
images/pyronear_marguerite_1_2023_09_10T16_11_12.jpg,labels/pyronear_marguerite_1_2023_09_10T16_11_12.txt,True,glare,['glare'],[]
images/pyronear_brison_4_2023_08_17T09_46_52.jpg,labels/pyronear_brison_4_2023_08_17T09_46_52.txt,True,grosnuages,['grosnuages'],"['insecte', 'tache']"
images/pyronear_valbonne_3_2023_10_14T17_19_14.jpg,labels/pyronear_valbonne_3_2023_10_14T17_19_14.txt,True,batiment,['batimentloin'],['soleilcouchant']
images/pyronear_cabanelle_1_2023_10_10T11_29_44.jpg,labels/pyronear_cabanelle_1_2023_10_10T11_29_44.txt,True,grosnuages,"['grosnuages', 'nuagesbas']",[]
images/pyronear_valbonne_4_2023_10_29T09_48_24.jpg,labels/pyronear_valbonne_4_2023_10_29T09_48_24.txt,True,nuagesbas,['nuagesbas'],[]
images/pyronear_brison_2_2023_10_19T08_26_36.jpg,labels/pyronear_brison_2_2023_10_19T08_26_36.txt,True,brume,"['batiment', 'brume']",['brume']
images/pyronear_valbonne_3_2023_10_20T11_13_40.jpg,labels/pyronear_valbonne_3_2023_10_20T11_13_40.txt,True,nuagesbas,['nuagesbas'],[]
images/pyronear_courmettes_1_2023_09_29T05_36_43.jpg,labels/pyronear_courmettes_1_2023_09_29T05_36_43.txt,True,soleil,['soleil'],[]
images/pyronear_cabanelle_1_2023_10_10T09_01_10.jpg,labels/pyronear_cabanelle_1_2023_10_10T09_01_10.txt,True,grosnuages,"['grosnuages', 'nuagesbas']",[]
images/pyronear_salaunes_1_4_2023_09_29T17_07_54.jpg,labels/pyronear_salaunes_1_4_2023_09_29T17_07_54.txt,True,glare,['glareptjaune'],[]
images/pyronear_brison_1_2023_09_13T06_25_43.jpg,labels/pyronear_brison_1_2023_09_13T06_25_43.txt,True,nuagesbas,['nuagesbas'],[]
images/pyronear_salaunes_2_1_2023_07_04T04_49_08.jpg,labels/pyronear_salaunes_2_1_2023_07_04T04_49_08.txt,True,arbre,['arbre'],['brume']
images/pyronear_marguerite_2_2023_06_27T19_16_47.jpg,labels/pyronear_marguerite_2_2023_06_27T19_16_47.txt,True,soleil,['soleil'],[]
images/pyronear_marguerite_3_2023_09_18T08_40_26.jpg,labels/pyronear_marguerite_3_2023_09_18T08_40_26.txt,True,arbre,['arbre'],['brume']
images/pyronear_valbonne_2_2023_11_07T06_31_31.jpg,labels/pyronear_valbonne_2_2023_11_07T06_31_31.txt,True,nuagesbas,['nuagesbas'],[]
images/pyronear_salaunes_2_4_2023_08_17T04_51_39.jpg,labels/pyronear_salaunes_2_4_2023_08_17T04_51_39.txt,True,tuyau,['tuyau'],['tache']
images/pyronear_salaunes_2_4_2023_08_19T05_28_32.jpg,labels/pyronear_salaunes_2_4_2023_08_19T05_28_32.txt,True,tuyau,['tuyau'],[]
images/pyronear_marguerite_1_2023_08_22T16_34_21.jpg,labels/pyronear_marguerite_1_2023_08_22T16_34_21.txt,True,soleil,['soleilrayons'],[]
images/pyronear_marguerite_3_2023_09_18T05_20_14.jpg,labels/pyronear_marguerite_3_2023_09_18T05_20_14.txt,True,arbre,['arbre'],['brume']
images/pyronear_marguerite_3_2023_09_18T09_12_57.jpg,labels/pyronear_marguerite_3_2023_09_18T09_12_57.txt,True,arbre,['arbre'],['brume']
images/pyronear_ferion_2_2023_11_03T06_45_46.jpg,labels/pyronear_ferion_2_2023_11_03T06_45_46.txt,True,glare,"['glare', 'tache']",[]
images/pyronear_brison_1_2023_06_13T05_52_20.jpg,labels/pyronear_brison_1_2023_06_13T05_52_20.txt,True,grosnuages,['grosnuages'],[]
images/pyronear_marguerite_3_2023_09_18T05_43_15.jpg,labels/pyronear_marguerite_3_2023_09_18T05_43_15.txt,True,arbre,['arbre'],['brume']
images/pyronear_marguerite_2_2023_09_24T17_25_52.jpg,labels/pyronear_marguerite_2_2023_09_24T17_25_52.txt,True,nuagesbas,['nuagesfiligranes'],[]
images/pyronear_brison_2_2023_09_21T08_31_56.jpg,labels/pyronear_brison_2_2023_09_21T08_31_56.txt,True,brume,"['batiment', 'brume']",['brume']
images/pyronear_brison_4_2023_06_12T12_05_04.jpg,labels/pyronear_brison_4_2023_06_12T12_05_04.txt,True,nuagesbas,['nuagesbas'],['brume']
images/pyronear_brison_2_2023_11_04T11_04_51.jpg,labels/pyronear_brison_2_2023_11_04T11_04_51.txt,True,brume,"['batiment', 'brume']",['brume']
images/pyronear_brison_3_2023_08_29T06_14_16.jpg,labels/pyronear_brison_3_2023_08_29T06_14_16.txt,True,montagne,['montagne'],[]
images/pyronear_valbonne_3_2023_09_30T17_45_03.jpg,labels/pyronear_valbonne_3_2023_09_30T17_45_03.txt,True,batiment,['batimentloin'],['soleilcouchant']
images/pyronear_marguerite_4_2023_10_20T07_33_46.jpg,labels/pyronear_marguerite_4_2023_10_20T07_33_46.txt,True,batiment,['batiment'],"['brume', 'pluie']"
images/pyronear_brison_2_2023_10_30T07_20_24.jpg,labels/pyronear_brison_2_2023_10_30T07_20_24.txt,True,brume,"['batiment', 'brume']",['brume']
images/pyronear_courmettes_1_2023_11_04T06_29_59.jpg,labels/pyronear_courmettes_1_2023_11_04T06_29_59.txt,True,glare,['glaresoleilptrouge'],['soleilcouchant']
images/pyronear_brison_2_2023_08_27T09_02_04.jpg,labels/pyronear_brison_2_2023_08_27T09_02_04.txt,True,grosnuages,['grosnuages'],['batiment']
images/pyronear_marguerite_1_2023_08_22T16_11_20.jpg,labels/pyronear_marguerite_1_2023_08_22T16_11_20.txt,True,soleil,['soleilrayons'],[]
images/pyronear_marguerite_1_2023_09_10T16_10_12.jpg,labels/pyronear_marguerite_1_2023_09_10T16_10_12.txt,True,glare,['glare'],[]
images/pyronear_marguerite_4_2023_10_30T14_28_47.jpg,labels/pyronear_marguerite_4_2023_10_30T14_28_47.txt,True,batiment,['batiment'],"['brume', 'pluie']"
images/pyronear_marguerite_3_2023_09_18T07_29_24.jpg,labels/pyronear_marguerite_3_2023_09_18T07_29_24.txt,True,arbre,['arbre'],['brume']
images/pyronear_courmettes_1_2023_09_26T06_32_14.jpg,labels/pyronear_courmettes_1_2023_09_26T06_32_14.txt,True,soleil,"['glare', 'refletslac', 'soleil', 'tacherouge']",[]
images/pyronear_marguerite_3_2023_09_18T08_56_26.jpg,labels/pyronear_marguerite_3_2023_09_18T08_56_26.txt,True,arbre,['arbre'],['brume']
images/pyronear_valbonne_2_2023_11_06T15_54_15.jpg,labels/pyronear_valbonne_2_2023_11_06T15_54_15.txt,True,nuagesbas,['nuagesbas'],[]
images/pyronear_courmettes_4_2023_11_02T10_00_40.jpg,labels/pyronear_courmettes_4_2023_11_02T10_00_40.txt,True,arbre,['arbre'],['brume']
images/pyronear_salaunes_2_1_2023_08_27T18_15_01.jpg,labels/pyronear_salaunes_2_1_2023_08_27T18_15_01.txt,True,grosnuages,['grosnuages'],[]
images/pyronear_cabanelle_1_2023_10_07T13_47_28.jpg,labels/pyronear_cabanelle_1_2023_10_07T13_47_28.txt,True,nuagesbas,['nuagesbas'],[]
images/pyronear_salaunes_1_4_2023_10_02T17_21_17.jpg,labels/pyronear_salaunes_1_4_2023_10_02T17_21_17.txt,True,glare,['glareptjaune'],[]
images/pyronear_brison_2_2023_11_04T11_02_51.jpg,labels/pyronear_brison_2_2023_11_04T11_02_51.txt,True,brume,"['batiment', 'brume']",['brume']
images/pyronear_courmettes_4_2023_11_02T09_48_08.jpg,labels/pyronear_courmettes_4_2023_11_02T09_48_08.txt,True,arbre,['arbre'],['brume']
images/pyronear_courmettes_1_2023_11_03T06_20_20.jpg,labels/pyronear_courmettes_1_2023_11_03T06_20_20.txt,True,glare,['glaresoleilptrouge'],['soleilcouchant']
images/pyronear_brison_2_2023_09_14T15_01_06.jpg,labels/pyronear_brison_2_2023_09_14T15_01_06.txt,True,grosnuages,['grosnuages'],['batiment']
images/pyronear_marguerite_1_2023_09_15T14_29_41.jpg,labels/pyronear_marguerite_1_2023_09_15T14_29_41.txt,True,soleil,['soleilrayons'],[]
images/pyronear_marguerite_1_2023_09_14T16_10_36.jpg,labels/pyronear_marguerite_1_2023_09_14T16_10_36.txt,True,glare,['glare'],[]
images/pyronear_brison_3_2023_10_01T15_43_54.jpg,labels/pyronear_brison_3_2023_10_01T15_43_54.txt,True,montagne,['montagne'],[]
images/pyronear_marguerite_1_2023_09_14T05_29_13.jpg,labels/pyronear_marguerite_1_2023_09_14T05_29_13.txt,True,grosnuages,['grosnuages'],[]
images/pyronear_cabanelle_1_2023_10_19T10_51_57.jpg,labels/pyronear_cabanelle_1_2023_10_19T10_51_57.txt,True,arbre,['arbre'],['brume']
images/pyronear_courmettes_1_2023_11_07T13_09_44.jpg,labels/pyronear_courmettes_1_2023_11_07T13_09_44.txt,True,nuagesbas,['nuagesbas'],[]
images/pyronear_ferion_3_2023_10_19T15_48_51.jpg,labels/pyronear_ferion_3_2023_10_19T15_48_51.txt,True,brume,['brume'],[]
images/pyronear_marguerite_2_2023_09_24T17_32_43.jpg,labels/pyronear_marguerite_2_2023_09_24T17_32_43.txt,True,nuagesbas,['nuagesfiligranes'],[]
images/pyronear_ferion_2_2023_10_28T14_58_36.jpg,labels/pyronear_ferion_2_2023_10_28T14_58_36.txt,True,grosnuages,['grosnuages'],[]
images/pyronear_marguerite_4_2023_10_29T13_15_15.jpg,labels/pyronear_marguerite_4_2023_10_29T13_15_15.txt,True,batiment,['batiment'],"['brume', 'pluie']"
images/pyronear_valbonne_2_2023_11_07T14_36_49.jpg,labels/pyronear_valbonne_2_2023_11_07T14_36_49.txt,True,nuagesbas,['nuagesbas'],[]
images/pyronear_salaunes_1_4_2023_10_24T06_45_54.jpg,labels/pyronear_salaunes_1_4_2023_10_24T06_45_54.txt,True,grosnuages,['grosnuages'],[]
images/pyronear_brison_1_2023_06_13T06_03_20.jpg,labels/pyronear_brison_1_2023_06_13T06_03_20.txt,True,grosnuages,['grosnuages'],[]
images/pyronear_brison_2_2023_10_30T09_10_54.jpg,labels/pyronear_brison_2_2023_10_30T09_10_54.txt,True,brume,"['batiment', 'brume']",['brume']
images/pyronear_marguerite_2_2023_09_01T17_56_32.jpg,labels/pyronear_marguerite_2_2023_09_01T17_56_32.txt,True,nuagesbas,['nuagesbas'],['soleilcouchant']
images/pyronear_marguerite_3_2023_09_18T05_25_16.jpg,labels/pyronear_marguerite_3_2023_09_18T05_25_16.txt,True,arbre,['arbre'],['brume']
images/pyronear_cabanelle_1_2023_10_11T07_00_27.jpg,labels/pyronear_cabanelle_1_2023_10_11T07_00_27.txt,True,brume,['brume'],[]
images/pyronear_brison_4_2023_08_17T10_20_21.jpg,labels/pyronear_brison_4_2023_08_17T10_20_21.txt,True,grosnuages,['grosnuages'],"['insecte', 'tache']"
images/pyronear_valbonne_4_2023_10_29T10_04_21.jpg,labels/pyronear_valbonne_4_2023_10_29T10_04_21.txt,True,nuagesbas,['nuagesbas'],[]
images/pyronear_ferion_2_2023_10_28T07_00_38.jpg,labels/pyronear_ferion_2_2023_10_28T07_00_38.txt,True,glare,"['glare', 'tache']",[]
images/pyronear_valbonne_4_2023_10_02T05_41_56.jpg,labels/pyronear_valbonne_4_2023_10_02T05_41_56.txt,True,soleil,['soleil'],['batiment']
images/pyronear_brison_2_2023_10_30T08_31_55.jpg,labels/pyronear_brison_2_2023_10_30T08_31_55.txt,True,brume,"['batiment', 'brume']",['brume']
images/pyronear_ferion_1_2023_10_20T15_45_14.jpg,labels/pyronear_ferion_1_2023_10_20T15_45_14.txt,True,arbre,['arbre'],['brume']
images/pyronear_valbonne_2_2023_11_05T15_41_37.jpg,labels/pyronear_valbonne_2_2023_11_05T15_41_37.txt,True,nuagesbas,['nuagesbas'],[]
images/pyronear_brison_3_2023_08_27T07_21_36.jpg,labels/pyronear_brison_3_2023_08_27T07_21_36.txt,True,grosnuages,"['grosnuages', 'nuagesbas']",[]
images/pyronear_valbonne_4_2023_10_18T10_54_17.jpg,labels/pyronear_valbonne_4_2023_10_18T10_54_17.txt,True,nuagesbas,['nuagesbas'],[]
images/pyronear_marguerite_1_2023_08_22T15_56_54.jpg,labels/pyronear_marguerite_1_2023_08_22T15_56_54.txt,True,soleil,['soleilrayons'],[]
images/pyronear_salaunes_1_2_2023_09_30T12_46_37.jpg,labels/pyronear_salaunes_1_2_2023_09_30T12_46_37.txt,True,glare,['glare'],[]
images/pyronear_marguerite_3_2023_09_18T05_55_16.jpg,labels/pyronear_marguerite_3_2023_09_18T05_55_16.txt,True,arbre,['arbre'],['brume']
images/pyronear_salaunes_2_2_2023_10_24T06_59_17.jpg,labels/pyronear_salaunes_2_2_2023_10_24T06_59_17.txt,True,grosnuages,['grosnuagesrefletssoleil'],[]
images/pyronear_brison_4_2023_10_28T05_59_20.jpg,labels/pyronear_brison_4_2023_10_28T05_59_20.txt,True,nuagesbas,['nuagesbas'],[]
images/pyronear_valbonne_4_2023_11_03T15_37_31.jpg,labels/pyronear_valbonne_4_2023_11_03T15_37_31.txt,True,nuagesbas,['nuagesbas'],[]
images/pyronear_salaunes_2_1_2023_10_21T06_44_45.jpg,labels/pyronear_salaunes_2_1_2023_10_21T06_44_45.txt,True,grosnuages,['grosnuagesrefletssoleil'],[]
images/pyronear_marguerite_3_2023_09_18T08_22_26.jpg,labels/pyronear_marguerite_3_2023_09_18T08_22_26.txt,True,arbre,['arbre'],['brume']
images/pyronear_marguerite_4_2023_10_29T13_11_16.jpg,labels/pyronear_marguerite_4_2023_10_29T13_11_16.txt,True,batiment,['batiment'],"['brume', 'pluie']"
images/pyronear_brison_3_2023_10_07T17_24_45.jpg,labels/pyronear_brison_3_2023_10_07T17_24_45.txt,True,zonenoire,['zonenoire'],['soleilcouchant']
images/pyronear_courmettes_1_2023_11_07T07_35_33.jpg,labels/pyronear_courmettes_1_2023_11_07T07_35_33.txt,True,soleil,"['refletslac', 'soleil']",[]
images/pyronear_marguerite_1_2023_08_22T16_31_49.jpg,labels/pyronear_marguerite_1_2023_08_22T16_31_49.txt,True,soleil,['soleilrayons'],[]
images/pyronear_salaunes_2_1_2023_08_11T04_45_04.jpg,labels/pyronear_salaunes_2_1_2023_08_11T04_45_04.txt,True,arbre,['arbre'],['brume']
images/pyronear_brison_4_2023_06_23T18_56_35.jpg,labels/pyronear_brison_4_2023_06_23T18_56_35.txt,True,glare,['glare'],[]
images/pyronear_ferion_2_2023_10_22T06_44_59.jpg,labels/pyronear_ferion_2_2023_10_22T06_44_59.txt,True,glare,['glare'],[]
images/pyronear_brison_3_2023_09_07T06_42_03.jpg,labels/pyronear_brison_3_2023_09_07T06_42_03.txt,True,montagne,['montagne'],[]
images/pyronear_brison_4_2023_08_17T07_35_02.jpg,labels/pyronear_brison_4_2023_08_17T07_35_02.txt,True,grosnuages,['grosnuages'],"['insecte', 'tache']"
images/pyronear_courmettes_1_2023_11_03T06_26_50.jpg,labels/pyronear_courmettes_1_2023_11_03T06_26_50.txt,True,glare,['glaresoleilptrouge'],['soleilcouchant']
images/pyronear_brison_3_2023_09_18T10_05_18.jpg,labels/pyronear_brison_3_2023_09_18T10_05_18.txt,True,grosnuages,['grosnuages'],['brume']
images/pyronear_salaunes_2_1_2023_08_11T04_48_04.jpg,labels/pyronear_salaunes_2_1_2023_08_11T04_48_04.txt,True,arbre,['arbre'],['brume']
images/pyronear_salaunes_2_1_2023_08_27T08_30_05.jpg,labels/pyronear_salaunes_2_1_2023_08_27T08_30_05.txt,True,grosnuages,['grosnuages'],[]
images/pyronear_marguerite_1_2023_09_16T11_38_58.jpg,labels/pyronear_marguerite_1_2023_09_16T11_38_58.txt,True,nuagesbas,['nuagesbas'],[]
images/pyronear_brison_3_2023_08_29T06_08_15.jpg,labels/pyronear_brison_3_2023_08_29T06_08_15.txt,True,montagne,['montagne'],[]
images/pyronear_valbonne_3_2023_09_29T17_46_28.jpg,labels/pyronear_valbonne_3_2023_09_29T17_46_28.txt,True,batiment,['batimentloin'],['soleilcouchant']
images/pyronear_marguerite_1_2023_08_11T15_28_44.jpg,labels/pyronear_marguerite_1_2023_08_11T15_28_44.txt,True,soleil,['soleilrayons'],[]
images/pyronear_courmettes_1_2023_11_07T14_03_46.jpg,labels/pyronear_courmettes_1_2023_11_07T14_03_46.txt,True,nuagesbas,['nuagesbas'],[]
images/pyronear_cabanelle_1_2023_10_10T11_27_14.jpg,labels/pyronear_cabanelle_1_2023_10_10T11_27_14.txt,True,grosnuages,"['grosnuages', 'nuagesbas']",[]
images/pyronear_brison_2_2023_09_21T06_01_50.jpg,labels/pyronear_brison_2_2023_09_21T06_01_50.txt,True,brume,"['batiment', 'brume']",['brume']
images/pyronear_marguerite_4_2023_10_29T13_14_50.jpg,labels/pyronear_marguerite_4_2023_10_29T13_14_50.txt,True,batiment,['batiment'],"['brume', 'pluie']"
images/pyronear_salaunes_2_1_2023_07_04T05_45_40.jpg,labels/pyronear_salaunes_2_1_2023_07_04T05_45_40.txt,True,arbre,['arbre'],['brume']
images/pyronear_brison_4_2023_08_17T07_58_21.jpg,labels/pyronear_brison_4_2023_08_17T07_58_21.txt,True,grosnuages,['grosnuages'],"['insecte', 'tache']"
images/pyronear_cabanelle_1_2023_10_10T11_50_45.jpg,labels/pyronear_cabanelle_1_2023_10_10T11_50_45.txt,True,grosnuages,"['grosnuages', 'nuagesbas']",[]
images/pyronear_valbonne_4_2023_10_02T05_59_56.jpg,labels/pyronear_valbonne_4_2023_10_02T05_59_56.txt,True,soleil,['soleil'],['batiment']
images/pyronear_brison_2_2023_10_30T09_26_28.jpg,labels/pyronear_brison_2_2023_10_30T09_26_28.txt,True,brume,"['batiment', 'brume']",['brume']
images/pyronear_cabanelle_1_2023_10_10T09_09_10.jpg,labels/pyronear_cabanelle_1_2023_10_10T09_09_10.txt,True,grosnuages,"['grosnuages', 'nuagesbas']",[]
images/pyronear_marguerite_1_2023_08_22T15_58_17.jpg,labels/pyronear_marguerite_1_2023_08_22T15_58_17.txt,True,soleil,['soleilrayons'],[]
images/pyronear_courmettes_1_2023_09_27T05_56_33.jpg,labels/pyronear_courmettes_1_2023_09_27T05_56_33.txt,True,glare,['glare'],[]
images/pyronear_cabanelle_1_2023_10_11T11_40_29.jpg,labels/pyronear_cabanelle_1_2023_10_11T11_40_29.txt,True,brume,['brume'],[]
images/pyronear_cabanelle_1_2023_10_11T11_41_21.jpg,labels/pyronear_cabanelle_1_2023_10_11T11_41_21.txt,True,brume,['brume'],[]
images/pyronear_marguerite_1_2023_06_27T03_33_36.jpg,labels/pyronear_marguerite_1_2023_06_27T03_33_36.txt,True,nuagesbas,['nuagesbas'],['nuit']
images/pyronear_courmettes_2_2023_11_04T06_48_02.jpg,labels/pyronear_courmettes_2_2023_11_04T06_48_02.txt,True,glare,['glare'],[]
images/pyronear_marguerite_1_2023_09_18T16_08_35.jpg,labels/pyronear_marguerite_1_2023_09_18T16_08_35.txt,True,glare,['glare'],[]
images/pyronear_brison_3_2023_09_21T13_15_35.jpg,labels/pyronear_brison_3_2023_09_21T13_15_35.txt,True,grosnuages,['grosnuages'],['brume']
images/pyronear_cabanelle_1_2023_10_10T09_02_40.jpg,labels/pyronear_cabanelle_1_2023_10_10T09_02_40.txt,True,grosnuages,"['grosnuages', 'nuagesbas']",[]
images/pyronear_ferion_3_2023_10_19T15_47_51.jpg,labels/pyronear_ferion_3_2023_10_19T15_47_51.txt,True,brume,['brume'],[]
images/pyronear_brison_3_2023_09_07T06_40_02.jpg,labels/pyronear_brison_3_2023_09_07T06_40_02.txt,True,montagne,['montagne'],[]
images/pyronear_ferion_4_2023_11_06T16_04_38.jpg,labels/pyronear_ferion_4_2023_11_06T16_04_38.txt,True,nuagesbas,['nuagesbas'],['soleilcouchant']
images/pyronear_courmettes_1_2023_09_26T04_52_41.jpg,labels/pyronear_courmettes_1_2023_09_26T04_52_41.txt,True,soleil,"['refletslac', 'soleil']",['soleilcouchant']
images/pyronear_brison_4_2023_10_28T06_12_45.jpg,labels/pyronear_brison_4_2023_10_28T06_12_45.txt,True,nuagesbas,['nuagesbas'],[]
images/pyronear_brison_3_2023_10_01T13_56_44.jpg,labels/pyronear_brison_3_2023_10_01T13_56_44.txt,True,montagne,['montagne'],[]
images/pyronear_brison_1_2023_09_13T06_40_47.jpg,labels/pyronear_brison_1_2023_09_13T06_40_47.txt,True,nuagesbas,['nuagesbas'],[]
images/pyronear_ferion_3_2023_10_20T13_54_44.jpg,labels/pyronear_ferion_3_2023_10_20T13_54_44.txt,True,brume,['brume'],[]
images/pyronear_valbonne_4_2023_10_28T16_37_36.jpg,labels/pyronear_valbonne_4_2023_10_28T16_37_36.txt,True,nuagesbas,['nuagesbas'],[]
images/pyronear_brison_4_2023_08_17T09_59_01.jpg,labels/pyronear_brison_4_2023_08_17T09_59_01.txt,True,grosnuages,['grosnuages'],"['insecte', 'tache']"
images/pyronear_valbonne_4_2023_10_02T06_05_27.jpg,labels/pyronear_valbonne_4_2023_10_02T06_05_27.txt,True,soleil,['soleil'],['batiment']
images/pyronear_salaunes_2_1_2023_08_28T18_32_21.jpg,labels/pyronear_salaunes_2_1_2023_08_28T18_32_21.txt,True,grosnuages,['grosnuagesrefletssoleil'],[]
images/pyronear_marguerite_2_2023_09_10T18_13_50.jpg,labels/pyronear_marguerite_2_2023_09_10T18_13_50.txt,True,nuagesbas,['nuagesbas'],['soleilcouchant']
images/pyronear_st_peray_1_2023_07_24T05_10_48.jpg,labels/pyronear_st_peray_1_2023_07_24T05_10_48.txt,True,grosnuages,['grosnuages'],[]
images/pyronear_brison_2_2023_08_27T09_08_35.jpg,labels/pyronear_brison_2_2023_08_27T09_08_35.txt,True,grosnuages,['grosnuages'],['batiment']
images/pyronear_brison_2_2023_10_27T07_40_39.jpg,labels/pyronear_brison_2_2023_10_27T07_40_39.txt,True,grosnuages,['grosnuages'],['batiment']
images/pyronear_brison_2_2023_09_22T08_51_13.jpg,labels/pyronear_brison_2_2023_09_22T08_51_13.txt,True,nuagesbas,['nuagesbas'],['batiment']
images/pyronear_brison_2_2023_09_21T08_25_26.jpg,labels/pyronear_brison_2_2023_09_21T08_25_26.txt,True,brume,"['batiment', 'brume']",['brume']
images/pyronear_marguerite_2_2023_08_15T18_41_20.jpg,labels/pyronear_marguerite_2_2023_08_15T18_41_20.txt,True,nuagesbas,['nuagesbas'],['soleilcouchant']
images/pyronear_marguerite_1_2023_06_13T18_34_45.jpg,labels/pyronear_marguerite_1_2023_06_13T18_34_45.txt,True,grosnuages,['grosnuages'],[]
images/pyronear_cabanelle_1_2023_10_11T15_21_59.jpg,labels/pyronear_cabanelle_1_2023_10_11T15_21_59.txt,True,brume,['brume'],[]
images/pyronear_salaunes_2_4_2023_08_19T05_08_01.jpg,labels/pyronear_salaunes_2_4_2023_08_19T05_08_01.txt,True,tuyau,['tuyau'],[]
images/pyronear_brison_1_2023_06_16T04_03_42.jpg,labels/pyronear_brison_1_2023_06_16T04_03_42.txt,True,soleil,['soleil'],[]
images/pyronear_salaunes_2_1_2023_07_04T05_43_39.jpg,labels/pyronear_salaunes_2_1_2023_07_04T05_43_39.txt,True,arbre,['arbre'],['brume']
images/pyronear_cabanelle_2_2023_10_01T06_45_06.jpg,labels/pyronear_cabanelle_2_2023_10_01T06_45_06.txt,True,soleil,"['refletslac', 'soleil']",[]
images/pyronear_valbonne_2_2023_11_06T15_20_44.jpg,labels/pyronear_valbonne_2_2023_11_06T15_20_44.txt,True,nuagesbas,['nuagesbas'],[]
images/pyronear_brison_2_2023_10_30T07_27_54.jpg,labels/pyronear_brison_2_2023_10_30T07_27_54.txt,True,brume,"['batiment', 'brume']",['brume']
images/pyronear_courmettes_4_2023_10_20T16_14_54.jpg,labels/pyronear_courmettes_4_2023_10_20T16_14_54.txt,True,grosnuages,['grosnuages'],"['antenne', 'soleilcontrejour']"
images/pyronear_cabanelle_1_2023_10_10T09_08_10.jpg,labels/pyronear_cabanelle_1_2023_10_10T09_08_10.txt,True,grosnuages,"['grosnuages', 'nuagesbas']",[]
images/pyronear_valbonne_2_2023_11_05T15_23_36.jpg,labels/pyronear_valbonne_2_2023_11_05T15_23_36.txt,True,nuagesbas,['nuagesbas'],[]
images/pyronear_brison_4_2023_10_24T16_06_07.jpg,labels/pyronear_brison_4_2023_10_24T16_06_07.txt,True,grosnuages,['grosnuages'],[]
images/pyronear_salaunes_2_1_2023_08_27T08_58_37.jpg,labels/pyronear_salaunes_2_1_2023_08_27T08_58_37.txt,True,grosnuages,['grosnuages'],[]
images/pyronear_brison_3_2023_09_07T06_58_01.jpg,labels/pyronear_brison_3_2023_09_07T06_58_01.txt,True,montagne,['montagne'],[]
images/pyronear_marguerite_1_2023_08_22T13_30_15.jpg,labels/pyronear_marguerite_1_2023_08_22T13_30_15.txt,True,soleil,['soleilrayons'],[]
images/pyronear_ferion_3_2023_10_18T07_19_47.jpg,labels/pyronear_ferion_3_2023_10_18T07_19_47.txt,True,brume,['brume'],[]
images/pyronear_courmettes_4_2023_11_02T08_59_39.jpg,labels/pyronear_courmettes_4_2023_11_02T08_59_39.txt,True,arbre,['arbre'],['brume']
images/pyronear_brison_4_2023_10_24T16_06_37.jpg,labels/pyronear_brison_4_2023_10_24T16_06_37.txt,True,grosnuages,['grosnuages'],[]
images/pyronear_brison_1_2023_06_13T05_51_50.jpg,labels/pyronear_brison_1_2023_06_13T05_51_50.txt,True,grosnuages,['grosnuages'],[]
images/pyronear_valbonne_3_2023_10_15T05_46_56.jpg,labels/pyronear_valbonne_3_2023_10_15T05_46_56.txt,True,batiment,"['batimentloin', 'nuagesbas']",[]
images/pyronear_cabanelle_1_2023_10_10T15_19_21.jpg,labels/pyronear_cabanelle_1_2023_10_10T15_19_21.txt,True,grosnuages,"['grosnuages', 'nuagesbas']",[]
images/pyronear_valbonne_2_2023_11_06T15_09_44.jpg,labels/pyronear_valbonne_2_2023_11_06T15_09_44.txt,True,nuagesbas,['nuagesbas'],[]
images/pyronear_marguerite_3_2023_09_18T07_00_23.jpg,labels/pyronear_marguerite_3_2023_09_18T07_00_23.txt,True,arbre,['arbre'],['brume']
images/pyronear_valbonne_3_2023_09_29T17_43_27.jpg,labels/pyronear_valbonne_3_2023_09_29T17_43_27.txt,True,batiment,['batimentloin'],['soleilcouchant']
images/pyronear_cabanelle_2_2023_10_04T06_24_30.jpg,labels/pyronear_cabanelle_2_2023_10_04T06_24_30.txt,True,soleil,"['refletslac', 'soleil']",[]
images/pyronear_courmettes_1_2023_09_28T05_59_33.jpg,labels/pyronear_courmettes_1_2023_09_28T05_59_33.txt,True,glare,['glaretache'],[]
images/pyronear_brison_2_2023_09_22T08_43_13.jpg,labels/pyronear_brison_2_2023_09_22T08_43_13.txt,True,nuagesbas,['nuagesbas'],['batiment']
images/pyronear_salaunes_2_2_2023_09_03T05_12_31.jpg,labels/pyronear_salaunes_2_2_2023_09_03T05_12_31.txt,True,panneausolaire,['panneausolaire'],[]
images/pyronear_courmettes_4_2023_11_02T08_36_35.jpg,labels/pyronear_courmettes_4_2023_11_02T08_36_35.txt,True,arbre,['arbre'],['brume']
images/pyronear_ferion_2_2023_10_28T15_14_05.jpg,labels/pyronear_ferion_2_2023_10_28T15_14_05.txt,True,grosnuages,['grosnuages'],[]
images/pyronear_cabanelle_1_2023_10_11T15_19_29.jpg,labels/pyronear_cabanelle_1_2023_10_11T15_19_29.txt,True,brume,['brume'],[]
images/pyronear_ferion_3_2023_10_19T15_31_51.jpg,labels/pyronear_ferion_3_2023_10_19T15_31_51.txt,True,brume,['brume'],[]
images/pyronear_brison_2_2023_09_21T05_56_51.jpg,labels/pyronear_brison_2_2023_09_21T05_56_51.txt,True,brume,"['batiment', 'brume']",['brume']
images/pyronear_valbonne_4_2023_11_02T09_36_36.jpg,labels/pyronear_valbonne_4_2023_11_02T09_36_36.txt,True,nuagesbas,['nuagesbas'],[]
images/pyronear_brison_2_2023_10_19T08_26_06.jpg,labels/pyronear_brison_2_2023_10_19T08_26_06.txt,True,brume,"['batiment', 'brume']",['brume']
images/pyronear_valbonne_2_2023_11_05T14_40_35.jpg,labels/pyronear_valbonne_2_2023_11_05T14_40_35.txt,True,nuagesbas,['nuagesbas'],[]
images/pyronear_brison_1_2023_06_23T04_06_51.jpg,labels/pyronear_brison_1_2023_06_23T04_06_51.txt,True,soleil,['soleil'],[]
images/pyronear_marguerite_3_2023_09_18T06_49_18.jpg,labels/pyronear_marguerite_3_2023_09_18T06_49_18.txt,True,arbre,['arbre'],['brume']
images/pyronear_brison_4_2023_06_16T18_57_24.jpg,labels/pyronear_brison_4_2023_06_16T18_57_24.txt,True,glare,['glareptjaune'],[]
images/pyronear_brison_2_2023_10_19T08_02_05.jpg,labels/pyronear_brison_2_2023_10_19T08_02_05.txt,True,brume,"['batiment', 'brume']",['brume']
images/pyronear_courmettes_1_2023_09_29T06_11_14.jpg,labels/pyronear_courmettes_1_2023_09_29T06_11_14.txt,True,glare,"['glaretacherouge', 'soleilrefletslac']",[]
images/pyronear_marguerite_4_2023_10_29T12_07_33.jpg,labels/pyronear_marguerite_4_2023_10_29T12_07_33.txt,True,batiment,['batiment'],"['brume', 'pluie']"
images/pyronear_brison_2_2023_10_30T07_19_07.jpg,labels/pyronear_brison_2_2023_10_30T07_19_07.txt,True,brume,"['batiment', 'brume']",['brume']
images/pyronear_brison_3_2023_08_29T06_09_44.jpg,labels/pyronear_brison_3_2023_08_29T06_09_44.txt,True,montagne,['montagne'],[]
images/pyronear_brison_2_2023_10_19T08_02_07.jpg,labels/pyronear_brison_2_2023_10_19T08_02_07.txt,True,brume,"['batiment', 'brume']",['brume']
images/pyronear_valbonne_2_2023_11_05T15_31_07.jpg,labels/pyronear_valbonne_2_2023_11_05T15_31_07.txt,True,nuagesbas,['nuagesbas'],[]
images/pyronear_courmettes_4_2023_10_20T16_01_24.jpg,labels/pyronear_courmettes_4_2023_10_20T16_01_24.txt,True,grosnuages,['grosnuages'],"['antenne', 'soleilcontrejour']"
images/pyronear_cabanelle_1_2023_10_13T08_04_31.jpg,labels/pyronear_cabanelle_1_2023_10_13T08_04_31.txt,True,grosnuages,['grosnuages'],[]
images/pyronear_brison_2_2023_09_18T05_34_42.jpg,labels/pyronear_brison_2_2023_09_18T05_34_42.txt,True,brume,"['batiment', 'brume']",['brume']
images/pyronear_valbonne_2_2023_11_05T16_17_38.jpg,labels/pyronear_valbonne_2_2023_11_05T16_17_38.txt,True,nuagesbas,['nuagesbas'],[]
images/pyronear_salaunes_1_1_2023_08_09T18_07_29.jpg,labels/pyronear_salaunes_1_1_2023_08_09T18_07_29.txt,True,nuagesbas,['nuagesbas'],[]
images/pyronear_valbonne_2_2023_11_07T14_45_49.jpg,labels/pyronear_valbonne_2_2023_11_07T14_45_49.txt,True,nuagesbas,['nuagesbas'],[]
images/pyronear_brison_1_2023_06_26T04_04_33.jpg,labels/pyronear_brison_1_2023_06_26T04_04_33.txt,True,soleil,['soleil'],[]
images/pyronear_ferion_2_2023_11_06T06_43_15.jpg,labels/pyronear_ferion_2_2023_11_06T06_43_15.txt,True,glare,"['glare', 'tache']",[]
images/pyronear_valbonne_4_2023_11_02T08_44_32.jpg,labels/pyronear_valbonne_4_2023_11_02T08_44_32.txt,True,nuagesbas,['nuagesbas'],[]
images/pyronear_brison_2_2023_11_01T11_20_32.jpg,labels/pyronear_brison_2_2023_11_01T11_20_32.txt,True,brume,"['batiment', 'brume']",['brume']
images/pyronear_brison_1_2023_06_15T04_02_49.jpg,labels/pyronear_brison_1_2023_06_15T04_02_49.txt,True,soleil,['soleil'],[]
images/pyronear_marguerite_1_2023_09_18T16_11_06.jpg,labels/pyronear_marguerite_1_2023_09_18T16_11_06.txt,True,glare,['glare'],[]
images/pyronear_marguerite_3_2023_09_18T07_05_24.jpg,labels/pyronear_marguerite_3_2023_09_18T07_05_24.txt,True,arbre,['arbre'],['brume']
images/pyronear_brison_2_2023_10_30T08_18_55.jpg,labels/pyronear_brison_2_2023_10_30T08_18_55.txt,True,brume,"['batiment', 'brume']",['brume']
images/pyronear_salaunes_1_2_2023_09_30T12_46_07.jpg,labels/pyronear_salaunes_1_2_2023_09_30T12_46_07.txt,True,glare,['glare'],[]
images/pyronear_marguerite_4_2023_10_29T13_13_45.jpg,labels/pyronear_marguerite_4_2023_10_29T13_13_45.txt,True,batiment,['batiment'],"['brume', 'pluie']"
images/pyronear_brison_4_2023_08_17T07_32_58.jpg,labels/pyronear_brison_4_2023_08_17T07_32_58.txt,True,grosnuages,['grosnuages'],"['insecte', 'tache']"
images/pyronear_courmettes_1_2023_09_29T06_21_45.jpg,labels/pyronear_courmettes_1_2023_09_29T06_21_45.txt,True,glare,"['glaretacherouge', 'soleilrefletslac']",[]
images/pyronear_salaunes_1_4_2023_09_29T17_06_25.jpg,labels/pyronear_salaunes_1_4_2023_09_29T17_06_25.txt,True,glare,['glareptjaune'],[]
images/pyronear_brison_3_2023_09_07T06_57_31.jpg,labels/pyronear_brison_3_2023_09_07T06_57_31.txt,True,montagne,['montagne'],[]
images/pyronear_brison_4_2023_06_28T19_09_35.jpg,labels/pyronear_brison_4_2023_06_28T19_09_35.txt,True,soleil,['soleil'],[]
images/pyronear_cabanelle_1_2023_10_10T15_12_51.jpg,labels/pyronear_cabanelle_1_2023_10_10T15_12_51.txt,True,grosnuages,"['grosnuages', 'nuagesbas']",[]
images/pyronear_brison_4_2023_08_17T10_26_21.jpg,labels/pyronear_brison_4_2023_08_17T10_26_21.txt,True,grosnuages,['grosnuages'],"['insecte', 'tache']"
images/pyronear_ferion_2_2023_10_28T14_58_35.jpg,labels/pyronear_ferion_2_2023_10_28T14_58_35.txt,True,grosnuages,['grosnuages'],[]
images/pyronear_marguerite_1_2023_09_16T17_02_06.jpg,labels/pyronear_marguerite_1_2023_09_16T17_02_06.txt,True,nuagesbas,['nuagesbas'],[]
images/pyronear_valbonne_4_2023_10_02T05_56_57.jpg,labels/pyronear_valbonne_4_2023_10_02T05_56_57.txt,True,soleil,['soleil'],['batiment']
images/pyronear_valbonne_4_2023_10_02T06_00_26.jpg,labels/pyronear_valbonne_4_2023_10_02T06_00_26.txt,True,soleil,['soleil'],['batiment']
images/pyronear_marguerite_4_2023_10_20T07_35_26.jpg,labels/pyronear_marguerite_4_2023_10_20T07_35_26.txt,True,batiment,['batiment'],"['brume', 'pluie']"
images/pyronear_valbonne_2_2023_11_06T15_01_53.jpg,labels/pyronear_valbonne_2_2023_11_06T15_01_53.txt,True,nuagesbas,['nuagesbas'],[]
images/pyronear_brison_1_2023_06_22T12_14_21.jpg,labels/pyronear_brison_1_2023_06_22T12_14_21.txt,True,grosnuages,['grosnuages'],[]
images/pyronear_cabanelle_1_2023_10_10T15_11_21.jpg,labels/pyronear_cabanelle_1_2023_10_10T15_11_21.txt,True,grosnuages,"['grosnuages', 'nuagesbas']",[]
images/pyronear_courmettes_1_2023_11_07T12_44_14.jpg,labels/pyronear_courmettes_1_2023_11_07T12_44_14.txt,True,nuagesbas,['nuagesbas'],[]
images/pyronear_marguerite_1_2023_06_27T03_37_35.jpg,labels/pyronear_marguerite_1_2023_06_27T03_37_35.txt,True,nuagesbas,['nuagesbas'],['nuit']
images/pyronear_brison_2_2023_11_04T11_06_20.jpg,labels/pyronear_brison_2_2023_11_04T11_06_20.txt,True,brume,"['batiment', 'brume']",['brume']
images/pyronear_cabanelle_1_2023_10_13T09_07_33.jpg,labels/pyronear_cabanelle_1_2023_10_13T09_07_33.txt,True,grosnuages,['grosnuages'],[]
images/pyronear_ferion_4_2023_11_06T15_20_07.jpg,labels/pyronear_ferion_4_2023_11_06T15_20_07.txt,True,nuagesbas,['nuagesbas'],['soleilcouchant']
images/pyronear_brison_2_2023_11_04T11_01_00.jpg,labels/pyronear_brison_2_2023_11_04T11_01_00.txt,True,brume,"['batiment', 'brume']",['brume']
images/pyronear_salaunes_1_4_2023_09_29T17_14_56.jpg,labels/pyronear_salaunes_1_4_2023_09_29T17_14_56.txt,True,glare,['glareptjaune'],[]
images/pyronear_brison_4_2023_10_29T09_48_04.jpg,labels/pyronear_brison_4_2023_10_29T09_48_04.txt,True,grosnuages,['grosnuages'],['brume']
images/pyronear_courmettes_1_2023_09_29T06_11_44.jpg,labels/pyronear_courmettes_1_2023_09_29T06_11_44.txt,True,glare,"['glaretacherouge', 'soleilrefletslac']",[]
images/pyronear_courmettes_1_2023_11_07T12_56_44.jpg,labels/pyronear_courmettes_1_2023_11_07T12_56_44.txt,True,nuagesbas,['nuagesbas'],[]
images/pyronear_brison_2_2023_10_19T08_59_08.jpg,labels/pyronear_brison_2_2023_10_19T08_59_08.txt,True,brume,"['batiment', 'brume']",['brume']
images/pyronear_courmettes_4_2023_10_03T17_29_54.jpg,labels/pyronear_courmettes_4_2023_10_03T17_29_54.txt,True,nuagesbas,['nuagesbas'],"['antenne', 'soleilcouchant']"
images/pyronear_marguerite_1_2023_09_06T18_13_06.jpg,labels/pyronear_marguerite_1_2023_09_06T18_13_06.txt,True,soleil,['soleil'],[]
images/pyronear_brison_3_2023_08_29T07_41_50.jpg,labels/pyronear_brison_3_2023_08_29T07_41_50.txt,True,montagne,['montagne'],[]
images/pyronear_valbonne_3_2023_10_20T10_53_40.jpg,labels/pyronear_valbonne_3_2023_10_20T10_53_40.txt,True,nuagesbas,['nuagesbas'],[]
images/pyronear_brison_2_2023_10_30T09_18_27.jpg,labels/pyronear_brison_2_2023_10_30T09_18_27.txt,True,brume,"['batiment', 'brume']",['brume']
images/pyronear_courmettes_2_2023_10_05T07_54_48.jpg,labels/pyronear_courmettes_2_2023_10_05T07_54_48.txt,True,soleil,['soleil'],[]
images/pyronear_salaunes_1_4_2023_09_29T17_25_25.jpg,labels/pyronear_salaunes_1_4_2023_09_29T17_25_25.txt,True,glare,['glareptjaune'],[]
images/pyronear_courmettes_1_2023_09_29T06_18_14.jpg,labels/pyronear_courmettes_1_2023_09_29T06_18_14.txt,True,glare,"['glaretacherouge', 'soleilrefletslac']",[]
images/pyronear_marguerite_3_2023_09_18T07_29_54.jpg,labels/pyronear_marguerite_3_2023_09_18T07_29_54.txt,True,arbre,['arbre'],['brume']
images/pyronear_brison_2_2023_10_09T05_54_06.jpg,labels/pyronear_brison_2_2023_10_09T05_54_06.txt,True,soleil,['soleil'],['batiment']
images/pyronear_valbonne_4_2023_10_28T13_09_28.jpg,labels/pyronear_valbonne_4_2023_10_28T13_09_28.txt,True,grosnuages,['grosnuages'],[]
images/pyronear_ferion_2_2023_10_17T14_33_06.jpg,labels/pyronear_ferion_2_2023_10_17T14_33_06.txt,True,nuagesbas,['nuagesbas'],['brume']
images/pyronear_brison_3_2023_10_01T15_39_17.jpg,labels/pyronear_brison_3_2023_10_01T15_39_17.txt,True,montagne,['montagne'],[]
images/pyronear_cabanelle_1_2023_10_11T11_46_22.jpg,labels/pyronear_cabanelle_1_2023_10_11T11_46_22.txt,True,brume,['brume'],[]
images/pyronear_salaunes_2_1_2023_08_27T09_37_37.jpg,labels/pyronear_salaunes_2_1_2023_08_27T09_37_37.txt,True,grosnuages,['grosnuages'],[]
images/pyronear_brison_2_2023_11_04T11_03_50.jpg,labels/pyronear_brison_2_2023_11_04T11_03_50.txt,True,brume,"['batiment', 'brume']",['brume']
images/pyronear_brison_4_2023_08_17T08_01_47.jpg,labels/pyronear_brison_4_2023_08_17T08_01_47.txt,True,grosnuages,['grosnuages'],"['insecte', 'tache']"
images/pyronear_courmettes_4_2023_11_02T09_07_05.jpg,labels/pyronear_courmettes_4_2023_11_02T09_07_05.txt,True,arbre,['arbre'],['brume']
images/pyronear_salaunes_1_1_2023_08_09T18_10_28.jpg,labels/pyronear_salaunes_1_1_2023_08_09T18_10_28.txt,True,nuagesbas,['nuagesbas'],[]
images/pyronear_ferion_3_2023_10_18T07_23_47.jpg,labels/pyronear_ferion_3_2023_10_18T07_23_47.txt,True,brume,['brume'],[]
images/pyronear_brison_3_2023_09_07T06_45_02.jpg,labels/pyronear_brison_3_2023_09_07T06_45_02.txt,True,montagne,['montagne'],[]
images/pyronear_brison_1_2023_09_13T13_27_57.jpg,labels/pyronear_brison_1_2023_09_13T13_27_57.txt,True,nuagesbas,['nuagesbas'],[]
images/pyronear_ferion_3_2023_10_20T13_24_20.jpg,labels/pyronear_ferion_3_2023_10_20T13_24_20.txt,True,brume,['brume'],[]
images/pyronear_ferion_3_2023_10_20T13_29_16.jpg,labels/pyronear_ferion_3_2023_10_20T13_29_16.txt,True,brume,['brume'],[]
images/pyronear_ferion_2_2023_10_17T14_40_37.jpg,labels/pyronear_ferion_2_2023_10_17T14_40_37.txt,True,nuagesbas,['nuagesbas'],['brume']
images/pyronear_brison_2_2023_10_30T06_49_52.jpg,labels/pyronear_brison_2_2023_10_30T06_49_52.txt,True,brume,"['batiment', 'brume']",['brume']
images/pyronear_brison_2_2023_10_30T08_27_25.jpg,labels/pyronear_brison_2_2023_10_30T08_27_25.txt,True,brume,"['batiment', 'brume']",['brume']
images/pyronear_brison_3_2023_09_22T05_11_47.jpg,labels/pyronear_brison_3_2023_09_22T05_11_47.txt,True,nuagesbas,['nuagesbas'],[]
images/pyronear_valbonne_4_2023_11_03T15_36_02.jpg,labels/pyronear_valbonne_4_2023_11_03T15_36_02.txt,True,nuagesbas,['nuagesbas'],[]
images/pyronear_cabanelle_1_2023_10_09T14_02_47.jpg,labels/pyronear_cabanelle_1_2023_10_09T14_02_47.txt,True,nuagesbas,['nuagesbas'],[]
images/pyronear_brison_2_2023_10_29T06_07_28.jpg,labels/pyronear_brison_2_2023_10_29T06_07_28.txt,True,brume,"['batiment', 'brume']",['brume']
images/pyronear_cabanelle_2_2023_10_02T05_55_37.jpg,labels/pyronear_cabanelle_2_2023_10_02T05_55_37.txt,True,soleil,"['glare', 'refletslac', 'soleil', 'tacherouge']",[]
images/pyronear_marguerite_1_2023_08_22T13_31_12.jpg,labels/pyronear_marguerite_1_2023_08_22T13_31_12.txt,True,soleil,['soleilrayons'],[]
images/pyronear_ferion_3_2023_10_20T13_54_43.jpg,labels/pyronear_ferion_3_2023_10_20T13_54_43.txt,True,brume,['brume'],[]
images/pyronear_courmettes_2_2023_10_24T14_49_51.jpg,labels/pyronear_courmettes_2_2023_10_24T14_49_51.txt,True,grosnuages,['grosnuages'],[]
images/pyronear_brison_2_2023_10_30T13_47_19.jpg,labels/pyronear_brison_2_2023_10_30T13_47_19.txt,True,brume,"['batiment', 'brume']",['brume']
images/pyronear_brison_2_2023_10_19T09_03_46.jpg,labels/pyronear_brison_2_2023_10_19T09_03_46.txt,True,brume,"['batiment', 'brume']",['brume']
images/pyronear_cabanelle_1_2023_10_10T11_53_45.jpg,labels/pyronear_cabanelle_1_2023_10_10T11_53_45.txt,True,grosnuages,"['grosnuages', 'nuagesbas']",[]
images/pyronear_brison_2_2023_10_29T06_25_00.jpg,labels/pyronear_brison_2_2023_10_29T06_25_00.txt,True,brume,"['batiment', 'brume']",['brume']
images/pyronear_marguerite_1_2023_09_10T16_14_13.jpg,labels/pyronear_marguerite_1_2023_09_10T16_14_13.txt,True,glare,['glare'],[]
images/pyronear_valbonne_2_2023_11_05T15_29_37.jpg,labels/pyronear_valbonne_2_2023_11_05T15_29_37.txt,True,nuagesbas,['nuagesbas'],[]
images/pyronear_marguerite_2_2023_09_10T18_21_50.jpg,labels/pyronear_marguerite_2_2023_09_10T18_21_50.txt,True,nuagesbas,['nuagesbas'],['soleilcouchant']
images/pyronear_brison_2_2023_08_27T09_11_34.jpg,labels/pyronear_brison_2_2023_08_27T09_11_34.txt,True,grosnuages,['grosnuages'],['batiment']
images/pyronear_valbonne_3_2023_10_21T16_12_15.jpg,labels/pyronear_valbonne_3_2023_10_21T16_12_15.txt,True,glare,['glare'],[]
images/pyronear_cabanelle_1_2023_10_11T15_24_59.jpg,labels/pyronear_cabanelle_1_2023_10_11T15_24_59.txt,True,brume,['brume'],[]
images/pyronear_valbonne_2_2023_11_06T15_41_45.jpg,labels/pyronear_valbonne_2_2023_11_06T15_41_45.txt,True,nuagesbas,['nuagesbas'],[]
images/pyronear_brison_1_2023_06_12T13_26_29.jpg,labels/pyronear_brison_1_2023_06_12T13_26_29.txt,True,nuagesbas,['nuagesbas'],[]
images/pyronear_cabanelle_1_2023_10_07T14_55_58.jpg,labels/pyronear_cabanelle_1_2023_10_07T14_55_58.txt,True,nuagesbas,['nuagesbas'],[]
images/pyronear_cabanelle_1_2023_10_19T10_51_58.jpg,labels/pyronear_cabanelle_1_2023_10_19T10_51_58.txt,True,arbre,['arbre'],['brume']
images/pyronear_brison_4_2023_06_19T19_07_56.jpg,labels/pyronear_brison_4_2023_06_19T19_07_56.txt,True,glare,['glareptjaune'],[]
images/pyronear_cabanelle_1_2023_10_11T14_54_28.jpg,labels/pyronear_cabanelle_1_2023_10_11T14_54_28.txt,True,brume,['brume'],[]
images/pyronear_ferion_2_2023_10_28T15_06_34.jpg,labels/pyronear_ferion_2_2023_10_28T15_06_34.txt,True,grosnuages,['grosnuages'],[]
images/pyronear_brison_1_2023_06_22T12_12_50.jpg,labels/pyronear_brison_1_2023_06_22T12_12_50.txt,True,grosnuages,['grosnuages'],[]
images/pyronear_marguerite_1_2023_09_10T16_04_50.jpg,labels/pyronear_marguerite_1_2023_09_10T16_04_50.txt,True,glare,['glare'],[]
images/pyronear_brison_2_2023_10_30T09_20_57.jpg,labels/pyronear_brison_2_2023_10_30T09_20_57.txt,True,brume,"['batiment', 'brume']",['brume']
images/pyronear_marguerite_1_2023_09_10T16_04_45.jpg,labels/pyronear_marguerite_1_2023_09_10T16_04_45.txt,True,glare,['glare'],[]
images/pyronear_marguerite_1_2023_07_30T16_15_31.jpg,labels/pyronear_marguerite_1_2023_07_30T16_15_31.txt,True,soleil,['soleilrayons'],[]
images/pyronear_ferion_2_2023_10_28T15_06_04.jpg,labels/pyronear_ferion_2_2023_10_28T15_06_04.txt,True,grosnuages,['grosnuages'],[]
images/pyronear_valbonne_3_2023_10_13T17_16_23.jpg,labels/pyronear_valbonne_3_2023_10_13T17_16_23.txt,True,batiment,['batimentloin'],['soleilcouchant']
images/pyronear_courmettes_4_2023_11_02T09_28_07.jpg,labels/pyronear_courmettes_4_2023_11_02T09_28_07.txt,True,arbre,['arbre'],['brume']
images/pyronear_cabanelle_2_2023_09_28T05_31_10.jpg,labels/pyronear_cabanelle_2_2023_09_28T05_31_10.txt,True,glare,['glare'],[]
images/pyronear_salaunes_2_1_2023_11_05T10_49_22.jpg,labels/pyronear_salaunes_2_1_2023_11_05T10_49_22.txt,True,grosnuages,['grosnuagesrefletssoleil'],[]
images/pyronear_cabanelle_1_2023_10_13T08_36_02.jpg,labels/pyronear_cabanelle_1_2023_10_13T08_36_02.txt,True,grosnuages,['grosnuages'],[]
images/pyronear_ferion_2_2023_10_28T16_26_37.jpg,labels/pyronear_ferion_2_2023_10_28T16_26_37.txt,True,grosnuages,['grosnuages'],[]
images/pyronear_ferion_3_2023_10_19T15_49_21.jpg,labels/pyronear_ferion_3_2023_10_19T15_49_21.txt,True,brume,['brume'],[]
images/pyronear_ferion_4_2023_11_06T15_19_08.jpg,labels/pyronear_ferion_4_2023_11_06T15_19_08.txt,True,nuagesbas,['nuagesbas'],['soleilcouchant']
images/pyronear_cabanelle_1_2023_10_11T14_30_05.jpg,labels/pyronear_cabanelle_1_2023_10_11T14_30_05.txt,True,brume,['brume'],[]
images/pyronear_courmettes_1_2023_11_07T13_01_44.jpg,labels/pyronear_courmettes_1_2023_11_07T13_01_44.txt,True,nuagesbas,['nuagesbas'],[]
images/pyronear_brison_4_2023_08_17T08_28_09.jpg,labels/pyronear_brison_4_2023_08_17T08_28_09.txt,True,grosnuages,['grosnuages'],"['insecte', 'tache']"
images/pyronear_brison_2_2023_10_29T06_28_59.jpg,labels/pyronear_brison_2_2023_10_29T06_28_59.txt,True,brume,"['batiment', 'brume']",['brume']
images/pyronear_courmettes_4_2023_10_20T16_24_24.jpg,labels/pyronear_courmettes_4_2023_10_20T16_24_24.txt,True,grosnuages,['grosnuages'],"['antenne', 'soleilcontrejour']"
images/pyronear_cabanelle_1_2023_10_11T15_18_29.jpg,labels/pyronear_cabanelle_1_2023_10_11T15_18_29.txt,True,brume,['brume'],[]
images/pyronear_valbonne_2_2023_11_06T15_37_15.jpg,labels/pyronear_valbonne_2_2023_11_06T15_37_15.txt,True,nuagesbas,['nuagesbas'],[]
images/pyronear_courmettes_2_2023_11_04T06_53_32.jpg,labels/pyronear_courmettes_2_2023_11_04T06_53_32.txt,True,glare,['glare'],[]
images/pyronear_courmettes_4_2023_10_19T13_01_20.jpg,labels/pyronear_courmettes_4_2023_10_19T13_01_20.txt,True,arbre,['arbre'],['brume']
images/pyronear_brison_4_2023_08_17T08_34_47.jpg,labels/pyronear_brison_4_2023_08_17T08_34_47.txt,True,grosnuages,['grosnuages'],"['insecte', 'tache']"
images/pyronear_brison_2_2023_10_30T07_33_34.jpg,labels/pyronear_brison_2_2023_10_30T07_33_34.txt,True,brume,"['batiment', 'brume']",['brume']
images/pyronear_cabanelle_1_2023_10_11T13_55_26.jpg,labels/pyronear_cabanelle_1_2023_10_11T13_55_26.txt,True,brume,['brume'],[]
images/pyronear_courmettes_1_2023_11_03T05_50_19.jpg,labels/pyronear_courmettes_1_2023_11_03T05_50_19.txt,True,zonenoire,['zonenoire'],['soleilcouchant']
images/pyronear_valbonne_4_2023_10_31T06_08_50.jpg,labels/pyronear_valbonne_4_2023_10_31T06_08_50.txt,True,nuagesbas,['nuagesbas'],[]
images/pyronear_brison_1_2023_06_12T13_25_59.jpg,labels/pyronear_brison_1_2023_06_12T13_25_59.txt,True,nuagesbas,['nuagesbas'],[]
images/pyronear_brison_4_2023_06_19T19_07_30.jpg,labels/pyronear_brison_4_2023_06_19T19_07_30.txt,True,glare,['glareptjaune'],[]
images/pyronear_marguerite_2_2023_09_10T18_30_50.jpg,labels/pyronear_marguerite_2_2023_09_10T18_30_50.txt,True,nuagesbas,['nuagesbas'],['soleilcouchant']
images/pyronear_salaunes_2_4_2023_08_19T05_36_03.jpg,labels/pyronear_salaunes_2_4_2023_08_19T05_36_03.txt,True,tuyau,['tuyau'],[]
images/pyronear_brison_3_2023_09_25T18_06_39.jpg,labels/pyronear_brison_3_2023_09_25T18_06_39.txt,True,glare,['glareptrouge'],['soleilcouchant']
images/pyronear_ferion_3_2023_10_20T13_21_46.jpg,labels/pyronear_ferion_3_2023_10_20T13_21_46.txt,True,brume,['brume'],[]
images/pyronear_marguerite_1_2023_09_16T12_40_28.jpg,labels/pyronear_marguerite_1_2023_09_16T12_40_28.txt,True,nuagesbas,['nuagesbas'],[]
images/pyronear_cabanelle_1_2023_10_13T09_30_06.jpg,labels/pyronear_cabanelle_1_2023_10_13T09_30_06.txt,True,grosnuages,['grosnuages'],[]
images/pyronear_valbonne_3_2023_09_30T17_39_34.jpg,labels/pyronear_valbonne_3_2023_09_30T17_39_34.txt,True,batiment,['batimentloin'],['soleilcouchant']
images/pyronear_marguerite_3_2023_09_18T08_58_28.jpg,labels/pyronear_marguerite_3_2023_09_18T08_58_28.txt,True,arbre,['arbre'],['brume']
images/pyronear_courmettes_1_2023_11_07T13_35_45.jpg,labels/pyronear_courmettes_1_2023_11_07T13_35_45.txt,True,nuagesbas,['nuagesbas'],[]
images/pyronear_courmettes_4_2023_11_02T11_23_11.jpg,labels/pyronear_courmettes_4_2023_11_02T11_23_11.txt,True,arbre,['arbre'],['brume']
images/pyronear_valbonne_3_2023_10_21T16_18_45.jpg,labels/pyronear_valbonne_3_2023_10_21T16_18_45.txt,True,glare,['glare'],[]
images/pyronear_marguerite_2_2023_09_10T18_14_19.jpg,labels/pyronear_marguerite_2_2023_09_10T18_14_19.txt,True,nuagesbas,['nuagesbas'],['soleilcouchant']
images/pyronear_brison_2_2023_09_21T09_34_26.jpg,labels/pyronear_brison_2_2023_09_21T09_34_26.txt,True,brume,"['batiment', 'brume']",['brume']
images/pyronear_brison_4_2023_08_17T10_22_25.jpg,labels/pyronear_brison_4_2023_08_17T10_22_25.txt,True,grosnuages,['grosnuages'],"['insecte', 'tache']"
images/pyronear_ferion_2_2023_10_31T06_49_56.jpg,labels/pyronear_ferion_2_2023_10_31T06_49_56.txt,True,glare,"['glare', 'tache']",[]
images/pyronear_ferion_3_2023_10_24T15_51_37.jpg,labels/pyronear_ferion_3_2023_10_24T15_51_37.txt,True,grosnuages,"['grosnuages', 'soleilreflets']",[]
images/pyronear_cabanelle_1_2023_10_13T09_17_33.jpg,labels/pyronear_cabanelle_1_2023_10_13T09_17_33.txt,True,grosnuages,['grosnuages'],[]
images/pyronear_marguerite_1_2023_09_16T12_34_34.jpg,labels/pyronear_marguerite_1_2023_09_16T12_34_34.txt,True,nuagesbas,['nuagesbas'],[]
images/pyronear_courmettes_1_2023_11_07T13_59_16.jpg,labels/pyronear_courmettes_1_2023_11_07T13_59_16.txt,True,nuagesbas,['nuagesbas'],[]
images/pyronear_cabanelle_2_2023_10_02T05_58_03.jpg,labels/pyronear_cabanelle_2_2023_10_02T05_58_03.txt,True,soleil,"['glare', 'refletslac', 'soleil', 'tacherouge']",[]
images/pyronear_valbonne_4_2023_10_29T08_55_52.jpg,labels/pyronear_valbonne_4_2023_10_29T08_55_52.txt,True,nuagesbas,['nuagesbas'],[]
images/pyronear_courmettes_1_2023_11_07T13_21_45.jpg,labels/pyronear_courmettes_1_2023_11_07T13_21_45.txt,True,nuagesbas,['nuagesbas'],[]
images/pyronear_brison_1_2023_06_10T05_45_46.jpg,labels/pyronear_brison_1_2023_06_10T05_45_46.txt,True,grosnuages,['grosnuages'],[]
images/pyronear_brison_2_2023_10_19T08_24_36.jpg,labels/pyronear_brison_2_2023_10_19T08_24_36.txt,True,brume,"['batiment', 'brume']",['brume']
images/pyronear_brison_4_2023_06_27T18_56_40.jpg,labels/pyronear_brison_4_2023_06_27T18_56_40.txt,True,glare,['glare'],[]
images/pyronear_brison_4_2023_08_17T10_27_51.jpg,labels/pyronear_brison_4_2023_08_17T10_27_51.txt,True,grosnuages,['grosnuages'],"['insecte', 'tache']"
images/pyronear_marguerite_3_2023_09_18T05_54_15.jpg,labels/pyronear_marguerite_3_2023_09_18T05_54_15.txt,True,arbre,['arbre'],['brume']
images/pyronear_valbonne_2_2023_11_06T15_01_44.jpg,labels/pyronear_valbonne_2_2023_11_06T15_01_44.txt,True,nuagesbas,['nuagesbas'],[]
images/pyronear_salaunes_2_4_2023_08_17T04_50_09.jpg,labels/pyronear_salaunes_2_4_2023_08_17T04_50_09.txt,True,tuyau,['tuyau'],['tache']
images/pyronear_marguerite_3_2023_09_18T05_40_15.jpg,labels/pyronear_marguerite_3_2023_09_18T05_40_15.txt,True,arbre,['arbre'],['brume']
images/pyronear_marguerite_4_2023_06_09T13_43_16.jpg,labels/pyronear_marguerite_4_2023_06_09T13_43_16.txt,True,tache,"['batiment', 'tache']","['brume', 'pluie']"
images/pyronear_valbonne_2_2023_11_05T14_37_07.jpg,labels/pyronear_valbonne_2_2023_11_05T14_37_07.txt,True,nuagesbas,['nuagesbas'],[]
images/pyronear_valbonne_3_2023_10_21T16_13_15.jpg,labels/pyronear_valbonne_3_2023_10_21T16_13_15.txt,True,glare,['glare'],[]
images/pyronear_brison_2_2023_10_07T05_50_54.jpg,labels/pyronear_brison_2_2023_10_07T05_50_54.txt,True,soleil,"['nuagesbas', 'soleil']",['batiment']
images/pyronear_cabanelle_2_2023_09_30T05_49_42.jpg,labels/pyronear_cabanelle_2_2023_09_30T05_49_42.txt,True,soleil,"['glare', 'refletslac', 'soleil', 'tacherouge']",[]
images/pyronear_cabanelle_1_2023_10_11T14_01_29.jpg,labels/pyronear_cabanelle_1_2023_10_11T14_01_29.txt,True,brume,['brume'],[]
images/pyronear_salaunes_2_1_2023_11_05T07_26_15.jpg,labels/pyronear_salaunes_2_1_2023_11_05T07_26_15.txt,True,grosnuages,['grosnuagesrefletssoleil'],[]
images/pyronear_courmettes_4_2023_10_11T15_57_41.jpg,labels/pyronear_courmettes_4_2023_10_11T15_57_41.txt,True,nuagesbas,['nuagesbas'],['brume']
images/pyronear_cabanelle_2_2023_09_28T05_36_40.jpg,labels/pyronear_cabanelle_2_2023_09_28T05_36_40.txt,True,glare,['glare'],[]
images/pyronear_courmettes_4_2023_10_03T17_24_26.jpg,labels/pyronear_courmettes_4_2023_10_03T17_24_26.txt,True,nuagesbas,['nuagesbas'],"['antenne', 'soleilcouchant']"
images/pyronear_courmettes_1_2023_11_07T13_14_14.jpg,labels/pyronear_courmettes_1_2023_11_07T13_14_14.txt,True,nuagesbas,['nuagesbas'],[]
images/pyronear_brison_1_2023_06_13T06_15_00.jpg,labels/pyronear_brison_1_2023_06_13T06_15_00.txt,True,grosnuages,['grosnuages'],[]
images/pyronear_marguerite_4_2023_10_17T14_53_18.jpg,labels/pyronear_marguerite_4_2023_10_17T14_53_18.txt,True,batiment,['batiment'],"['brume', 'pluie']"
images/pyronear_brison_4_2023_10_29T09_48_22.jpg,labels/pyronear_brison_4_2023_10_29T09_48_22.txt,True,grosnuages,['grosnuages'],['brume']
images/pyronear_valbonne_3_2023_10_13T17_23_22.jpg,labels/pyronear_valbonne_3_2023_10_13T17_23_22.txt,True,batiment,['batimentloin'],['soleilcouchant']
images/pyronear_marguerite_3_2023_09_18T07_26_28.jpg,labels/pyronear_marguerite_3_2023_09_18T07_26_28.txt,True,arbre,['arbre'],['brume']
images/pyronear_courmettes_4_2023_10_20T15_58_57.jpg,labels/pyronear_courmettes_4_2023_10_20T15_58_57.txt,True,grosnuages,['grosnuages'],"['antenne', 'soleilcontrejour']"
images/pyronear_brison_2_2023_09_21T08_50_55.jpg,labels/pyronear_brison_2_2023_09_21T08_50_55.txt,True,brume,"['batiment', 'brume']",['brume']
images/pyronear_salaunes_2_4_2023_08_19T05_00_01.jpg,labels/pyronear_salaunes_2_4_2023_08_19T05_00_01.txt,True,tuyau,['tuyau'],[]
images/pyronear_brison_1_2023_09_13T06_26_43.jpg,labels/pyronear_brison_1_2023_09_13T06_26_43.txt,True,nuagesbas,['nuagesbas'],[]
images/pyronear_ferion_2_2023_10_28T15_25_06.jpg,labels/pyronear_ferion_2_2023_10_28T15_25_06.txt,True,grosnuages,['grosnuages'],[]
images/pyronear_ferion_3_2023_10_19T15_32_20.jpg,labels/pyronear_ferion_3_2023_10_19T15_32_20.txt,True,brume,['brume'],[]
images/pyronear_cabanelle_1_2023_10_10T08_52_10.jpg,labels/pyronear_cabanelle_1_2023_10_10T08_52_10.txt,True,grosnuages,"['grosnuages', 'nuagesbas']",[]
images/pyronear_brison_3_2023_09_07T06_38_01.jpg,labels/pyronear_brison_3_2023_09_07T06_38_01.txt,True,montagne,['montagne'],[]
images/pyronear_courmettes_4_2023_11_02T09_16_09.jpg,labels/pyronear_courmettes_4_2023_11_02T09_16_09.txt,True,arbre,['arbre'],['brume']
images/pyronear_marguerite_1_2023_09_14T11_30_36.jpg,labels/pyronear_marguerite_1_2023_09_14T11_30_36.txt,True,nuagesbas,['nuagesbas'],[]
images/pyronear_courmettes_1_2023_11_07T12_40_16.jpg,labels/pyronear_courmettes_1_2023_11_07T12_40_16.txt,True,nuagesbas,['nuagesbas'],[]
images/pyronear_salaunes_2_1_2023_08_27T08_52_35.jpg,labels/pyronear_salaunes_2_1_2023_08_27T08_52_35.txt,True,grosnuages,['grosnuages'],[]
images/pyronear_brison_3_2023_10_07T17_27_15.jpg,labels/pyronear_brison_3_2023_10_07T17_27_15.txt,True,zonenoire,['zonenoire'],['soleilcouchant']
images/pyronear_courmettes_2_2023_10_12T07_26_40.jpg,labels/pyronear_courmettes_2_2023_10_12T07_26_40.txt,True,grosnuages,['grosnuages'],[]
images/pyronear_brison_3_2023_09_18T10_05_03.jpg,labels/pyronear_brison_3_2023_09_18T10_05_03.txt,True,grosnuages,['grosnuages'],['brume']
images/pyronear_brison_2_2023_09_21T09_55_27.jpg,labels/pyronear_brison_2_2023_09_21T09_55_27.txt,True,brume,"['batiment', 'brume']",['brume']
images/pyronear_marguerite_4_2023_10_29T13_27_45.jpg,labels/pyronear_marguerite_4_2023_10_29T13_27_45.txt,True,batiment,['batiment'],"['brume', 'pluie']"
images/pyronear_brison_1_2023_07_24T17_34_24.jpg,labels/pyronear_brison_1_2023_07_24T17_34_24.txt,True,tache,['tachenoire'],[]
images/pyronear_brison_2_2023_10_30T07_34_54.jpg,labels/pyronear_brison_2_2023_10_30T07_34_54.txt,True,brume,"['batiment', 'brume']",['brume']
images/pyronear_marguerite_1_2023_09_16T13_01_30.jpg,labels/pyronear_marguerite_1_2023_09_16T13_01_30.txt,True,nuagesbas,['nuagesbas'],[]
images/pyronear_salaunes_2_1_2023_08_27T18_15_02.jpg,labels/pyronear_salaunes_2_1_2023_08_27T18_15_02.txt,True,grosnuages,['grosnuages'],[]
images/pyronear_ferion_3_2023_10_19T15_48_21.jpg,labels/pyronear_ferion_3_2023_10_19T15_48_21.txt,True,brume,['brume'],[]
images/pyronear_brison_1_2023_06_07T05_42_44.jpg,labels/pyronear_brison_1_2023_06_07T05_42_44.txt,True,grosnuages,['grosnuages'],[]
images/pyronear_valbonne_4_2023_10_28T16_34_05.jpg,labels/pyronear_valbonne_4_2023_10_28T16_34_05.txt,True,nuagesbas,['nuagesbas'],[]
images/pyronear_valbonne_4_2023_10_01T05_53_16.jpg,labels/pyronear_valbonne_4_2023_10_01T05_53_16.txt,True,soleil,['soleil'],['batiment']
images/pyronear_brison_4_2023_06_12T12_02_04.jpg,labels/pyronear_brison_4_2023_06_12T12_02_04.txt,True,nuagesbas,['nuagesbas'],['brume']
images/pyronear_valbonne_2_2023_11_06T15_15_14.jpg,labels/pyronear_valbonne_2_2023_11_06T15_15_14.txt,True,nuagesbas,['nuagesbas'],[]
images/pyronear_cabanelle_1_2023_10_11T14_30_28.jpg,labels/pyronear_cabanelle_1_2023_10_11T14_30_28.txt,True,brume,['brume'],[]
images/pyronear_brison_2_2023_10_30T08_02_58.jpg,labels/pyronear_brison_2_2023_10_30T08_02_58.txt,True,brume,"['batiment', 'brume']",['brume']
images/pyronear_salaunes_1_2_2023_07_20T09_04_29.jpg,labels/pyronear_salaunes_1_2_2023_07_20T09_04_29.txt,True,grosnuages,['grosnuages'],[]
images/pyronear_brison_4_2023_11_02T10_56_34.jpg,labels/pyronear_brison_4_2023_11_02T10_56_34.txt,True,nuagesbas,['nuagesbas'],[]
images/pyronear_marguerite_4_2023_10_29T13_34_46.jpg,labels/pyronear_marguerite_4_2023_10_29T13_34_46.txt,True,batiment,['batiment'],"['brume', 'pluie']"
images/pyronear_courmettes_1_2023_11_07T13_56_46.jpg,labels/pyronear_courmettes_1_2023_11_07T13_56_46.txt,True,nuagesbas,['nuagesbas'],[]
images/pyronear_salaunes_2_2_2023_10_24T06_52_13.jpg,labels/pyronear_salaunes_2_2_2023_10_24T06_52_13.txt,True,grosnuages,['grosnuagesrefletssoleil'],[]
images/pyronear_marguerite_3_2023_09_18T08_18_26.jpg,labels/pyronear_marguerite_3_2023_09_18T08_18_26.txt,True,arbre,['arbre'],['brume']
images/pyronear_courmettes_1_2023_11_07T13_13_44.jpg,labels/pyronear_courmettes_1_2023_11_07T13_13_44.txt,True,nuagesbas,['nuagesbas'],[]
images/pyronear_marguerite_4_2023_09_21T06_42_55.jpg,labels/pyronear_marguerite_4_2023_09_21T06_42_55.txt,True,tache,"['batiment', 'tache']","['brume', 'pluie']"
images/pyronear_brison_3_2023_09_07T06_53_31.jpg,labels/pyronear_brison_3_2023_09_07T06_53_31.txt,True,montagne,['montagne'],[]
images/pyronear_marguerite_3_2023_09_18T08_36_29.jpg,labels/pyronear_marguerite_3_2023_09_18T08_36_29.txt,True,arbre,['arbre'],['brume']
images/pyronear_valbonne_2_2023_11_06T15_07_15.jpg,labels/pyronear_valbonne_2_2023_11_06T15_07_15.txt,True,nuagesbas,['nuagesbas'],[]
images/pyronear_valbonne_4_2023_10_29T09_18_51.jpg,labels/pyronear_valbonne_4_2023_10_29T09_18_51.txt,True,nuagesbas,['nuagesbas'],[]
images/pyronear_brison_2_2023_09_22T08_53_13.jpg,labels/pyronear_brison_2_2023_09_22T08_53_13.txt,True,nuagesbas,['nuagesbas'],['batiment']
images/pyronear_brison_4_2023_08_17T07_48_07.jpg,labels/pyronear_brison_4_2023_08_17T07_48_07.txt,True,grosnuages,['grosnuages'],"['insecte', 'tache']"
images/pyronear_courmettes_4_2023_11_02T09_24_06.jpg,labels/pyronear_courmettes_4_2023_11_02T09_24_06.txt,True,arbre,['arbre'],['brume']
images/pyronear_marguerite_1_2023_08_22T16_44_49.jpg,labels/pyronear_marguerite_1_2023_08_22T16_44_49.txt,True,soleil,['soleilrayons'],[]
images/pyronear_salaunes_2_4_2023_08_19T05_03_03.jpg,labels/pyronear_salaunes_2_4_2023_08_19T05_03_03.txt,True,tuyau,['tuyau'],[]
images/pyronear_cabanelle_1_2023_10_10T11_31_45.jpg,labels/pyronear_cabanelle_1_2023_10_10T11_31_45.txt,True,grosnuages,"['grosnuages', 'nuagesbas']",[]
images/pyronear_cabanelle_1_2023_10_10T14_58_51.jpg,labels/pyronear_cabanelle_1_2023_10_10T14_58_51.txt,True,grosnuages,"['grosnuages', 'nuagesbas']",[]
images/pyronear_marguerite_4_2023_06_09T13_48_16.jpg,labels/pyronear_marguerite_4_2023_06_09T13_48_16.txt,True,tache,"['batiment', 'tache']","['brume', 'pluie']"
images/pyronear_brison_1_2023_06_10T05_44_16.jpg,labels/pyronear_brison_1_2023_06_10T05_44_16.txt,True,grosnuages,['grosnuages'],[]
images/pyronear_brison_2_2023_09_24T06_03_42.jpg,labels/pyronear_brison_2_2023_09_24T06_03_42.txt,True,glare,['glare'],[]
images/pyronear_marguerite_4_2023_06_09T13_10_14.jpg,labels/pyronear_marguerite_4_2023_06_09T13_10_14.txt,True,tache,"['batiment', 'tache']","['brume', 'pluie']"
images/pyronear_brison_3_2023_09_22T05_09_47.jpg,labels/pyronear_brison_3_2023_09_22T05_09_47.txt,True,nuagesbas,['nuagesbas'],['nuit']
images/pyronear_brison_1_2023_06_12T12_23_27.jpg,labels/pyronear_brison_1_2023_06_12T12_23_27.txt,True,nuagesbas,['nuagesbas'],[]
images/pyronear_marguerite_3_2023_09_18T07_43_55.jpg,labels/pyronear_marguerite_3_2023_09_18T07_43_55.txt,True,arbre,['arbre'],['brume']
images/pyronear_marguerite_3_2023_09_18T05_25_18.jpg,labels/pyronear_marguerite_3_2023_09_18T05_25_18.txt,True,arbre,['arbre'],['brume']
images/pyronear_cabanelle_1_2023_10_10T11_44_15.jpg,labels/pyronear_cabanelle_1_2023_10_10T11_44_15.txt,True,grosnuages,"['grosnuages', 'nuagesbas']",[]
images/pyronear_brison_2_2023_10_19T17_00_50.jpg,labels/pyronear_brison_2_2023_10_19T17_00_50.txt,True,brume,"['batiment', 'brume']",['brume']
images/pyronear_valbonne_4_2023_10_08T05_54_25.jpg,labels/pyronear_valbonne_4_2023_10_08T05_54_25.txt,True,soleil,['soleil'],['batiment']
images/pyronear_brison_3_2023_08_29T06_06_47.jpg,labels/pyronear_brison_3_2023_08_29T06_06_47.txt,True,montagne,['montagne'],[]
images/pyronear_cabanelle_1_2023_10_10T11_30_45.jpg,labels/pyronear_cabanelle_1_2023_10_10T11_30_45.txt,True,grosnuages,"['grosnuages', 'nuagesbas']",[]
images/pyronear_marguerite_3_2023_09_18T07_35_54.jpg,labels/pyronear_marguerite_3_2023_09_18T07_35_54.txt,True,arbre,['arbre'],['brume']
images/pyronear_valbonne_4_2023_11_01T16_43_03.jpg,labels/pyronear_valbonne_4_2023_11_01T16_43_03.txt,True,nuagesbas,['nuagesbas'],[]
images/pyronear_salaunes_2_1_2023_08_27T09_19_09.jpg,labels/pyronear_salaunes_2_1_2023_08_27T09_19_09.txt,True,grosnuages,['grosnuages'],[]
images/pyronear_marguerite_1_2023_08_22T16_11_25.jpg,labels/pyronear_marguerite_1_2023_08_22T16_11_25.txt,True,soleil,['soleilrayons'],[]
images/pyronear_valbonne_4_2023_10_28T13_11_28.jpg,labels/pyronear_valbonne_4_2023_10_28T13_11_28.txt,True,grosnuages,['grosnuages'],[]
images/pyronear_marguerite_4_2023_06_09T13_11_44.jpg,labels/pyronear_marguerite_4_2023_06_09T13_11_44.txt,True,tache,"['batiment', 'tache']","['brume', 'pluie']"
images/pyronear_marguerite_1_2023_09_14T16_08_36.jpg,labels/pyronear_marguerite_1_2023_09_14T16_08_36.txt,True,glare,['glaresoleilrayons'],[]
images/pyronear_brison_4_2023_10_28T08_17_54.jpg,labels/pyronear_brison_4_2023_10_28T08_17_54.txt,True,nuagesbas,['nuagesbas'],[]
images/pyronear_courmettes_4_2023_10_20T16_12_55.jpg,labels/pyronear_courmettes_4_2023_10_20T16_12_55.txt,True,grosnuages,['grosnuages'],"['antenne', 'soleilcontrejour']"
images/pyronear_brison_2_2023_10_30T07_30_24.jpg,labels/pyronear_brison_2_2023_10_30T07_30_24.txt,True,brume,"['batiment', 'brume']",['brume']
images/pyronear_ferion_1_2023_10_20T15_47_43.jpg,labels/pyronear_ferion_1_2023_10_20T15_47_43.txt,True,arbre,['arbre'],['brume']
images/pyronear_brison_4_2023_10_28T08_23_09.jpg,labels/pyronear_brison_4_2023_10_28T08_23_09.txt,True,nuagesbas,['nuagesbas'],[]
images/pyronear_valbonne_4_2023_10_08T05_57_24.jpg,labels/pyronear_valbonne_4_2023_10_08T05_57_24.txt,True,soleil,['soleil'],['batiment']
images/pyronear_brison_3_2023_08_27T07_22_10.jpg,labels/pyronear_brison_3_2023_08_27T07_22_10.txt,True,grosnuages,"['grosnuages', 'nuagesbas']",[]
images/pyronear_brison_4_2023_11_01T13_05_52.jpg,labels/pyronear_brison_4_2023_11_01T13_05_52.txt,True,nuagesbas,['nuagesbas'],[]
images/pyronear_valbonne_4_2023_10_29T09_49_52.jpg,labels/pyronear_valbonne_4_2023_10_29T09_49_52.txt,True,nuagesbas,['nuagesbas'],[]
images/pyronear_salaunes_2_4_2023_08_19T05_44_03.jpg,labels/pyronear_salaunes_2_4_2023_08_19T05_44_03.txt,True,tuyau,['tuyau'],[]
images/pyronear_marguerite_1_2023_06_27T03_43_35.jpg,labels/pyronear_marguerite_1_2023_06_27T03_43_35.txt,True,nuagesbas,['nuagesbas'],['nuit']
images/pyronear_ferion_3_2023_10_19T15_50_20.jpg,labels/pyronear_ferion_3_2023_10_19T15_50_20.txt,True,brume,['brume'],[]
images/pyronear_courmettes_4_2023_11_02T09_31_36.jpg,labels/pyronear_courmettes_4_2023_11_02T09_31_36.txt,True,arbre,['arbre'],['brume']
images/pyronear_brison_2_2023_10_19T07_56_35.jpg,labels/pyronear_brison_2_2023_10_19T07_56_35.txt,True,brume,"['batiment', 'brume']",['brume']
images/pyronear_valbonne_4_2023_10_29T09_19_21.jpg,labels/pyronear_valbonne_4_2023_10_29T09_19_21.txt,True,nuagesbas,['nuagesbas'],[]
images/pyronear_marguerite_2_2023_09_01T17_59_02.jpg,labels/pyronear_marguerite_2_2023_09_01T17_59_02.txt,True,nuagesbas,['nuagesbas'],['soleilcouchant']
images/pyronear_courmettes_1_2023_09_27T05_53_03.jpg,labels/pyronear_courmettes_1_2023_09_27T05_53_03.txt,True,glare,['glareptjaune'],[]
images/pyronear_brison_2_2023_10_30T08_04_24.jpg,labels/pyronear_brison_2_2023_10_30T08_04_24.txt,True,brume,"['batiment', 'brume']",['brume']
images/pyronear_courmettes_4_2023_11_02T11_25_41.jpg,labels/pyronear_courmettes_4_2023_11_02T11_25_41.txt,True,arbre,['arbre'],['brume']
images/pyronear_marguerite_3_2023_09_18T09_30_58.jpg,labels/pyronear_marguerite_3_2023_09_18T09_30_58.txt,True,arbre,['arbre'],['brume']
images/pyronear_marguerite_1_2023_09_14T11_30_57.jpg,labels/pyronear_marguerite_1_2023_09_14T11_30_57.txt,True,nuagesbas,['nuagesbas'],[]
images/pyronear_brison_3_2023_08_29T06_18_45.jpg,labels/pyronear_brison_3_2023_08_29T06_18_45.txt,True,montagne,['montagne'],[]
images/pyronear_brison_4_2023_06_23T18_56_01.jpg,labels/pyronear_brison_4_2023_06_23T18_56_01.txt,True,glare,['glare'],[]
images/pyronear_valbonne_3_2023_10_14T17_19_44.jpg,labels/pyronear_valbonne_3_2023_10_14T17_19_44.txt,True,batiment,['batimentloin'],['soleilcouchant']
images/pyronear_brison_4_2023_07_09T18_59_11.jpg,labels/pyronear_brison_4_2023_07_09T18_59_11.txt,True,glare,['glare'],[]
images/pyronear_marguerite_1_2023_09_16T13_02_28.jpg,labels/pyronear_marguerite_1_2023_09_16T13_02_28.txt,True,nuagesbas,['nuagesbas'],[]
images/pyronear_valbonne_2_2023_11_06T15_30_15.jpg,labels/pyronear_valbonne_2_2023_11_06T15_30_15.txt,True,nuagesbas,['nuagesbas'],[]
images/pyronear_ferion_2_2023_10_24T16_27_33.jpg,labels/pyronear_ferion_2_2023_10_24T16_27_33.txt,True,grosnuages,['grosnuages'],[]
images/pyronear_brison_2_2023_09_22T08_54_14.jpg,labels/pyronear_brison_2_2023_09_22T08_54_14.txt,True,nuagesbas,['nuagesbas'],['batiment']
images/pyronear_brison_4_2023_10_28T07_34_10.jpg,labels/pyronear_brison_4_2023_10_28T07_34_10.txt,True,nuagesbas,['nuagesbas'],[]
images/pyronear_brison_2_2023_10_19T10_19_10.jpg,labels/pyronear_brison_2_2023_10_19T10_19_10.txt,True,brume,"['batiment', 'brume']",['brume']
images/pyronear_marguerite_1_2023_08_09T18_51_19.jpg,labels/pyronear_marguerite_1_2023_08_09T18_51_19.txt,True,soleil,['soleil'],[]
images/pyronear_marguerite_1_2023_09_14T05_31_43.jpg,labels/pyronear_marguerite_1_2023_09_14T05_31_43.txt,True,grosnuages,['grosnuages'],[]
images/pyronear_marguerite_3_2023_06_09T09_01_32.jpg,labels/pyronear_marguerite_3_2023_06_09T09_01_32.txt,True,arbre,['arbre'],['brume']
images/pyronear_brison_2_2023_09_21T08_53_29.jpg,labels/pyronear_brison_2_2023_09_21T08_53_29.txt,True,brume,"['batiment', 'brume']",['brume']
images/pyronear_ferion_2_2023_11_03T06_46_16.jpg,labels/pyronear_ferion_2_2023_11_03T06_46_16.txt,True,glare,"['glare', 'tache']",[]
images/pyronear_marguerite_2_2023_09_10T18_08_59.jpg,labels/pyronear_marguerite_2_2023_09_10T18_08_59.txt,True,nuagesbas,['nuagesbas'],['soleilcouchant']
images/pyronear_courmettes_4_2023_11_02T11_23_14.jpg,labels/pyronear_courmettes_4_2023_11_02T11_23_14.txt,True,arbre,['arbre'],['brume']
images/pyronear_brison_1_2023_09_13T07_40_16.jpg,labels/pyronear_brison_1_2023_09_13T07_40_16.txt,True,nuagesbas,['nuagesbas'],[]
images/pyronear_valbonne_2_2023_11_06T15_48_15.jpg,labels/pyronear_valbonne_2_2023_11_06T15_48_15.txt,True,nuagesbas,['nuagesbas'],[]
images/pyronear_brison_4_2023_08_17T07_49_47.jpg,labels/pyronear_brison_4_2023_08_17T07_49_47.txt,True,grosnuages,['grosnuages'],"['insecte', 'tache']"
images/pyronear_valbonne_2_2023_11_06T14_57_44.jpg,labels/pyronear_valbonne_2_2023_11_06T14_57_44.txt,True,nuagesbas,['nuagesbas'],[]
images/pyronear_marguerite_1_2023_09_14T05_37_43.jpg,labels/pyronear_marguerite_1_2023_09_14T05_37_43.txt,True,grosnuages,['grosnuages'],[]
images/pyronear_salaunes_2_1_2023_08_28T18_31_21.jpg,labels/pyronear_salaunes_2_1_2023_08_28T18_31_21.txt,True,grosnuages,['grosnuagesrefletssoleil'],[]
images/pyronear_brison_2_2023_10_29T06_27_28.jpg,labels/pyronear_brison_2_2023_10_29T06_27_28.txt,True,brume,"['batiment', 'brume']",['brume']
images/pyronear_marguerite_1_2023_08_10T16_02_54.jpg,labels/pyronear_marguerite_1_2023_08_10T16_02_54.txt,True,soleil,['soleilrayons'],[]
images/pyronear_ferion_4_2023_11_06T16_01_08.jpg,labels/pyronear_ferion_4_2023_11_06T16_01_08.txt,True,nuagesbas,['nuagesbas'],['soleilcouchant']
images/pyronear_cabanelle_1_2023_10_10T11_25_14.jpg,labels/pyronear_cabanelle_1_2023_10_10T11_25_14.txt,True,grosnuages,"['grosnuages', 'nuagesbas']",[]
images/pyronear_courmettes_4_2023_09_29T17_05_14.jpg,labels/pyronear_courmettes_4_2023_09_29T17_05_14.txt,True,soleil,['soleil'],['batiment']
images/pyronear_valbonne_2_2023_11_06T15_02_44.jpg,labels/pyronear_valbonne_2_2023_11_06T15_02_44.txt,True,nuagesbas,['nuagesbas'],[]
images/pyronear_salaunes_2_1_2023_08_27T09_51_07.jpg,labels/pyronear_salaunes_2_1_2023_08_27T09_51_07.txt,True,grosnuages,['grosnuages'],[]
images/pyronear_salaunes_2_1_2023_08_27T08_41_05.jpg,labels/pyronear_salaunes_2_1_2023_08_27T08_41_05.txt,True,grosnuages,['grosnuages'],[]
images/pyronear_brison_1_2023_07_09T04_10_39.jpg,labels/pyronear_brison_1_2023_07_09T04_10_39.txt,True,soleil,['soleil'],[]
images/pyronear_brison_2_2023_11_04T11_02_20.jpg,labels/pyronear_brison_2_2023_11_04T11_02_20.txt,True,brume,"['batiment', 'brume']",['brume']
images/pyronear_salaunes_2_1_2023_08_27T08_32_05.jpg,labels/pyronear_salaunes_2_1_2023_08_27T08_32_05.txt,True,grosnuages,['grosnuages'],[]
images/pyronear_marguerite_3_2023_09_18T09_10_57.jpg,labels/pyronear_marguerite_3_2023_09_18T09_10_57.txt,True,arbre,['arbre'],['brume']
images/pyronear_marguerite_4_2023_10_29T13_25_16.jpg,labels/pyronear_marguerite_4_2023_10_29T13_25_16.txt,True,batiment,['batiment'],"['brume', 'pluie']"
images/pyronear_cabanelle_1_2023_10_09T13_56_44.jpg,labels/pyronear_cabanelle_1_2023_10_09T13_56_44.txt,True,nuagesbas,['nuagesbas'],[]
images/pyronear_valbonne_2_2023_11_06T15_17_14.jpg,labels/pyronear_valbonne_2_2023_11_06T15_17_14.txt,True,nuagesbas,['nuagesbas'],[]
images/pyronear_marguerite_2_2023_10_27T17_03_50.jpg,labels/pyronear_marguerite_2_2023_10_27T17_03_50.txt,True,nuagesbas,['nuagesbas'],['soleilcouchant']
images/pyronear_ferion_2_2023_11_07T07_02_05.jpg,labels/pyronear_ferion_2_2023_11_07T07_02_05.txt,True,glare,"['glare', 'tache']",[]
images/pyronear_brison_3_2023_10_02T13_21_15.jpg,labels/pyronear_brison_3_2023_10_02T13_21_15.txt,True,montagne,['montagne'],[]
images/pyronear_marguerite_2_2023_08_15T18_38_50.jpg,labels/pyronear_marguerite_2_2023_08_15T18_38_50.txt,True,nuagesbas,['nuagesbas'],['soleilcouchant']
images/pyronear_brison_2_2023_10_30T13_44_18.jpg,labels/pyronear_brison_2_2023_10_30T13_44_18.txt,True,brume,"['batiment', 'brume']",['brume']
images/pyronear_valbonne_2_2023_11_05T15_32_06.jpg,labels/pyronear_valbonne_2_2023_11_05T15_32_06.txt,True,nuagesbas,['nuagesbas'],[]
images/pyronear_marguerite_1_2023_09_15T15_35_18.jpg,labels/pyronear_marguerite_1_2023_09_15T15_35_18.txt,True,soleil,['soleilrayons'],[]
images/pyronear_courmettes_4_2023_11_02T09_18_06.jpg,labels/pyronear_courmettes_4_2023_11_02T09_18_06.txt,True,arbre,['arbre'],['brume']
images/pyronear_brison_4_2023_06_16T18_59_53.jpg,labels/pyronear_brison_4_2023_06_16T18_59_53.txt,True,glare,['glareptjaune'],[]
images/pyronear_brison_3_2023_08_29T06_20_45.jpg,labels/pyronear_brison_3_2023_08_29T06_20_45.txt,True,montagne,['montagne'],[]
images/pyronear_salaunes_1_4_2023_10_02T17_23_50.jpg,labels/pyronear_salaunes_1_4_2023_10_02T17_23_50.txt,True,glare,['glareptjaune'],[]
images/pyronear_courmettes_4_2023_11_02T09_39_06.jpg,labels/pyronear_courmettes_4_2023_11_02T09_39_06.txt,True,arbre,['arbre'],['brume']
images/pyronear_brison_2_2023_06_09T13_22_12.jpg,labels/pyronear_brison_2_2023_06_09T13_22_12.txt,True,nuagesbas,['nuagesbas'],['batiment']
images/pyronear_salaunes_2_4_2023_08_19T05_07_01.jpg,labels/pyronear_salaunes_2_4_2023_08_19T05_07_01.txt,True,tuyau,['tuyau'],[]
images/pyronear_cabanelle_1_2023_10_13T09_46_04.jpg,labels/pyronear_cabanelle_1_2023_10_13T09_46_04.txt,True,grosnuages,['grosnuages'],[]
images/pyronear_brison_2_2023_09_14T17_43_01.jpg,labels/pyronear_brison_2_2023_09_14T17_43_01.txt,True,grosnuages,['grosnuages'],['batiment']
images/pyronear_ferion_2_2023_11_07T07_02_08.jpg,labels/pyronear_ferion_2_2023_11_07T07_02_08.txt,True,glare,"['glare', 'tache']",[]
images/pyronear_marguerite_3_2023_09_18T09_03_57.jpg,labels/pyronear_marguerite_3_2023_09_18T09_03_57.txt,True,arbre,['arbre'],['brume']
images/pyronear_ferion_2_2023_10_31T06_50_21.jpg,labels/pyronear_ferion_2_2023_10_31T06_50_21.txt,True,glare,"['glare', 'tache']",[]
images/pyronear_cabanelle_1_2023_10_13T08_30_02.jpg,labels/pyronear_cabanelle_1_2023_10_13T08_30_02.txt,True,grosnuages,['grosnuages'],[]
images/pyronear_brison_2_2023_10_19T09_16_44.jpg,labels/pyronear_brison_2_2023_10_19T09_16_44.txt,True,brume,"['batiment', 'brume']",['brume']
images/pyronear_brison_4_2023_08_17T09_47_31.jpg,labels/pyronear_brison_4_2023_08_17T09_47_31.txt,True,grosnuages,['grosnuages'],"['insecte', 'tache']"
images/pyronear_brison_2_2023_10_19T09_18_07.jpg,labels/pyronear_brison_2_2023_10_19T09_18_07.txt,True,brume,"['batiment', 'brume']",['brume']
images/pyronear_marguerite_3_2023_09_18T05_36_15.jpg,labels/pyronear_marguerite_3_2023_09_18T05_36_15.txt,True,arbre,['arbre'],['brume']
images/pyronear_marguerite_2_2023_08_29T17_36_12.jpg,labels/pyronear_marguerite_2_2023_08_29T17_36_12.txt,True,nuagesbas,['nuagesbas'],['soleilcouchant']
images/pyronear_cabanelle_1_2023_10_13T09_04_33.jpg,labels/pyronear_cabanelle_1_2023_10_13T09_04_33.txt,True,grosnuages,['grosnuages'],[]
images/pyronear_valbonne_2_2023_11_05T14_59_06.jpg,labels/pyronear_valbonne_2_2023_11_05T14_59_06.txt,True,nuagesbas,['nuagesbas'],[]
images/pyronear_cabanelle_1_2023_10_13T08_49_05.jpg,labels/pyronear_cabanelle_1_2023_10_13T08_49_05.txt,True,grosnuages,['grosnuages'],[]
images/pyronear_cabanelle_1_2023_10_13T06_02_57.jpg,labels/pyronear_cabanelle_1_2023_10_13T06_02_57.txt,True,grosnuages,['grosnuages'],['brume']
images/pyronear_brison_2_2023_09_14T17_46_03.jpg,labels/pyronear_brison_2_2023_09_14T17_46_03.txt,True,grosnuages,['grosnuages'],['batiment']
images/pyronear_brison_3_2023_09_07T06_35_01.jpg,labels/pyronear_brison_3_2023_09_07T06_35_01.txt,True,montagne,['montagne'],[]
images/pyronear_ferion_2_2023_10_28T15_24_36.jpg,labels/pyronear_ferion_2_2023_10_28T15_24_36.txt,True,grosnuages,['grosnuages'],[]
images/pyronear_valbonne_2_2023_11_06T15_19_44.jpg,labels/pyronear_valbonne_2_2023_11_06T15_19_44.txt,True,nuagesbas,['nuagesbas'],[]
images/pyronear_brison_4_2023_11_01T13_05_39.jpg,labels/pyronear_brison_4_2023_11_01T13_05_39.txt,True,nuagesbas,['nuagesbas'],[]
images/pyronear_brison_4_2023_06_19T19_06_22.jpg,labels/pyronear_brison_4_2023_06_19T19_06_22.txt,True,glare,['glareptjaune'],[]
images/pyronear_courmettes_2_2023_10_24T14_48_22.jpg,labels/pyronear_courmettes_2_2023_10_24T14_48_22.txt,True,grosnuages,['grosnuages'],[]
images/pyronear_ferion_2_2023_10_28T15_19_06.jpg,labels/pyronear_ferion_2_2023_10_28T15_19_06.txt,True,grosnuages,['grosnuages'],[]
images/pyronear_valbonne_2_2023_11_05T15_34_37.jpg,labels/pyronear_valbonne_2_2023_11_05T15_34_37.txt,True,nuagesbas,['nuagesbas'],[]
images/pyronear_brison_2_2023_10_29T06_27_58.jpg,labels/pyronear_brison_2_2023_10_29T06_27_58.txt,True,brume,"['batiment', 'brume']",['brume']
images/pyronear_cabanelle_2_2023_10_02T06_03_34.jpg,labels/pyronear_cabanelle_2_2023_10_02T06_03_34.txt,True,soleil,"['glare', 'refletslac', 'soleil', 'tacherouge']",[]
images/pyronear_valbonne_4_2023_10_01T06_01_46.jpg,labels/pyronear_valbonne_4_2023_10_01T06_01_46.txt,True,soleil,['soleil'],['batiment']
images/pyronear_marguerite_1_2023_09_15T16_06_43.jpg,labels/pyronear_marguerite_1_2023_09_15T16_06_43.txt,True,soleil,['soleilrayons'],[]
images/pyronear_valbonne_3_2023_10_20T10_54_39.jpg,labels/pyronear_valbonne_3_2023_10_20T10_54_39.txt,True,nuagesbas,['nuagesbas'],[]
images/pyronear_brison_2_2023_10_19T08_35_36.jpg,labels/pyronear_brison_2_2023_10_19T08_35_36.txt,True,brume,"['batiment', 'brume']",['brume']
images/pyronear_marguerite_1_2023_09_06T18_10_08.jpg,labels/pyronear_marguerite_1_2023_09_06T18_10_08.txt,True,soleil,['soleil'],[]
images/pyronear_brison_1_2023_07_24T16_50_07.jpg,labels/pyronear_brison_1_2023_07_24T16_50_07.txt,True,tache,['tachenoire'],[]
images/pyronear_brison_2_2023_10_30T08_24_56.jpg,labels/pyronear_brison_2_2023_10_30T08_24_56.txt,True,brume,"['batiment', 'brume']",['brume']
images/pyronear_marguerite_1_2023_08_22T14_50_44.jpg,labels/pyronear_marguerite_1_2023_08_22T14_50_44.txt,True,soleil,['soleilrayons'],[]
images/pyronear_brison_2_2023_09_18T16_54_36.jpg,labels/pyronear_brison_2_2023_09_18T16_54_36.txt,True,grosnuages,['grosnuages'],['batiment']
images/pyronear_valbonne_2_2023_11_05T14_35_05.jpg,labels/pyronear_valbonne_2_2023_11_05T14_35_05.txt,True,nuagesbas,['nuagesbas'],[]
images/pyronear_valbonne_2_2023_11_06T15_05_14.jpg,labels/pyronear_valbonne_2_2023_11_06T15_05_14.txt,True,nuagesbas,['nuagesbas'],[]
images/pyronear_cabanelle_2_2023_10_02T06_01_03.jpg,labels/pyronear_cabanelle_2_2023_10_02T06_01_03.txt,True,soleil,"['glare', 'refletslac', 'soleil', 'tacherouge']",[]
images/pyronear_valbonne_2_2023_11_06T15_24_45.jpg,labels/pyronear_valbonne_2_2023_11_06T15_24_45.txt,True,nuagesbas,['nuagesbas'],[]
images/pyronear_cabanelle_1_2023_10_10T09_00_42.jpg,labels/pyronear_cabanelle_1_2023_10_10T09_00_42.txt,True,grosnuages,"['grosnuages', 'nuagesbas']",[]
images/pyronear_marguerite_1_2023_09_10T16_07_43.jpg,labels/pyronear_marguerite_1_2023_09_10T16_07_43.txt,True,glare,['glare'],[]
images/pyronear_salaunes_2_1_2023_07_04T04_48_37.jpg,labels/pyronear_salaunes_2_1_2023_07_04T04_48_37.txt,True,arbre,['arbre'],['brume']
images/pyronear_brison_4_2023_10_28T06_04_38.jpg,labels/pyronear_brison_4_2023_10_28T06_04_38.txt,True,nuagesbas,['nuagesbas'],[]
images/pyronear_brison_2_2023_10_19T09_29_16.jpg,labels/pyronear_brison_2_2023_10_19T09_29_16.txt,True,brume,"['batiment', 'brume']",['brume']
images/pyronear_ferion_3_2023_10_18T07_24_17.jpg,labels/pyronear_ferion_3_2023_10_18T07_24_17.txt,True,brume,['brume'],[]
images/pyronear_brison_4_2023_08_17T09_58_50.jpg,labels/pyronear_brison_4_2023_08_17T09_58_50.txt,True,grosnuages,['grosnuages'],"['insecte', 'tache']"
images/pyronear_cabanelle_1_2023_10_10T14_40_50.jpg,labels/pyronear_cabanelle_1_2023_10_10T14_40_50.txt,True,grosnuages,"['grosnuages', 'nuagesbas']",[]
images/pyronear_cabanelle_1_2023_10_07T13_54_26.jpg,labels/pyronear_cabanelle_1_2023_10_07T13_54_26.txt,True,nuagesbas,['nuagesbas'],[]
images/pyronear_brison_2_2023_08_27T09_10_05.jpg,labels/pyronear_brison_2_2023_08_27T09_10_05.txt,True,grosnuages,['grosnuages'],['batiment']
images/pyronear_salaunes_1_4_2023_10_04T17_20_17.jpg,labels/pyronear_salaunes_1_4_2023_10_04T17_20_17.txt,True,glare,['glareptjaune'],[]
images/pyronear_cabanelle_1_2023_10_11T06_58_58.jpg,labels/pyronear_cabanelle_1_2023_10_11T06_58_58.txt,True,brume,['brume'],[]
images/pyronear_courmettes_1_2023_11_07T13_54_17.jpg,labels/pyronear_courmettes_1_2023_11_07T13_54_17.txt,True,nuagesbas,['nuagesbas'],[]
images/pyronear_ferion_3_2023_10_19T16_52_24.jpg,labels/pyronear_ferion_3_2023_10_19T16_52_24.txt,True,brume,['brume'],[]
images/pyronear_cabanelle_1_2023_10_11T14_09_26.jpg,labels/pyronear_cabanelle_1_2023_10_11T14_09_26.txt,True,brume,['brume'],[]
images/pyronear_valbonne_3_2023_10_20T11_03_40.jpg,labels/pyronear_valbonne_3_2023_10_20T11_03_40.txt,True,nuagesbas,['nuagesbas'],[]
images/pyronear_courmettes_1_2023_11_07T12_40_15.jpg,labels/pyronear_courmettes_1_2023_11_07T12_40_15.txt,True,nuagesbas,['nuagesbas'],[]
images/pyronear_ferion_1_2023_10_20T15_45_13.jpg,labels/pyronear_ferion_1_2023_10_20T15_45_13.txt,True,arbre,['arbre'],['brume']
images/pyronear_salaunes_1_1_2023_08_09T18_09_29.jpg,labels/pyronear_salaunes_1_1_2023_08_09T18_09_29.txt,True,nuagesbas,['nuagesbas'],[]
images/pyronear_brison_3_2023_09_07T06_50_02.jpg,labels/pyronear_brison_3_2023_09_07T06_50_02.txt,True,montagne,['montagne'],[]
images/pyronear_cabanelle_1_2023_10_13T08_28_32.jpg,labels/pyronear_cabanelle_1_2023_10_13T08_28_32.txt,True,grosnuages,['grosnuages'],[]
images/pyronear_marguerite_1_2023_08_22T15_56_47.jpg,labels/pyronear_marguerite_1_2023_08_22T15_56_47.txt,True,soleil,['soleilrayons'],[]
images/pyronear_brison_2_2023_10_19T09_30_38.jpg,labels/pyronear_brison_2_2023_10_19T09_30_38.txt,True,brume,"['batiment', 'brume']",['brume']
images/pyronear_valbonne_4_2023_11_02T07_57_30.jpg,labels/pyronear_valbonne_4_2023_11_02T07_57_30.txt,True,nuagesbas,['nuagesbas'],[]
images/pyronear_valbonne_4_2023_10_02T05_50_57.jpg,labels/pyronear_valbonne_4_2023_10_02T05_50_57.txt,True,soleil,['soleil'],['batiment']
images/pyronear_valbonne_4_2023_10_01T05_46_47.jpg,labels/pyronear_valbonne_4_2023_10_01T05_46_47.txt,True,soleil,['soleil'],['batiment']
images/pyronear_courmettes_1_2023_09_26T04_50_44.jpg,labels/pyronear_courmettes_1_2023_09_26T04_50_44.txt,True,soleil,"['refletslac', 'soleil']",['soleilcouchant']
images/pyronear_courmettes_2_2023_10_20T10_20_38.jpg,labels/pyronear_courmettes_2_2023_10_20T10_20_38.txt,True,grosnuages,['grosnuages'],['brume']
images/pyronear_courmettes_2_2023_10_10T06_29_19.jpg,labels/pyronear_courmettes_2_2023_10_10T06_29_19.txt,True,grosnuages,['grosnuages'],"['brume', 'soleil']"
images/pyronear_marguerite_3_2023_09_18T07_34_54.jpg,labels/pyronear_marguerite_3_2023_09_18T07_34_54.txt,True,arbre,['arbre'],['brume']
images/pyronear_brison_3_2023_06_08T06_24_15.jpg,labels/pyronear_brison_3_2023_06_08T06_24_15.txt,True,grosnuages,['grosnuages'],[]
images/pyronear_cabanelle_2_2023_10_02T05_57_33.jpg,labels/pyronear_cabanelle_2_2023_10_02T05_57_33.txt,True,soleil,"['glare', 'refletslac', 'soleil', 'tacherouge']",[]
images/pyronear_courmettes_1_2023_11_07T13_45_46.jpg,labels/pyronear_courmettes_1_2023_11_07T13_45_46.txt,True,nuagesbas,['nuagesbas'],[]
images/pyronear_cabanelle_1_2023_10_11T14_33_27.jpg,labels/pyronear_cabanelle_1_2023_10_11T14_33_27.txt,True,brume,['brume'],[]
images/pyronear_st_peray_1_2023_07_21T08_46_00.jpg,labels/pyronear_st_peray_1_2023_07_21T08_46_00.txt,True,grosnuages,['grosnuages'],[]
images/pyronear_brison_4_2023_08_17T10_03_23.jpg,labels/pyronear_brison_4_2023_08_17T10_03_23.txt,True,grosnuages,['grosnuages'],"['insecte', 'tache']"
images/pyronear_brison_2_2023_06_09T14_25_44.jpg,labels/pyronear_brison_2_2023_06_09T14_25_44.txt,True,nuagesbas,['nuagesbas'],['batiment']
images/pyronear_brison_4_2023_06_28T19_11_05.jpg,labels/pyronear_brison_4_2023_06_28T19_11_05.txt,True,soleil,['soleil'],[]
images/pyronear_courmettes_4_2023_11_02T09_28_37.jpg,labels/pyronear_courmettes_4_2023_11_02T09_28_37.txt,True,arbre,['arbre'],['brume']
images/pyronear_brison_1_2023_06_12T13_18_09.jpg,labels/pyronear_brison_1_2023_06_12T13_18_09.txt,True,nuagesbas,['nuagesbas'],[]
images/pyronear_brison_4_2023_08_17T09_58_44.jpg,labels/pyronear_brison_4_2023_08_17T09_58_44.txt,True,grosnuages,['grosnuages'],"['insecte', 'tache']"
images/pyronear_marguerite_1_2023_09_09T16_11_15.jpg,labels/pyronear_marguerite_1_2023_09_09T16_11_15.txt,True,glare,['glare'],[]
images/pyronear_brison_2_2023_10_30T07_42_24.jpg,labels/pyronear_brison_2_2023_10_30T07_42_24.txt,True,brume,"['batiment', 'brume']",['brume']
images/pyronear_valbonne_2_2023_11_06T15_40_15.jpg,labels/pyronear_valbonne_2_2023_11_06T15_40_15.txt,True,nuagesbas,['nuagesbas'],[]
images/pyronear_valbonne_2_2023_11_06T15_51_16.jpg,labels/pyronear_valbonne_2_2023_11_06T15_51_16.txt,True,nuagesbas,['nuagesbas'],[]
images/pyronear_brison_4_2023_07_30T05_59_35.jpg,labels/pyronear_brison_4_2023_07_30T05_59_35.txt,True,nuagesbas,['nuagesbas'],[]
images/pyronear_brison_4_2023_08_17T07_34_01.jpg,labels/pyronear_brison_4_2023_08_17T07_34_01.txt,True,grosnuages,['grosnuages'],"['insecte', 'tache']"
images/pyronear_valbonne_2_2023_11_07T06_30_31.jpg,labels/pyronear_valbonne_2_2023_11_07T06_30_31.txt,True,nuagesbas,['nuagesbas'],[]
images/pyronear_ferion_3_2023_10_19T16_52_53.jpg,labels/pyronear_ferion_3_2023_10_19T16_52_53.txt,True,brume,['brume'],[]
images/pyronear_courmettes_2_2023_10_20T09_49_06.jpg,labels/pyronear_courmettes_2_2023_10_20T09_49_06.txt,True,grosnuages,['grosnuages'],['brume']
images/pyronear_salaunes_1_4_2023_09_29T17_24_55.jpg,labels/pyronear_salaunes_1_4_2023_09_29T17_24_55.txt,True,glare,['glareptjaune'],[]
images/pyronear_marguerite_4_2023_06_09T13_15_44.jpg,labels/pyronear_marguerite_4_2023_06_09T13_15_44.txt,True,tache,"['batiment', 'tache']","['brume', 'pluie']"
images/pyronear_valbonne_4_2023_10_28T15_49_38.jpg,labels/pyronear_valbonne_4_2023_10_28T15_49_38.txt,True,nuagesbas,['nuagesbas'],[]
images/pyronear_marguerite_2_2023_10_27T17_01_22.jpg,labels/pyronear_marguerite_2_2023_10_27T17_01_22.txt,True,nuagesbas,['nuagesbas'],['soleilcouchant']
images/pyronear_st_peray_1_2023_07_21T08_27_59.jpg,labels/pyronear_st_peray_1_2023_07_21T08_27_59.txt,True,grosnuages,['grosnuages'],[]
images/pyronear_cabanelle_1_2023_10_10T16_03_25.jpg,labels/pyronear_cabanelle_1_2023_10_10T16_03_25.txt,True,brume,['brume'],[]
images/pyronear_courmettes_1_2023_09_27T06_21_04.jpg,labels/pyronear_courmettes_1_2023_09_27T06_21_04.txt,True,soleil,"['glare', 'refletslac', 'soleil', 'tacherouge']",[]
images/pyronear_brison_4_2023_08_17T10_19_51.jpg,labels/pyronear_brison_4_2023_08_17T10_19_51.txt,True,grosnuages,['grosnuages'],"['insecte', 'tache']"
images/pyronear_marguerite_3_2023_09_18T07_00_53.jpg,labels/pyronear_marguerite_3_2023_09_18T07_00_53.txt,True,arbre,['arbre'],['brume']
images/pyronear_salaunes_2_4_2023_08_19T05_18_32.jpg,labels/pyronear_salaunes_2_4_2023_08_19T05_18_32.txt,True,tuyau,['tuyau'],[]
images/pyronear_marguerite_1_2023_09_18T11_16_11.jpg,labels/pyronear_marguerite_1_2023_09_18T11_16_11.txt,True,nuagesbas,['nuagesbas'],[]
images/pyronear_marguerite_1_2023_08_09T18_48_49.jpg,labels/pyronear_marguerite_1_2023_08_09T18_48_49.txt,True,soleil,['soleil'],[]
images/pyronear_marguerite_1_2023_09_14T16_17_06.jpg,labels/pyronear_marguerite_1_2023_09_14T16_17_06.txt,True,glare,['glaresoleilrayons'],[]
images/pyronear_ferion_2_2023_10_24T16_31_01.jpg,labels/pyronear_ferion_2_2023_10_24T16_31_01.txt,True,grosnuages,['grosnuages'],[]
images/pyronear_ferion_2_2023_11_07T07_03_05.jpg,labels/pyronear_ferion_2_2023_11_07T07_03_05.txt,True,glare,"['glare', 'tache']",[]
images/pyronear_brison_4_2023_08_17T08_02_47.jpg,labels/pyronear_brison_4_2023_08_17T08_02_47.txt,True,grosnuages,['grosnuages'],"['insecte', 'tache']"
images/pyronear_valbonne_3_2023_10_13T17_13_54.jpg,labels/pyronear_valbonne_3_2023_10_13T17_13_54.txt,True,batiment,['batimentloin'],['soleilcouchant']
images/pyronear_ferion_3_2023_10_19T16_55_23.jpg,labels/pyronear_ferion_3_2023_10_19T16_55_23.txt,True,brume,['brume'],[]
images/pyronear_brison_1_2023_07_11T04_12_12.jpg,labels/pyronear_brison_1_2023_07_11T04_12_12.txt,True,soleil,['soleil'],[]
images/pyronear_courmettes_1_2023_11_04T06_26_02.jpg,labels/pyronear_courmettes_1_2023_11_04T06_26_02.txt,True,glare,['glaresoleilptrouge'],['soleilcouchant']
images/pyronear_ferion_3_2023_10_20T13_54_48.jpg,labels/pyronear_ferion_3_2023_10_20T13_54_48.txt,True,brume,['brume'],[]
images/pyronear_brison_3_2023_06_14T08_27_43.jpg,labels/pyronear_brison_3_2023_06_14T08_27_43.txt,True,grosnuages,['grosnuages'],['brume']
images/pyronear_brison_2_2023_09_27T05_49_45.jpg,labels/pyronear_brison_2_2023_09_27T05_49_45.txt,True,glare,['glare'],[]
images/pyronear_marguerite_1_2023_06_14T03_34_37.jpg,labels/pyronear_marguerite_1_2023_06_14T03_34_37.txt,True,nuagesbas,['nuagesbas'],['nuit']
images/pyronear_courmettes_1_2023_11_07T13_52_45.jpg,labels/pyronear_courmettes_1_2023_11_07T13_52_45.txt,True,nuagesbas,['nuagesbas'],[]
images/pyronear_brison_2_2023_07_10T05_13_18.jpg,labels/pyronear_brison_2_2023_07_10T05_13_18.txt,True,glare,['glare'],[]
images/pyronear_valbonne_4_2023_10_29T10_03_21.jpg,labels/pyronear_valbonne_4_2023_10_29T10_03_21.txt,True,nuagesbas,['nuagesbas'],[]
images/pyronear_marguerite_3_2023_09_18T07_45_25.jpg,labels/pyronear_marguerite_3_2023_09_18T07_45_25.txt,True,arbre,['arbre'],['brume']
images/pyronear_cabanelle_1_2023_10_10T14_43_20.jpg,labels/pyronear_cabanelle_1_2023_10_10T14_43_20.txt,True,grosnuages,"['grosnuages', 'nuagesbas']",[]
images/pyronear_cabanelle_1_2023_10_07T13_54_28.jpg,labels/pyronear_cabanelle_1_2023_10_07T13_54_28.txt,True,nuagesbas,['nuagesbas'],[]
images/pyronear_valbonne_3_2023_09_29T17_44_27.jpg,labels/pyronear_valbonne_3_2023_09_29T17_44_27.txt,True,batiment,['batimentloin'],['soleilcouchant']
images/pyronear_brison_4_2023_08_17T09_48_22.jpg,labels/pyronear_brison_4_2023_08_17T09_48_22.txt,True,grosnuages,['grosnuages'],"['insecte', 'tache']"
images/pyronear_valbonne_4_2023_11_02T07_57_01.jpg,labels/pyronear_valbonne_4_2023_11_02T07_57_01.txt,True,nuagesbas,['nuagesbas'],[]
images/pyronear_valbonne_2_2023_11_07T14_30_51.jpg,labels/pyronear_valbonne_2_2023_11_07T14_30_51.txt,True,nuagesbas,['nuagesbas'],[]
images/pyronear_ferion_3_2023_10_20T13_21_49.jpg,labels/pyronear_ferion_3_2023_10_20T13_21_49.txt,True,brume,['brume'],[]
images/pyronear_marguerite_1_2023_07_30T16_29_01.jpg,labels/pyronear_marguerite_1_2023_07_30T16_29_01.txt,True,soleil,['soleilrayons'],[]
images/pyronear_salaunes_1_4_2023_10_04T17_22_47.jpg,labels/pyronear_salaunes_1_4_2023_10_04T17_22_47.txt,True,glare,['glareptjaune'],[]
images/pyronear_ferion_2_2023_10_24T16_28_32.jpg,labels/pyronear_ferion_2_2023_10_24T16_28_32.txt,True,grosnuages,['grosnuages'],[]
images/pyronear_valbonne_2_2023_11_05T16_11_08.jpg,labels/pyronear_valbonne_2_2023_11_05T16_11_08.txt,True,nuagesbas,['nuagesbas'],[]
images/pyronear_valbonne_4_2023_10_29T06_03_37.jpg,labels/pyronear_valbonne_4_2023_10_29T06_03_37.txt,True,nuagesbas,['nuagesbas'],[]
images/pyronear_courmettes_1_2023_09_27T05_31_32.jpg,labels/pyronear_courmettes_1_2023_09_27T05_31_32.txt,True,soleil,['soleil'],[]
images/pyronear_salaunes_2_4_2023_08_19T05_02_55.jpg,labels/pyronear_salaunes_2_4_2023_08_19T05_02_55.txt,True,tuyau,['tuyau'],[]
images/pyronear_valbonne_4_2023_11_04T13_41_12.jpg,labels/pyronear_valbonne_4_2023_11_04T13_41_12.txt,True,nuagesbas,['nuagesbas'],[]
images/pyronear_cabanelle_1_2023_10_10T07_53_40.jpg,labels/pyronear_cabanelle_1_2023_10_10T07_53_40.txt,True,grosnuages,"['grosnuages', 'nuagesbas']",[]
images/pyronear_valbonne_2_2023_11_06T15_06_44.jpg,labels/pyronear_valbonne_2_2023_11_06T15_06_44.txt,True,nuagesbas,['nuagesbas'],[]
images/pyronear_brison_2_2023_06_09T14_28_45.jpg,labels/pyronear_brison_2_2023_06_09T14_28_45.txt,True,nuagesbas,['nuagesbas'],['batiment']
images/pyronear_salaunes_1_2_2023_09_30T11_25_12.jpg,labels/pyronear_salaunes_1_2_2023_09_30T11_25_12.txt,True,glare,['glare'],[]
images/pyronear_brison_1_2023_09_13T06_41_44.jpg,labels/pyronear_brison_1_2023_09_13T06_41_44.txt,True,nuagesbas,['nuagesbas'],[]
images/pyronear_valbonne_2_2023_11_05T16_12_07.jpg,labels/pyronear_valbonne_2_2023_11_05T16_12_07.txt,True,nuagesbas,['nuagesbas'],[]
images/pyronear_marguerite_1_2023_06_14T03_32_08.jpg,labels/pyronear_marguerite_1_2023_06_14T03_32_08.txt,True,nuagesbas,['nuagesbas'],['nuit']
images/pyronear_brison_2_2023_06_09T14_28_15.jpg,labels/pyronear_brison_2_2023_06_09T14_28_15.txt,True,nuagesbas,['nuagesbas'],['batiment']
images/pyronear_brison_1_2023_08_19T04_53_58.jpg,labels/pyronear_brison_1_2023_08_19T04_53_58.txt,True,soleil,['soleil'],[]
images/pyronear_valbonne_2_2023_11_07T14_44_19.jpg,labels/pyronear_valbonne_2_2023_11_07T14_44_19.txt,True,nuagesbas,['nuagesbas'],[]
images/pyronear_marguerite_1_2023_08_11T15_39_13.jpg,labels/pyronear_marguerite_1_2023_08_11T15_39_13.txt,True,soleil,['soleilrayons'],[]
images/pyronear_valbonne_4_2023_10_18T08_22_37.jpg,labels/pyronear_valbonne_4_2023_10_18T08_22_37.txt,True,nuagesbas,['nuagesbas'],[]
images/pyronear_cabanelle_1_2023_10_10T09_03_40.jpg,labels/pyronear_cabanelle_1_2023_10_10T09_03_40.txt,True,grosnuages,"['grosnuages', 'nuagesbas']",[]
images/pyronear_valbonne_4_2023_10_02T06_02_56.jpg,labels/pyronear_valbonne_4_2023_10_02T06_02_56.txt,True,soleil,['soleil'],['batiment']
images/pyronear_salaunes_2_4_2023_08_17T04_49_10.jpg,labels/pyronear_salaunes_2_4_2023_08_17T04_49_10.txt,True,tuyau,['tuyau'],['tache']
images/pyronear_marguerite_4_2023_09_16T08_20_57.jpg,labels/pyronear_marguerite_4_2023_09_16T08_20_57.txt,True,tache,"['batiment', 'tache']","['brume', 'pluie']"
images/pyronear_marguerite_3_2023_09_18T08_15_26.jpg,labels/pyronear_marguerite_3_2023_09_18T08_15_26.txt,True,arbre,['arbre'],['brume']
images/pyronear_brison_1_2023_07_11T04_15_12.jpg,labels/pyronear_brison_1_2023_07_11T04_15_12.txt,True,soleil,['soleil'],[]
images/pyronear_valbonne_4_2023_10_02T06_03_56.jpg,labels/pyronear_valbonne_4_2023_10_02T06_03_56.txt,True,soleil,['soleil'],['batiment']
images/pyronear_marguerite_4_2023_10_17T14_50_22.jpg,labels/pyronear_marguerite_4_2023_10_17T14_50_22.txt,True,batiment,['batiment'],"['brume', 'pluie']"
images/pyronear_cabanelle_2_2023_09_30T06_06_11.jpg,labels/pyronear_cabanelle_2_2023_09_30T06_06_11.txt,True,soleil,"['glare', 'refletslac', 'soleil', 'tacherouge']",[]
images/pyronear_valbonne_4_2023_10_18T08_21_07.jpg,labels/pyronear_valbonne_4_2023_10_18T08_21_07.txt,True,nuagesbas,['nuagesbas'],[]
images/pyronear_brison_4_2023_10_28T08_58_10.jpg,labels/pyronear_brison_4_2023_10_28T08_58_10.txt,True,nuagesbas,['nuagesbas'],[]
images/pyronear_brison_4_2023_08_17T10_25_52.jpg,labels/pyronear_brison_4_2023_08_17T10_25_52.txt,True,grosnuages,['grosnuages'],"['insecte', 'tache']"
images/pyronear_marguerite_3_2023_09_18T05_17_49.jpg,labels/pyronear_marguerite_3_2023_09_18T05_17_49.txt,True,arbre,['arbre'],['brume']
images/pyronear_brison_2_2023_10_19T09_52_40.jpg,labels/pyronear_brison_2_2023_10_19T09_52_40.txt,True,brume,"['batiment', 'brume']",['brume']
images/pyronear_brison_4_2023_08_17T10_23_21.jpg,labels/pyronear_brison_4_2023_08_17T10_23_21.txt,True,grosnuages,['grosnuages'],"['insecte', 'tache']"
images/pyronear_ferion_2_2023_10_24T16_26_01.jpg,labels/pyronear_ferion_2_2023_10_24T16_26_01.txt,True,grosnuages,['grosnuages'],[]
images/pyronear_valbonne_3_2023_10_20T16_48_51.jpg,labels/pyronear_valbonne_3_2023_10_20T16_48_51.txt,True,nuagesbas,['nuagesbas'],[]
images/pyronear_valbonne_2_2023_11_05T15_22_07.jpg,labels/pyronear_valbonne_2_2023_11_05T15_22_07.txt,True,nuagesbas,['nuagesbas'],[]
images/pyronear_brison_3_2023_09_30T15_45_21.jpg,labels/pyronear_brison_3_2023_09_30T15_45_21.txt,True,montagne,['montagne'],[]
images/pyronear_courmettes_2_2023_10_28T06_42_13.jpg,labels/pyronear_courmettes_2_2023_10_28T06_42_13.txt,True,glare,['glare'],[]
images/pyronear_marguerite_2_2023_06_27T19_15_13.jpg,labels/pyronear_marguerite_2_2023_06_27T19_15_13.txt,True,soleil,['soleil'],[]
images/pyronear_marguerite_1_2023_09_14T05_40_43.jpg,labels/pyronear_marguerite_1_2023_09_14T05_40_43.txt,True,grosnuages,['grosnuages'],[]
images/pyronear_salaunes_2_1_2023_08_27T09_52_07.jpg,labels/pyronear_salaunes_2_1_2023_08_27T09_52_07.txt,True,grosnuages,['grosnuages'],[]
images/pyronear_brison_2_2023_09_21T12_55_57.jpg,labels/pyronear_brison_2_2023_09_21T12_55_57.txt,True,brume,"['batiment', 'brume']",['brume']
images/pyronear_brison_2_2023_10_30T13_49_31.jpg,labels/pyronear_brison_2_2023_10_30T13_49_31.txt,True,brume,"['batiment', 'brume']",['brume']
images/pyronear_brison_4_2023_08_17T08_35_10.jpg,labels/pyronear_brison_4_2023_08_17T08_35_10.txt,True,grosnuages,['grosnuages'],"['insecte', 'tache']"
images/pyronear_brison_4_2023_08_17T10_10_21.jpg,labels/pyronear_brison_4_2023_08_17T10_10_21.txt,True,grosnuages,['grosnuages'],"['insecte', 'tache']"
images/pyronear_marguerite_1_2023_09_14T05_35_13.jpg,labels/pyronear_marguerite_1_2023_09_14T05_35_13.txt,True,grosnuages,['grosnuages'],[]
images/pyronear_cabanelle_2_2023_09_28T05_17_53.jpg,labels/pyronear_cabanelle_2_2023_09_28T05_17_53.txt,True,glare,['glare'],[]
images/pyronear_salaunes_2_1_2023_10_21T06_49_15.jpg,labels/pyronear_salaunes_2_1_2023_10_21T06_49_15.txt,True,grosnuages,['grosnuagesrefletssoleil'],[]
images/pyronear_brison_4_2023_08_17T07_52_16.jpg,labels/pyronear_brison_4_2023_08_17T07_52_16.txt,True,grosnuages,['grosnuages'],"['insecte', 'tache']"
images/pyronear_brison_4_2023_08_17T07_51_48.jpg,labels/pyronear_brison_4_2023_08_17T07_51_48.txt,True,grosnuages,['grosnuages'],"['insecte', 'tache']"
images/pyronear_courmettes_4_2023_10_20T16_04_54.jpg,labels/pyronear_courmettes_4_2023_10_20T16_04_54.txt,True,grosnuages,['grosnuages'],"['antenne', 'soleilcontrejour']"
images/pyronear_cabanelle_1_2023_10_02T05_03_32.jpg,labels/pyronear_cabanelle_1_2023_10_02T05_03_32.txt,True,soleil,['soleil'],[]
images/pyronear_valbonne_4_2023_10_29T07_08_17.jpg,labels/pyronear_valbonne_4_2023_10_29T07_08_17.txt,True,nuagesbas,['nuagesbas'],[]
images/pyronear_brison_4_2023_08_17T09_58_20.jpg,labels/pyronear_brison_4_2023_08_17T09_58_20.txt,True,grosnuages,['grosnuages'],"['insecte', 'tache']"
images/pyronear_marguerite_4_2023_10_29T13_22_17.jpg,labels/pyronear_marguerite_4_2023_10_29T13_22_17.txt,True,batiment,['batiment'],"['brume', 'pluie']"
images/pyronear_st_peray_1_2023_07_21T08_27_29.jpg,labels/pyronear_st_peray_1_2023_07_21T08_27_29.txt,True,grosnuages,['grosnuages'],[]
images/pyronear_brison_1_2023_07_10T04_11_42.jpg,labels/pyronear_brison_1_2023_07_10T04_11_42.txt,True,soleil,['soleil'],[]
images/pyronear_courmettes_4_2023_11_02T11_02_11.jpg,labels/pyronear_courmettes_4_2023_11_02T11_02_11.txt,True,arbre,['arbre'],['brume']
images/pyronear_salaunes_2_2_2023_10_31T08_13_16.jpg,labels/pyronear_salaunes_2_2_2023_10_31T08_13_16.txt,True,grosnuages,['grosnuagesrefletssoleil'],[]
images/pyronear_salaunes_1_2_2023_08_05T05_29_54.jpg,labels/pyronear_salaunes_1_2_2023_08_05T05_29_54.txt,True,grosnuages,['grosnuages'],[]
images/pyronear_marguerite_1_2023_06_27T03_36_05.jpg,labels/pyronear_marguerite_1_2023_06_27T03_36_05.txt,True,nuagesbas,['nuagesbas'],['nuit']
images/pyronear_courmettes_4_2023_09_28T10_11_32.jpg,labels/pyronear_courmettes_4_2023_09_28T10_11_32.txt,True,nuagesbas,['nuagesbas'],[]
images/pyronear_courmettes_4_2023_10_20T16_03_54.jpg,labels/pyronear_courmettes_4_2023_10_20T16_03_54.txt,True,grosnuages,['grosnuages'],"['antenne', 'soleilcontrejour']"
images/pyronear_ferion_2_2023_10_28T15_03_04.jpg,labels/pyronear_ferion_2_2023_10_28T15_03_04.txt,True,grosnuages,['grosnuages'],[]
images/pyronear_cabanelle_1_2023_10_11T14_30_57.jpg,labels/pyronear_cabanelle_1_2023_10_11T14_30_57.txt,True,brume,['brume'],[]
images/pyronear_brison_2_2023_10_30T13_47_11.jpg,labels/pyronear_brison_2_2023_10_30T13_47_11.txt,True,brume,"['batiment', 'brume']",['brume']
images/pyronear_ferion_3_2023_10_20T13_54_34.jpg,labels/pyronear_ferion_3_2023_10_20T13_54_34.txt,True,brume,['brume'],[]
images/pyronear_cabanelle_1_2023_10_13T06_03_27.jpg,labels/pyronear_cabanelle_1_2023_10_13T06_03_27.txt,True,grosnuages,['grosnuages'],['brume']
images/pyronear_salaunes_2_4_2023_08_17T04_45_02.jpg,labels/pyronear_salaunes_2_4_2023_08_17T04_45_02.txt,True,tuyau,['tuyau'],['tache']
images/pyronear_salaunes_1_4_2023_10_04T17_15_17.jpg,labels/pyronear_salaunes_1_4_2023_10_04T17_15_17.txt,True,glare,['glareptjaune'],[]
images/pyronear_brison_2_2023_10_05T05_43_00.jpg,labels/pyronear_brison_2_2023_10_05T05_43_00.txt,True,soleil,"['nuagesbas', 'soleil']",['batiment']
images/pyronear_brison_1_2023_06_13T06_00_34.jpg,labels/pyronear_brison_1_2023_06_13T06_00_34.txt,True,grosnuages,['grosnuages'],[]
images/pyronear_marguerite_3_2023_09_18T08_00_55.jpg,labels/pyronear_marguerite_3_2023_09_18T08_00_55.txt,True,arbre,['arbre'],['brume']
images/pyronear_courmettes_1_2023_09_27T06_08_07.jpg,labels/pyronear_courmettes_1_2023_09_27T06_08_07.txt,True,glare,['glaretache'],[]
images/pyronear_marguerite_3_2023_09_18T07_47_24.jpg,labels/pyronear_marguerite_3_2023_09_18T07_47_24.txt,True,arbre,['arbre'],['brume']
images/pyronear_cabanelle_1_2023_10_11T14_01_56.jpg,labels/pyronear_cabanelle_1_2023_10_11T14_01_56.txt,True,brume,['brume'],[]
images/pyronear_valbonne_2_2023_11_06T15_07_44.jpg,labels/pyronear_valbonne_2_2023_11_06T15_07_44.txt,True,nuagesbas,['nuagesbas'],[]
images/pyronear_brison_3_2023_06_14T08_25_50.jpg,labels/pyronear_brison_3_2023_06_14T08_25_50.txt,True,grosnuages,['grosnuages'],['brume']
images/pyronear_marguerite_2_2023_08_15T18_40_49.jpg,labels/pyronear_marguerite_2_2023_08_15T18_40_49.txt,True,nuagesbas,['nuagesbas'],['soleilcouchant']
images/pyronear_marguerite_1_2023_08_22T16_42_51.jpg,labels/pyronear_marguerite_1_2023_08_22T16_42_51.txt,True,soleil,['soleilrayons'],[]
images/pyronear_brison_4_2023_08_17T07_31_42.jpg,labels/pyronear_brison_4_2023_08_17T07_31_42.txt,True,grosnuages,['grosnuages'],"['insecte', 'tache']"
images/pyronear_brison_1_2023_09_13T06_24_13.jpg,labels/pyronear_brison_1_2023_09_13T06_24_13.txt,True,nuagesbas,['nuagesbas'],[]
images/pyronear_courmettes_1_2023_09_27T05_51_03.jpg,labels/pyronear_courmettes_1_2023_09_27T05_51_03.txt,True,glare,['glareptjaune'],[]
images/pyronear_courmettes_2_2023_10_27T06_52_16.jpg,labels/pyronear_courmettes_2_2023_10_27T06_52_16.txt,True,glare,['glare'],[]
images/pyronear_cabanelle_1_2023_10_11T11_42_21.jpg,labels/pyronear_cabanelle_1_2023_10_11T11_42_21.txt,True,brume,['brume'],[]
images/pyronear_salaunes_2_4_2023_08_19T05_29_32.jpg,labels/pyronear_salaunes_2_4_2023_08_19T05_29_32.txt,True,tuyau,['tuyau'],[]
images/pyronear_courmettes_2_2023_10_24T14_44_20.jpg,labels/pyronear_courmettes_2_2023_10_24T14_44_20.txt,True,grosnuages,['grosnuages'],[]
images/pyronear_courmettes_4_2023_11_02T09_55_38.jpg,labels/pyronear_courmettes_4_2023_11_02T09_55_38.txt,True,arbre,['arbre'],['brume']
images/pyronear_brison_4_2023_11_01T13_05_46.jpg,labels/pyronear_brison_4_2023_11_01T13_05_46.txt,True,nuagesbas,['nuagesbas'],[]
images/pyronear_cabanelle_1_2023_10_10T15_30_52.jpg,labels/pyronear_cabanelle_1_2023_10_10T15_30_52.txt,True,grosnuages,"['grosnuages', 'nuagesbas']",[]
images/pyronear_marguerite_1_2023_09_14T05_53_44.jpg,labels/pyronear_marguerite_1_2023_09_14T05_53_44.txt,True,grosnuages,['grosnuages'],[]
images/pyronear_courmettes_1_2023_09_29T06_05_44.jpg,labels/pyronear_courmettes_1_2023_09_29T06_05_44.txt,True,glare,"['glaretacherouge', 'soleilrefletslac']",[]
images/pyronear_ferion_4_2023_11_06T16_04_09.jpg,labels/pyronear_ferion_4_2023_11_06T16_04_09.txt,True,nuagesbas,['nuagesbas'],['soleilcouchant']
images/pyronear_courmettes_2_2023_10_06T07_06_11.jpg,labels/pyronear_courmettes_2_2023_10_06T07_06_11.txt,True,soleil,['soleil'],[]
images/pyronear_brison_3_2023_09_21T10_38_06.jpg,labels/pyronear_brison_3_2023_09_21T10_38_06.txt,True,grosnuages,['grosnuages'],['brume']
images/pyronear_marguerite_1_2023_09_05T17_59_25.jpg,labels/pyronear_marguerite_1_2023_09_05T17_59_25.txt,True,soleil,['soleil'],[]
images/pyronear_marguerite_1_2023_09_14T05_31_13.jpg,labels/pyronear_marguerite_1_2023_09_14T05_31_13.txt,True,grosnuages,['grosnuages'],[]
images/pyronear_cabanelle_2_2023_10_04T06_33_31.jpg,labels/pyronear_cabanelle_2_2023_10_04T06_33_31.txt,True,soleil,"['refletslac', 'soleil']",[]
images/pyronear_salaunes_1_1_2023_11_03T15_30_05.jpg,labels/pyronear_salaunes_1_1_2023_11_03T15_30_05.txt,True,grosnuages,['grosnuages'],[]
images/pyronear_courmettes_2_2023_11_04T06_52_06.jpg,labels/pyronear_courmettes_2_2023_11_04T06_52_06.txt,True,glare,['glare'],[]
images/pyronear_valbonne_2_2023_11_05T14_57_05.jpg,labels/pyronear_valbonne_2_2023_11_05T14_57_05.txt,True,nuagesbas,['nuagesbas'],[]
images/pyronear_courmettes_2_2023_11_04T06_48_04.jpg,labels/pyronear_courmettes_2_2023_11_04T06_48_04.txt,True,glare,['glare'],[]
images/pyronear_cabanelle_1_2023_10_13T09_40_04.jpg,labels/pyronear_cabanelle_1_2023_10_13T09_40_04.txt,True,grosnuages,['grosnuages'],[]
images/pyronear_courmettes_1_2023_11_03T06_21_20.jpg,labels/pyronear_courmettes_1_2023_11_03T06_21_20.txt,True,glare,['glaresoleilptrouge'],['soleilcouchant']
images/pyronear_ferion_2_2023_10_17T11_50_32.jpg,labels/pyronear_ferion_2_2023_10_17T11_50_32.txt,True,nuagesbas,['nuagesbas'],['brume']
images/pyronear_courmettes_1_2023_09_26T06_07_17.jpg,labels/pyronear_courmettes_1_2023_09_26T06_07_17.txt,True,glare,['glaretache'],[]
images/pyronear_ferion_3_2023_10_19T16_54_53.jpg,labels/pyronear_ferion_3_2023_10_19T16_54_53.txt,True,brume,['brume'],[]
images/pyronear_st_peray_1_2023_07_21T08_38_59.jpg,labels/pyronear_st_peray_1_2023_07_21T08_38_59.txt,True,grosnuages,['grosnuages'],[]
images/pyronear_brison_2_2023_09_21T08_45_26.jpg,labels/pyronear_brison_2_2023_09_21T08_45_26.txt,True,brume,"['batiment', 'brume']",['brume']
images/pyronear_cabanelle_1_2023_10_13T09_03_03.jpg,labels/pyronear_cabanelle_1_2023_10_13T09_03_03.txt,True,grosnuages,['grosnuages'],[]
images/pyronear_salaunes_1_4_2023_10_04T17_23_16.jpg,labels/pyronear_salaunes_1_4_2023_10_04T17_23_16.txt,True,glare,['glareptjaune'],[]
images/pyronear_marguerite_3_2023_09_18T08_51_56.jpg,labels/pyronear_marguerite_3_2023_09_18T08_51_56.txt,True,arbre,['arbre'],['brume']
images/pyronear_ferion_3_2023_10_19T15_33_20.jpg,labels/pyronear_ferion_3_2023_10_19T15_33_20.txt,True,brume,['brume'],[]
images/pyronear_brison_2_2023_10_19T08_18_35.jpg,labels/pyronear_brison_2_2023_10_19T08_18_35.txt,True,brume,"['batiment', 'brume']",['brume']
images/pyronear_marguerite_3_2023_09_18T09_29_09.jpg,labels/pyronear_marguerite_3_2023_09_18T09_29_09.txt,True,arbre,['arbre'],['brume']
images/pyronear_valbonne_3_2023_10_21T16_18_47.jpg,labels/pyronear_valbonne_3_2023_10_21T16_18_47.txt,True,glare,['glare'],[]
images/pyronear_valbonne_4_2023_10_02T05_45_26.jpg,labels/pyronear_valbonne_4_2023_10_02T05_45_26.txt,True,soleil,"['glare', 'soleil']",['batiment']
images/pyronear_brison_2_2023_09_21T12_54_47.jpg,labels/pyronear_brison_2_2023_09_21T12_54_47.txt,True,brume,"['batiment', 'brume']",['brume']
images/pyronear_cabanelle_1_2023_10_13T09_18_33.jpg,labels/pyronear_cabanelle_1_2023_10_13T09_18_33.txt,True,grosnuages,['grosnuages'],[]
images/pyronear_marguerite_1_2023_09_13T16_56_12.jpg,labels/pyronear_marguerite_1_2023_09_13T16_56_12.txt,True,soleil,['soleilrayons'],[]
images/pyronear_marguerite_1_2023_09_18T16_03_35.jpg,labels/pyronear_marguerite_1_2023_09_18T16_03_35.txt,True,glare,['glare'],[]
images/pyronear_valbonne_4_2023_10_28T13_08_59.jpg,labels/pyronear_valbonne_4_2023_10_28T13_08_59.txt,True,grosnuages,['grosnuages'],[]
images/pyronear_brison_3_2023_09_30T15_43_52.jpg,labels/pyronear_brison_3_2023_09_30T15_43_52.txt,True,montagne,['montagne'],[]
images/pyronear_salaunes_1_4_2023_09_29T17_19_56.jpg,labels/pyronear_salaunes_1_4_2023_09_29T17_19_56.txt,True,glare,['glareptjaune'],[]
images/pyronear_cabanelle_1_2023_10_10T12_01_17.jpg,labels/pyronear_cabanelle_1_2023_10_10T12_01_17.txt,True,grosnuages,"['grosnuages', 'nuagesbas']",[]
images/pyronear_valbonne_2_2023_11_06T16_01_46.jpg,labels/pyronear_valbonne_2_2023_11_06T16_01_46.txt,True,nuagesbas,['nuagesbas'],[]
images/pyronear_salaunes_1_2_2023_09_30T11_29_04.jpg,labels/pyronear_salaunes_1_2_2023_09_30T11_29_04.txt,True,glare,['glare'],[]
images/pyronear_brison_3_2023_10_01T15_34_55.jpg,labels/pyronear_brison_3_2023_10_01T15_34_55.txt,True,montagne,['montagne'],[]
images/pyronear_brison_1_2023_07_24T16_52_07.jpg,labels/pyronear_brison_1_2023_07_24T16_52_07.txt,True,tache,['tachenoire'],[]
images/pyronear_st_peray_1_2023_07_21T08_26_29.jpg,labels/pyronear_st_peray_1_2023_07_21T08_26_29.txt,True,grosnuages,['grosnuages'],[]
images/pyronear_brison_2_2023_10_19T08_02_13.jpg,labels/pyronear_brison_2_2023_10_19T08_02_13.txt,True,brume,"['batiment', 'brume']",['brume']
images/pyronear_salaunes_1_4_2023_10_04T17_17_17.jpg,labels/pyronear_salaunes_1_4_2023_10_04T17_17_17.txt,True,glare,['glareptjaune'],[]
images/pyronear_ferion_2_2023_10_24T16_28_03.jpg,labels/pyronear_ferion_2_2023_10_24T16_28_03.txt,True,grosnuages,['grosnuages'],[]
images/pyronear_ferion_3_2023_10_20T13_59_19.jpg,labels/pyronear_ferion_3_2023_10_20T13_59_19.txt,True,brume,['brume'],[]
images/pyronear_salaunes_1_4_2023_10_04T17_16_17.jpg,labels/pyronear_salaunes_1_4_2023_10_04T17_16_17.txt,True,glare,['glareptjaune'],[]
images/pyronear_valbonne_2_2023_11_05T15_26_06.jpg,labels/pyronear_valbonne_2_2023_11_05T15_26_06.txt,True,nuagesbas,['nuagesbas'],[]
images/pyronear_valbonne_4_2023_10_29T09_40_24.jpg,labels/pyronear_valbonne_4_2023_10_29T09_40_24.txt,True,nuagesbas,['nuagesbas'],[]
images/pyronear_ferion_3_2023_10_24T15_53_34.jpg,labels/pyronear_ferion_3_2023_10_24T15_53_34.txt,True,grosnuages,"['grosnuages', 'soleilreflets']",[]
images/pyronear_cabanelle_1_2023_10_10T09_02_10.jpg,labels/pyronear_cabanelle_1_2023_10_10T09_02_10.txt,True,grosnuages,"['grosnuages', 'nuagesbas']",[]
images/pyronear_valbonne_2_2023_11_05T15_46_07.jpg,labels/pyronear_valbonne_2_2023_11_05T15_46_07.txt,True,nuagesbas,['nuagesbas'],[]
images/pyronear_brison_2_2023_10_19T09_34_07.jpg,labels/pyronear_brison_2_2023_10_19T09_34_07.txt,True,brume,"['batiment', 'brume']",['brume']
images/pyronear_courmettes_2_2023_11_04T06_52_04.jpg,labels/pyronear_courmettes_2_2023_11_04T06_52_04.txt,True,glare,['glare'],[]
images/pyronear_courmettes_1_2023_09_26T06_10_14.jpg,labels/pyronear_courmettes_1_2023_09_26T06_10_14.txt,True,glare,['glaretache'],[]
images/pyronear_brison_1_2023_06_13T06_03_50.jpg,labels/pyronear_brison_1_2023_06_13T06_03_50.txt,True,grosnuages,['grosnuages'],[]
images/pyronear_salaunes_1_4_2023_09_29T17_09_23.jpg,labels/pyronear_salaunes_1_4_2023_09_29T17_09_23.txt,True,glare,['glareptjaune'],[]
images/pyronear_brison_2_2023_09_21T06_13_50.jpg,labels/pyronear_brison_2_2023_09_21T06_13_50.txt,True,brume,"['batiment', 'brume']",['brume']
images/pyronear_salaunes_2_4_2023_08_19T05_38_03.jpg,labels/pyronear_salaunes_2_4_2023_08_19T05_38_03.txt,True,tuyau,['tuyau'],[]
images/pyronear_brison_4_2023_11_01T13_06_11.jpg,labels/pyronear_brison_4_2023_11_01T13_06_11.txt,True,nuagesbas,['nuagesbas'],[]
images/pyronear_cabanelle_1_2023_10_13T09_16_03.jpg,labels/pyronear_cabanelle_1_2023_10_13T09_16_03.txt,True,grosnuages,['grosnuages'],[]
images/pyronear_courmettes_4_2023_11_02T09_40_38.jpg,labels/pyronear_courmettes_4_2023_11_02T09_40_38.txt,True,arbre,['arbre'],['brume']
images/pyronear_marguerite_1_2023_09_14T05_55_44.jpg,labels/pyronear_marguerite_1_2023_09_14T05_55_44.txt,True,grosnuages,['grosnuages'],[]
images/pyronear_valbonne_2_2023_11_06T15_14_15.jpg,labels/pyronear_valbonne_2_2023_11_06T15_14_15.txt,True,nuagesbas,['nuagesbas'],[]
images/pyronear_brison_2_2023_10_19T09_32_07.jpg,labels/pyronear_brison_2_2023_10_19T09_32_07.txt,True,brume,"['batiment', 'brume']",['brume']
images/pyronear_brison_1_2023_07_11T04_16_42.jpg,labels/pyronear_brison_1_2023_07_11T04_16_42.txt,True,soleil,['soleil'],[]
images/pyronear_cabanelle_1_2023_10_11T15_11_59.jpg,labels/pyronear_cabanelle_1_2023_10_11T15_11_59.txt,True,brume,['brume'],[]
images/pyronear_salaunes_2_2_2023_10_24T06_50_47.jpg,labels/pyronear_salaunes_2_2_2023_10_24T06_50_47.txt,True,grosnuages,['grosnuagesrefletssoleil'],[]
images/pyronear_ferion_4_2023_11_06T15_37_08.jpg,labels/pyronear_ferion_4_2023_11_06T15_37_08.txt,True,nuagesbas,['nuagesbas'],['soleilcouchant']
images/pyronear_marguerite_1_2023_08_22T16_31_48.jpg,labels/pyronear_marguerite_1_2023_08_22T16_31_48.txt,True,soleil,['soleilrayons'],[]
images/pyronear_salaunes_2_1_2023_08_27T08_39_05.jpg,labels/pyronear_salaunes_2_1_2023_08_27T08_39_05.txt,True,grosnuages,['grosnuages'],[]
images/pyronear_brison_4_2023_08_17T08_03_47.jpg,labels/pyronear_brison_4_2023_08_17T08_03_47.txt,True,grosnuages,['grosnuages'],"['insecte', 'tache']"
images/pyronear_brison_3_2023_09_22T05_09_40.jpg,labels/pyronear_brison_3_2023_09_22T05_09_40.txt,True,nuagesbas,['nuagesbas'],['nuit']
images/pyronear_cabanelle_1_2023_10_13T08_40_09.jpg,labels/pyronear_cabanelle_1_2023_10_13T08_40_09.txt,True,grosnuages,['grosnuages'],[]
images/pyronear_brison_1_2023_07_24T11_33_07.jpg,labels/pyronear_brison_1_2023_07_24T11_33_07.txt,True,tache,['tachenoire'],[]
images/pyronear_cabanelle_1_2023_10_13T09_34_35.jpg,labels/pyronear_cabanelle_1_2023_10_13T09_34_35.txt,True,grosnuages,['grosnuages'],[]
images/pyronear_valbonne_4_2023_11_02T10_09_36.jpg,labels/pyronear_valbonne_4_2023_11_02T10_09_36.txt,True,nuagesbas,['nuagesbas'],[]
images/pyronear_courmettes_4_2023_10_20T16_03_25.jpg,labels/pyronear_courmettes_4_2023_10_20T16_03_25.txt,True,grosnuages,['grosnuages'],"['antenne', 'soleilcontrejour']"
images/pyronear_marguerite_3_2023_09_18T08_10_25.jpg,labels/pyronear_marguerite_3_2023_09_18T08_10_25.txt,True,arbre,['arbre'],['brume']
images/pyronear_marguerite_1_2023_09_09T16_14_07.jpg,labels/pyronear_marguerite_1_2023_09_09T16_14_07.txt,True,glare,['glare'],[]
images/pyronear_courmettes_1_2023_11_07T13_56_16.jpg,labels/pyronear_courmettes_1_2023_11_07T13_56_16.txt,True,nuagesbas,['nuagesbas'],[]
images/pyronear_brison_1_2023_06_23T04_04_21.jpg,labels/pyronear_brison_1_2023_06_23T04_04_21.txt,True,soleil,['soleil'],[]
images/pyronear_marguerite_2_2023_06_28T19_17_37.jpg,labels/pyronear_marguerite_2_2023_06_28T19_17_37.txt,True,soleil,['soleil'],[]
images/pyronear_brison_3_2023_10_01T13_57_13.jpg,labels/pyronear_brison_3_2023_10_01T13_57_13.txt,True,montagne,['montagne'],[]
images/pyronear_brison_2_2023_10_30T09_24_57.jpg,labels/pyronear_brison_2_2023_10_30T09_24_57.txt,True,brume,"['batiment', 'brume']",['brume']
images/pyronear_brison_2_2023_09_21T08_41_25.jpg,labels/pyronear_brison_2_2023_09_21T08_41_25.txt,True,brume,"['batiment', 'brume']",['brume']
images/pyronear_cabanelle_1_2023_10_10T11_51_15.jpg,labels/pyronear_cabanelle_1_2023_10_10T11_51_15.txt,True,grosnuages,"['grosnuages', 'nuagesbas']",[]
images/pyronear_brison_4_2023_08_17T10_17_22.jpg,labels/pyronear_brison_4_2023_08_17T10_17_22.txt,True,grosnuages,['grosnuages'],"['insecte', 'tache']"
images/pyronear_salaunes_2_4_2023_08_19T05_05_32.jpg,labels/pyronear_salaunes_2_4_2023_08_19T05_05_32.txt,True,tuyau,['tuyau'],[]
images/pyronear_salaunes_2_1_2023_08_27T08_34_35.jpg,labels/pyronear_salaunes_2_1_2023_08_27T08_34_35.txt,True,grosnuages,['grosnuages'],[]
images/pyronear_salaunes_1_2_2023_09_30T11_27_03.jpg,labels/pyronear_salaunes_1_2_2023_09_30T11_27_03.txt,True,glare,['glare'],[]
images/pyronear_salaunes_2_4_2023_08_19T05_35_33.jpg,labels/pyronear_salaunes_2_4_2023_08_19T05_35_33.txt,True,tuyau,['tuyau'],[]
images/pyronear_brison_1_2023_07_09T04_09_39.jpg,labels/pyronear_brison_1_2023_07_09T04_09_39.txt,True,soleil,['soleil'],[]
images/pyronear_courmettes_1_2023_09_29T06_08_14.jpg,labels/pyronear_courmettes_1_2023_09_29T06_08_14.txt,True,glare,"['glaretacherouge', 'soleilrefletslac']",[]
images/pyronear_brison_2_2023_10_19T17_01_20.jpg,labels/pyronear_brison_2_2023_10_19T17_01_20.txt,True,brume,"['batiment', 'brume']",['brume']
images/pyronear_marguerite_3_2023_09_18T07_31_24.jpg,labels/pyronear_marguerite_3_2023_09_18T07_31_24.txt,True,arbre,['arbre'],['brume']
images/pyronear_brison_2_2023_10_30T13_43_35.jpg,labels/pyronear_brison_2_2023_10_30T13_43_35.txt,True,brume,"['batiment', 'brume']",['brume']
images/pyronear_cabanelle_1_2023_10_10T14_53_21.jpg,labels/pyronear_cabanelle_1_2023_10_10T14_53_21.txt,True,grosnuages,"['grosnuages', 'nuagesbas']",[]
images/pyronear_valbonne_4_2023_10_08T05_56_55.jpg,labels/pyronear_valbonne_4_2023_10_08T05_56_55.txt,True,soleil,['soleil'],['batiment']
images/pyronear_ferion_2_2023_11_03T06_47_16.jpg,labels/pyronear_ferion_2_2023_11_03T06_47_16.txt,True,glare,"['glare', 'tache']",[]
images/pyronear_brison_3_2023_09_25T18_00_39.jpg,labels/pyronear_brison_3_2023_09_25T18_00_39.txt,True,glare,['glareptrouge'],['soleilcouchant']
images/pyronear_brison_2_2023_11_01T10_50_31.jpg,labels/pyronear_brison_2_2023_11_01T10_50_31.txt,True,brume,"['batiment', 'brume']",['brume']
images/pyronear_marguerite_3_2023_09_18T05_48_16.jpg,labels/pyronear_marguerite_3_2023_09_18T05_48_16.txt,True,arbre,['arbre'],['brume']
images/pyronear_courmettes_1_2023_09_27T05_38_02.jpg,labels/pyronear_courmettes_1_2023_09_27T05_38_02.txt,True,soleil,['soleil'],[]
images/pyronear_ferion_2_2023_10_27T06_56_00.jpg,labels/pyronear_ferion_2_2023_10_27T06_56_00.txt,True,glare,"['glare', 'tache']",[]
images/pyronear_valbonne_2_2023_11_06T14_56_46.jpg,labels/pyronear_valbonne_2_2023_11_06T14_56_46.txt,True,nuagesbas,['nuagesbas'],[]
images/pyronear_ferion_3_2023_10_18T07_17_49.jpg,labels/pyronear_ferion_3_2023_10_18T07_17_49.txt,True,brume,['brume'],[]
images/pyronear_cabanelle_1_2023_10_10T15_17_54.jpg,labels/pyronear_cabanelle_1_2023_10_10T15_17_54.txt,True,grosnuages,"['grosnuages', 'nuagesbas']",[]
images/pyronear_valbonne_3_2023_10_21T16_11_45.jpg,labels/pyronear_valbonne_3_2023_10_21T16_11_45.txt,True,glare,['glare'],[]
images/pyronear_brison_4_2023_11_02T10_57_20.jpg,labels/pyronear_brison_4_2023_11_02T10_57_20.txt,True,nuagesbas,['nuagesbas'],[]
images/pyronear_marguerite_1_2023_09_10T16_06_12.jpg,labels/pyronear_marguerite_1_2023_09_10T16_06_12.txt,True,glare,['glare'],[]
images/pyronear_courmettes_2_2023_10_26T06_59_20.jpg,labels/pyronear_courmettes_2_2023_10_26T06_59_20.txt,True,glare,['glare'],[]
images/pyronear_brison_2_2023_10_30T09_10_27.jpg,labels/pyronear_brison_2_2023_10_30T09_10_27.txt,True,brume,"['batiment', 'brume']",['brume']
images/pyronear_courmettes_1_2023_11_07T13_49_15.jpg,labels/pyronear_courmettes_1_2023_11_07T13_49_15.txt,True,nuagesbas,['nuagesbas'],[]
images/pyronear_valbonne_2_2023_11_05T16_07_11.jpg,labels/pyronear_valbonne_2_2023_11_05T16_07_11.txt,True,nuagesbas,['nuagesbas'],[]
images/pyronear_marguerite_1_2023_08_22T14_29_46.jpg,labels/pyronear_marguerite_1_2023_08_22T14_29_46.txt,True,soleil,['soleilrayons'],[]
images/pyronear_valbonne_2_2023_11_05T15_18_06.jpg,labels/pyronear_valbonne_2_2023_11_05T15_18_06.txt,True,nuagesbas,['nuagesbas'],[]
images/pyronear_brison_4_2023_10_28T08_56_40.jpg,labels/pyronear_brison_4_2023_10_28T08_56_40.txt,True,nuagesbas,['nuagesbas'],[]
images/pyronear_valbonne_2_2023_11_05T15_04_36.jpg,labels/pyronear_valbonne_2_2023_11_05T15_04_36.txt,True,nuagesbas,['nuagesbas'],[]
images/pyronear_marguerite_3_2023_09_18T05_29_45.jpg,labels/pyronear_marguerite_3_2023_09_18T05_29_45.txt,True,arbre,['arbre'],['brume']
images/pyronear_valbonne_3_2023_10_13T17_14_24.jpg,labels/pyronear_valbonne_3_2023_10_13T17_14_24.txt,True,batiment,['batimentloin'],['soleilcouchant']
images/pyronear_brison_2_2023_10_08T05_52_42.jpg,labels/pyronear_brison_2_2023_10_08T05_52_42.txt,True,soleil,['soleil'],['batiment']
images/pyronear_brison_2_2023_09_21T09_18_11.jpg,labels/pyronear_brison_2_2023_09_21T09_18_11.txt,True,brume,"['batiment', 'brume']",['brume']
images/pyronear_marguerite_2_2023_09_01T18_24_35.jpg,labels/pyronear_marguerite_2_2023_09_01T18_24_35.txt,True,nuagesbas,['nuagesbas'],['soleilcouchant']
images/pyronear_marguerite_2_2023_09_10T18_16_50.jpg,labels/pyronear_marguerite_2_2023_09_10T18_16_50.txt,True,nuagesbas,['nuagesbas'],['soleilcouchant']
images/pyronear_marguerite_1_2023_08_22T13_32_12.jpg,labels/pyronear_marguerite_1_2023_08_22T13_32_12.txt,True,soleil,['soleilrayons'],[]
images/pyronear_ferion_2_2023_10_28T15_19_36.jpg,labels/pyronear_ferion_2_2023_10_28T15_19_36.txt,True,grosnuages,['grosnuages'],[]
images/pyronear_cabanelle_1_2023_10_11T14_52_58.jpg,labels/pyronear_cabanelle_1_2023_10_11T14_52_58.txt,True,brume,['brume'],[]
images/pyronear_courmettes_1_2023_11_07T12_45_44.jpg,labels/pyronear_courmettes_1_2023_11_07T12_45_44.txt,True,nuagesbas,['nuagesbas'],[]
images/pyronear_marguerite_2_2023_09_10T18_19_50.jpg,labels/pyronear_marguerite_2_2023_09_10T18_19_50.txt,True,nuagesbas,['nuagesbas'],['soleilcouchant']
images/pyronear_valbonne_4_2023_10_18T08_58_38.jpg,labels/pyronear_valbonne_4_2023_10_18T08_58_38.txt,True,nuagesbas,['nuagesbas'],[]
images/pyronear_cabanelle_1_2023_10_13T08_35_02.jpg,labels/pyronear_cabanelle_1_2023_10_13T08_35_02.txt,True,grosnuages,['grosnuages'],[]
images/pyronear_salaunes_1_2_2023_07_20T09_04_26.jpg,labels/pyronear_salaunes_1_2_2023_07_20T09_04_26.txt,True,grosnuages,['grosnuages'],[]
images/pyronear_courmettes_4_2023_11_02T10_35_10.jpg,labels/pyronear_courmettes_4_2023_11_02T10_35_10.txt,True,arbre,['arbre'],['brume']
images/pyronear_marguerite_4_2023_11_01T10_45_30.jpg,labels/pyronear_marguerite_4_2023_11_01T10_45_30.txt,True,batiment,['batiment'],"['brume', 'pluie']"
images/pyronear_cabanelle_1_2023_10_19T10_52_18.jpg,labels/pyronear_cabanelle_1_2023_10_19T10_52_18.txt,True,arbre,['arbre'],['brume']
images/pyronear_brison_4_2023_10_28T06_00_58.jpg,labels/pyronear_brison_4_2023_10_28T06_00_58.txt,True,nuagesbas,['nuagesbas'],[]
images/pyronear_marguerite_3_2023_09_18T09_17_57.jpg,labels/pyronear_marguerite_3_2023_09_18T09_17_57.txt,True,arbre,['arbre'],['brume']
images/pyronear_courmettes_4_2023_10_19T09_41_14.jpg,labels/pyronear_courmettes_4_2023_10_19T09_41_14.txt,True,arbre,['arbre'],['brume']
images/pyronear_brison_2_2023_09_22T08_54_44.jpg,labels/pyronear_brison_2_2023_09_22T08_54_44.txt,True,nuagesbas,['nuagesbas'],['batiment']
images/pyronear_ferion_3_2023_10_19T15_31_53.jpg,labels/pyronear_ferion_3_2023_10_19T15_31_53.txt,True,brume,['brume'],[]
images/pyronear_cabanelle_1_2023_10_13T09_01_33.jpg,labels/pyronear_cabanelle_1_2023_10_13T09_01_33.txt,True,grosnuages,['grosnuages'],[]
images/pyronear_courmettes_1_2023_11_07T13_03_14.jpg,labels/pyronear_courmettes_1_2023_11_07T13_03_14.txt,True,nuagesbas,['nuagesbas'],[]
images/pyronear_brison_2_2023_09_21T06_12_50.jpg,labels/pyronear_brison_2_2023_09_21T06_12_50.txt,True,brume,"['batiment', 'brume']",['brume']
images/pyronear_cabanelle_1_2023_10_13T08_58_33.jpg,labels/pyronear_cabanelle_1_2023_10_13T08_58_33.txt,True,grosnuages,['grosnuages'],[]
images/pyronear_marguerite_3_2023_09_18T05_39_15.jpg,labels/pyronear_marguerite_3_2023_09_18T05_39_15.txt,True,arbre,['arbre'],['brume']
images/pyronear_brison_1_2023_07_10T04_12_12.jpg,labels/pyronear_brison_1_2023_07_10T04_12_12.txt,True,soleil,['soleil'],[]
images/pyronear_brison_2_2023_09_21T09_31_56.jpg,labels/pyronear_brison_2_2023_09_21T09_31_56.txt,True,brume,"['batiment', 'brume']",['brume']
images/pyronear_marguerite_1_2023_09_14T05_39_43.jpg,labels/pyronear_marguerite_1_2023_09_14T05_39_43.txt,True,grosnuages,['grosnuages'],[]
images/pyronear_cabanelle_1_2023_10_10T15_09_21.jpg,labels/pyronear_cabanelle_1_2023_10_10T15_09_21.txt,True,grosnuages,"['grosnuages', 'nuagesbas']",[]
images/pyronear_courmettes_1_2023_09_29T06_18_44.jpg,labels/pyronear_courmettes_1_2023_09_29T06_18_44.txt,True,glare,"['glaretacherouge', 'soleilrefletslac']",[]
images/pyronear_brison_4_2023_08_17T10_30_51.jpg,labels/pyronear_brison_4_2023_08_17T10_30_51.txt,True,grosnuages,['grosnuages'],"['insecte', 'tache']"
images/pyronear_brison_4_2023_08_17T08_36_48.jpg,labels/pyronear_brison_4_2023_08_17T08_36_48.txt,True,grosnuages,['grosnuages'],"['insecte', 'tache']"
images/pyronear_cabanelle_1_2023_10_13T08_41_32.jpg,labels/pyronear_cabanelle_1_2023_10_13T08_41_32.txt,True,grosnuages,['grosnuages'],[]
images/pyronear_courmettes_4_2023_10_03T17_25_24.jpg,labels/pyronear_courmettes_4_2023_10_03T17_25_24.txt,True,nuagesbas,['nuagesbas'],"['antenne', 'soleilcouchant']"
images/pyronear_brison_2_2023_10_30T09_25_27.jpg,labels/pyronear_brison_2_2023_10_30T09_25_27.txt,True,brume,"['batiment', 'brume']",['brume']
images/pyronear_marguerite_1_2023_09_15T15_35_14.jpg,labels/pyronear_marguerite_1_2023_09_15T15_35_14.txt,True,soleil,['soleilrayons'],[]
images/pyronear_marguerite_1_2023_09_14T16_12_06.jpg,labels/pyronear_marguerite_1_2023_09_14T16_12_06.txt,True,glare,['glaresoleilrayons'],[]
images/pyronear_ferion_2_2023_10_24T16_26_32.jpg,labels/pyronear_ferion_2_2023_10_24T16_26_32.txt,True,grosnuages,['grosnuages'],[]
images/pyronear_courmettes_1_2023_09_26T05_22_12.jpg,labels/pyronear_courmettes_1_2023_09_26T05_22_12.txt,True,soleil,['soleil'],[]
images/pyronear_brison_2_2023_10_19T09_31_08.jpg,labels/pyronear_brison_2_2023_10_19T09_31_08.txt,True,brume,"['batiment', 'brume']",['brume']
images/pyronear_brison_4_2023_08_17T09_56_20.jpg,labels/pyronear_brison_4_2023_08_17T09_56_20.txt,True,grosnuages,['grosnuages'],"['insecte', 'tache']"
images/pyronear_salaunes_2_1_2023_11_05T07_27_14.jpg,labels/pyronear_salaunes_2_1_2023_11_05T07_27_14.txt,True,grosnuages,['grosnuagesrefletssoleil'],[]
images/pyronear_courmettes_1_2023_09_26T04_56_41.jpg,labels/pyronear_courmettes_1_2023_09_26T04_56_41.txt,True,soleil,"['refletslac', 'soleil']",['soleilcouchant']
images/pyronear_courmettes_1_2023_09_29T05_56_14.jpg,labels/pyronear_courmettes_1_2023_09_29T05_56_14.txt,True,glare,"['glaretacherouge', 'soleilrefletslac']",[]
images/pyronear_marguerite_1_2023_09_18T16_06_05.jpg,labels/pyronear_marguerite_1_2023_09_18T16_06_05.txt,True,glare,['glare'],[]
images/pyronear_brison_4_2023_08_17T10_29_22.jpg,labels/pyronear_brison_4_2023_08_17T10_29_22.txt,True,grosnuages,['grosnuages'],"['insecte', 'tache']"
images/pyronear_brison_4_2023_06_15T18_55_31.jpg,labels/pyronear_brison_4_2023_06_15T18_55_31.txt,True,glare,['glare'],[]
images/pyronear_ferion_2_2023_10_17T14_41_36.jpg,labels/pyronear_ferion_2_2023_10_17T14_41_36.txt,True,nuagesbas,['nuagesbas'],['brume']
images/pyronear_ferion_2_2023_10_28T15_07_36.jpg,labels/pyronear_ferion_2_2023_10_28T15_07_36.txt,True,grosnuages,['grosnuages'],[]
images/pyronear_courmettes_1_2023_10_05T05_09_39.jpg,labels/pyronear_courmettes_1_2023_10_05T05_09_39.txt,True,nuagesbas,['nuagesfiligranes'],[]
images/pyronear_cabanelle_2_2023_09_30T06_01_41.jpg,labels/pyronear_cabanelle_2_2023_09_30T06_01_41.txt,True,soleil,"['glare', 'refletslac', 'soleil', 'tacherouge']",[]
images/pyronear_brison_1_2023_09_13T16_03_19.jpg,labels/pyronear_brison_1_2023_09_13T16_03_19.txt,True,grosnuages,['grosnuages'],[]
images/pyronear_brison_3_2023_09_07T07_08_57.jpg,labels/pyronear_brison_3_2023_09_07T07_08_57.txt,True,montagne,['montagne'],[]
images/pyronear_valbonne_2_2023_11_05T15_49_37.jpg,labels/pyronear_valbonne_2_2023_11_05T15_49_37.txt,True,nuagesbas,['nuagesbas'],[]
images/pyronear_brison_2_2023_10_30T07_48_24.jpg,labels/pyronear_brison_2_2023_10_30T07_48_24.txt,True,brume,"['batiment', 'brume']",['brume']
images/pyronear_brison_4_2023_10_28T08_25_24.jpg,labels/pyronear_brison_4_2023_10_28T08_25_24.txt,True,nuagesbas,['nuagesbas'],[]
images/pyronear_salaunes_1_4_2023_09_29T17_23_24.jpg,labels/pyronear_salaunes_1_4_2023_09_29T17_23_24.txt,True,glare,['glareptjaune'],[]
images/pyronear_brison_2_2023_09_21T09_36_28.jpg,labels/pyronear_brison_2_2023_09_21T09_36_28.txt,True,brume,"['batiment', 'brume']",['brume']
images/pyronear_valbonne_4_2023_10_01T05_55_18.jpg,labels/pyronear_valbonne_4_2023_10_01T05_55_18.txt,True,soleil,['soleil'],['batiment']
images/pyronear_marguerite_3_2023_09_18T05_34_19.jpg,labels/pyronear_marguerite_3_2023_09_18T05_34_19.txt,True,arbre,['arbre'],['brume']
images/pyronear_courmettes_4_2023_11_02T09_34_36.jpg,labels/pyronear_courmettes_4_2023_11_02T09_34_36.txt,True,arbre,['arbre'],['brume']
images/pyronear_brison_2_2023_10_30T09_24_28.jpg,labels/pyronear_brison_2_2023_10_30T09_24_28.txt,True,brume,"['batiment', 'brume']",['brume']
images/pyronear_cabanelle_1_2023_10_13T06_14_29.jpg,labels/pyronear_cabanelle_1_2023_10_13T06_14_29.txt,True,grosnuages,['grosnuages'],['brume']
images/pyronear_cabanelle_1_2023_10_10T09_01_42.jpg,labels/pyronear_cabanelle_1_2023_10_10T09_01_42.txt,True,grosnuages,"['grosnuages', 'nuagesbas']",[]
images/pyronear_valbonne_2_2023_11_05T15_07_05.jpg,labels/pyronear_valbonne_2_2023_11_05T15_07_05.txt,True,nuagesbas,['nuagesbas'],[]
images/pyronear_courmettes_4_2023_11_02T11_01_39.jpg,labels/pyronear_courmettes_4_2023_11_02T11_01_39.txt,True,arbre,['arbre'],['brume']
images/pyronear_brison_2_2023_09_22T09_01_40.jpg,labels/pyronear_brison_2_2023_09_22T09_01_40.txt,True,nuagesbas,['nuagesbas'],['batiment']
images/pyronear_brison_2_2023_10_19T09_09_45.jpg,labels/pyronear_brison_2_2023_10_19T09_09_45.txt,True,brume,"['batiment', 'brume']",['brume']
images/pyronear_marguerite_1_2023_09_18T16_06_35.jpg,labels/pyronear_marguerite_1_2023_09_18T16_06_35.txt,True,glare,['glare'],[]
images/pyronear_valbonne_4_2023_10_01T05_55_47.jpg,labels/pyronear_valbonne_4_2023_10_01T05_55_47.txt,True,soleil,['soleil'],['batiment']
images/pyronear_brison_2_2023_10_05T05_44_30.jpg,labels/pyronear_brison_2_2023_10_05T05_44_30.txt,True,soleil,['soleil'],['batiment']
images/pyronear_ferion_2_2023_11_07T07_02_07.jpg,labels/pyronear_ferion_2_2023_11_07T07_02_07.txt,True,glare,"['glare', 'tache']",[]
images/pyronear_valbonne_2_2023_11_05T14_41_05.jpg,labels/pyronear_valbonne_2_2023_11_05T14_41_05.txt,True,nuagesbas,['nuagesbas'],[]
images/pyronear_marguerite_1_2023_07_30T16_29_31.jpg,labels/pyronear_marguerite_1_2023_07_30T16_29_31.txt,True,soleil,['soleilrayons'],[]
images/pyronear_st_peray_1_2023_07_21T08_53_00.jpg,labels/pyronear_st_peray_1_2023_07_21T08_53_00.txt,True,grosnuages,['grosnuages'],[]
images/pyronear_brison_1_2023_06_29T04_20_21.jpg,labels/pyronear_brison_1_2023_06_29T04_20_21.txt,True,soleil,['soleil'],[]
images/pyronear_brison_4_2023_08_17T07_35_05.jpg,labels/pyronear_brison_4_2023_08_17T07_35_05.txt,True,grosnuages,['grosnuages'],"['insecte', 'tache']"
images/pyronear_marguerite_1_2023_09_06T18_11_06.jpg,labels/pyronear_marguerite_1_2023_09_06T18_11_06.txt,True,soleil,['soleil'],[]
images/pyronear_ferion_2_2023_10_28T16_25_08.jpg,labels/pyronear_ferion_2_2023_10_28T16_25_08.txt,True,grosnuages,['grosnuages'],[]
images/pyronear_ferion_3_2023_10_19T15_31_52.jpg,labels/pyronear_ferion_3_2023_10_19T15_31_52.txt,True,brume,['brume'],[]
images/pyronear_brison_2_2023_10_30T13_50_01.jpg,labels/pyronear_brison_2_2023_10_30T13_50_01.txt,True,brume,"['batiment', 'brume']",['brume']
images/pyronear_valbonne_4_2023_10_29T08_56_20.jpg,labels/pyronear_valbonne_4_2023_10_29T08_56_20.txt,True,nuagesbas,['nuagesbas'],[]
images/pyronear_valbonne_4_2023_10_29T08_58_19.jpg,labels/pyronear_valbonne_4_2023_10_29T08_58_19.txt,True,nuagesbas,['nuagesbas'],[]
images/pyronear_valbonne_3_2023_10_20T10_35_38.jpg,labels/pyronear_valbonne_3_2023_10_20T10_35_38.txt,True,nuagesbas,['nuagesbas'],[]
images/pyronear_marguerite_1_2023_06_14T03_35_38.jpg,labels/pyronear_marguerite_1_2023_06_14T03_35_38.txt,True,nuagesbas,['nuagesbas'],['nuit']
images/pyronear_valbonne_2_2023_11_05T15_01_36.jpg,labels/pyronear_valbonne_2_2023_11_05T15_01_36.txt,True,nuagesbas,['nuagesbas'],[]
images/pyronear_marguerite_3_2023_09_18T08_01_55.jpg,labels/pyronear_marguerite_3_2023_09_18T08_01_55.txt,True,arbre,['arbre'],['brume']
images/pyronear_courmettes_2_2023_10_20T09_44_36.jpg,labels/pyronear_courmettes_2_2023_10_20T09_44_36.txt,True,grosnuages,['grosnuages'],['brume']
images/pyronear_salaunes_1_1_2023_08_05T05_20_21.jpg,labels/pyronear_salaunes_1_1_2023_08_05T05_20_21.txt,True,glare,['glareptjaune'],[]
images/pyronear_brison_1_2023_09_13T06_43_15.jpg,labels/pyronear_brison_1_2023_09_13T06_43_15.txt,True,nuagesbas,['nuagesbas'],[]
images/pyronear_valbonne_2_2023_11_05T14_35_35.jpg,labels/pyronear_valbonne_2_2023_11_05T14_35_35.txt,True,nuagesbas,['nuagesbas'],[]
images/pyronear_salaunes_2_1_2023_08_11T04_47_33.jpg,labels/pyronear_salaunes_2_1_2023_08_11T04_47_33.txt,True,arbre,['arbre'],['brume']
images/pyronear_valbonne_2_2023_11_06T15_14_44.jpg,labels/pyronear_valbonne_2_2023_11_06T15_14_44.txt,True,nuagesbas,['nuagesbas'],[]
images/pyronear_courmettes_4_2023_11_02T09_29_07.jpg,labels/pyronear_courmettes_4_2023_11_02T09_29_07.txt,True,arbre,['arbre'],['brume']
images/pyronear_marguerite_4_2023_11_01T10_43_30.jpg,labels/pyronear_marguerite_4_2023_11_01T10_43_30.txt,True,batiment,['batiment'],"['brume', 'pluie']"
images/pyronear_marguerite_3_2023_09_18T07_10_24.jpg,labels/pyronear_marguerite_3_2023_09_18T07_10_24.txt,True,arbre,['arbre'],['brume']
images/pyronear_ferion_2_2023_10_28T15_21_36.jpg,labels/pyronear_ferion_2_2023_10_28T15_21_36.txt,True,grosnuages,['grosnuages'],[]
images/pyronear_brison_2_2023_10_19T08_34_06.jpg,labels/pyronear_brison_2_2023_10_19T08_34_06.txt,True,brume,"['batiment', 'brume']",['brume']
images/pyronear_valbonne_2_2023_11_05T15_50_38.jpg,labels/pyronear_valbonne_2_2023_11_05T15_50_38.txt,True,nuagesbas,['nuagesbas'],[]
images/pyronear_ferion_2_2023_11_03T06_45_49.jpg,labels/pyronear_ferion_2_2023_11_03T06_45_49.txt,True,glare,"['glare', 'tache']",[]
images/pyronear_ferion_2_2023_10_17T11_51_00.jpg,labels/pyronear_ferion_2_2023_10_17T11_51_00.txt,True,nuagesbas,['nuagesbas'],['brume']
images/pyronear_valbonne_4_2023_10_29T09_41_51.jpg,labels/pyronear_valbonne_4_2023_10_29T09_41_51.txt,True,nuagesbas,['nuagesbas'],[]
images/pyronear_courmettes_1_2023_11_07T13_57_46.jpg,labels/pyronear_courmettes_1_2023_11_07T13_57_46.txt,True,nuagesbas,['nuagesbas'],[]
images/pyronear_cabanelle_1_2023_10_10T11_32_45.jpg,labels/pyronear_cabanelle_1_2023_10_10T11_32_45.txt,True,grosnuages,"['grosnuages', 'nuagesbas']",[]
images/pyronear_brison_3_2023_09_22T05_55_14.jpg,labels/pyronear_brison_3_2023_09_22T05_55_14.txt,True,nuagesbas,['nuagesbas'],[]
images/pyronear_marguerite_1_2023_09_14T05_43_44.jpg,labels/pyronear_marguerite_1_2023_09_14T05_43_44.txt,True,grosnuages,['grosnuages'],[]
images/pyronear_brison_4_2023_10_28T08_22_10.jpg,labels/pyronear_brison_4_2023_10_28T08_22_10.txt,True,nuagesbas,['nuagesbas'],[]
images/pyronear_valbonne_4_2023_10_29T09_59_51.jpg,labels/pyronear_valbonne_4_2023_10_29T09_59_51.txt,True,nuagesbas,['nuagesbas'],[]
images/pyronear_courmettes_1_2023_11_07T06_27_00.jpg,labels/pyronear_courmettes_1_2023_11_07T06_27_00.txt,True,glare,['glaresoleilptrouge'],['soleilcouchant']
images/pyronear_courmettes_1_2023_11_04T06_26_01.jpg,labels/pyronear_courmettes_1_2023_11_04T06_26_01.txt,True,glare,['glaresoleilptrouge'],['soleilcouchant']
images/pyronear_valbonne_4_2023_11_02T09_32_34.jpg,labels/pyronear_valbonne_4_2023_11_02T09_32_34.txt,True,nuagesbas,['nuagesbas'],[]
images/pyronear_courmettes_1_2023_11_07T06_32_00.jpg,labels/pyronear_courmettes_1_2023_11_07T06_32_00.txt,True,glare,['glaresoleilptrouge'],['soleilcouchant']
images/pyronear_brison_2_2023_09_27T05_47_47.jpg,labels/pyronear_brison_2_2023_09_27T05_47_47.txt,True,glare,['glare'],[]
images/pyronear_valbonne_4_2023_11_01T16_43_02.jpg,labels/pyronear_valbonne_4_2023_11_01T16_43_02.txt,True,nuagesbas,['nuagesbas'],[]
images/pyronear_marguerite_1_2023_09_18T16_02_36.jpg,labels/pyronear_marguerite_1_2023_09_18T16_02_36.txt,True,glare,['glare'],[]
images/pyronear_brison_1_2023_07_04T04_06_13.jpg,labels/pyronear_brison_1_2023_07_04T04_06_13.txt,True,soleil,['soleil'],[]
images/pyronear_valbonne_4_2023_10_28T13_12_28.jpg,labels/pyronear_valbonne_4_2023_10_28T13_12_28.txt,True,grosnuages,['grosnuages'],[]
images/pyronear_courmettes_1_2023_09_29T06_16_44.jpg,labels/pyronear_courmettes_1_2023_09_29T06_16_44.txt,True,glare,"['glaretacherouge', 'soleilrefletslac']",[]
images/pyronear_salaunes_2_1_2023_08_11T04_46_34.jpg,labels/pyronear_salaunes_2_1_2023_08_11T04_46_34.txt,True,arbre,['arbre'],['brume']
images/pyronear_marguerite_2_2023_09_01T17_58_32.jpg,labels/pyronear_marguerite_2_2023_09_01T17_58_32.txt,True,nuagesbas,['nuagesbas'],['soleilcouchant']
images/pyronear_brison_3_2023_08_29T06_08_45.jpg,labels/pyronear_brison_3_2023_08_29T06_08_45.txt,True,montagne,['montagne'],[]
images/pyronear_cabanelle_2_2023_09_30T06_04_12.jpg,labels/pyronear_cabanelle_2_2023_09_30T06_04_12.txt,True,soleil,"['glare', 'refletslac', 'soleil', 'tacherouge']",[]
images/pyronear_valbonne_2_2023_11_05T15_40_07.jpg,labels/pyronear_valbonne_2_2023_11_05T15_40_07.txt,True,nuagesbas,['nuagesbas'],[]
images/pyronear_marguerite_2_2023_09_10T18_32_20.jpg,labels/pyronear_marguerite_2_2023_09_10T18_32_20.txt,True,nuagesbas,['nuagesbas'],['soleilcouchant']
images/pyronear_courmettes_1_2023_09_27T05_36_03.jpg,labels/pyronear_courmettes_1_2023_09_27T05_36_03.txt,True,soleil,['soleil'],[]
images/pyronear_valbonne_4_2023_10_28T13_17_29.jpg,labels/pyronear_valbonne_4_2023_10_28T13_17_29.txt,True,grosnuages,['grosnuages'],[]
images/pyronear_brison_4_2023_07_30T06_02_35.jpg,labels/pyronear_brison_4_2023_07_30T06_02_35.txt,True,nuagesbas,['nuagesbas'],[]
images/pyronear_marguerite_1_2023_09_18T16_03_05.jpg,labels/pyronear_marguerite_1_2023_09_18T16_03_05.txt,True,glare,['glare'],[]
images/pyronear_valbonne_3_2023_09_28T17_48_39.jpg,labels/pyronear_valbonne_3_2023_09_28T17_48_39.txt,True,batiment,['batimentloin'],['soleilcouchant']
images/pyronear_brison_4_2023_10_28T06_26_48.jpg,labels/pyronear_brison_4_2023_10_28T06_26_48.txt,True,nuagesbas,['nuagesbas'],[]
images/pyronear_valbonne_3_2023_09_28T17_46_08.jpg,labels/pyronear_valbonne_3_2023_09_28T17_46_08.txt,True,batiment,['batimentloin'],['soleilcouchant']
images/pyronear_brison_1_2023_06_23T04_07_23.jpg,labels/pyronear_brison_1_2023_06_23T04_07_23.txt,True,soleil,['soleil'],[]
images/pyronear_ferion_2_2023_10_22T06_49_59.jpg,labels/pyronear_ferion_2_2023_10_22T06_49_59.txt,True,glare,['glare'],[]
images/pyronear_brison_4_2023_10_30T09_49_49.jpg,labels/pyronear_brison_4_2023_10_30T09_49_49.txt,True,grosnuages,['grosnuages'],['brume']
images/pyronear_marguerite_3_2023_09_18T06_50_22.jpg,labels/pyronear_marguerite_3_2023_09_18T06_50_22.txt,True,arbre,['arbre'],['brume']
images/pyronear_brison_2_2023_07_09T05_46_45.jpg,labels/pyronear_brison_2_2023_07_09T05_46_45.txt,True,glare,['glare'],[]
images/pyronear_salaunes_2_1_2023_08_27T08_30_06.jpg,labels/pyronear_salaunes_2_1_2023_08_27T08_30_06.txt,True,grosnuages,['grosnuages'],[]
images/pyronear_courmettes_4_2023_09_28T10_12_32.jpg,labels/pyronear_courmettes_4_2023_09_28T10_12_32.txt,True,nuagesbas,['nuagesbas'],[]
images/pyronear_cabanelle_1_2023_10_11T15_39_30.jpg,labels/pyronear_cabanelle_1_2023_10_11T15_39_30.txt,True,brume,['brume'],[]
images/pyronear_marguerite_4_2023_06_09T13_19_14.jpg,labels/pyronear_marguerite_4_2023_06_09T13_19_14.txt,True,tache,"['batiment', 'tache']","['brume', 'pluie']"
images/pyronear_valbonne_3_2023_10_15T05_46_52.jpg,labels/pyronear_valbonne_3_2023_10_15T05_46_52.txt,True,batiment,['batimentloin'],['soleilcouchant']
images/pyronear_marguerite_1_2023_09_09T16_13_07.jpg,labels/pyronear_marguerite_1_2023_09_09T16_13_07.txt,True,glare,['glare'],[]
images/pyronear_brison_3_2023_10_01T15_43_47.jpg,labels/pyronear_brison_3_2023_10_01T15_43_47.txt,True,montagne,['montagne'],[]
images/pyronear_salaunes_2_1_2023_11_05T10_24_51.jpg,labels/pyronear_salaunes_2_1_2023_11_05T10_24_51.txt,True,grosnuages,['grosnuagesrefletssoleil'],[]
images/pyronear_brison_3_2023_09_22T05_27_18.jpg,labels/pyronear_brison_3_2023_09_22T05_27_18.txt,True,nuagesbas,['nuagesbas'],[]
images/pyronear_salaunes_2_1_2023_11_05T10_22_20.jpg,labels/pyronear_salaunes_2_1_2023_11_05T10_22_20.txt,True,grosnuages,['grosnuagesrefletssoleil'],[]
images/pyronear_courmettes_1_2023_11_07T12_51_13.jpg,labels/pyronear_courmettes_1_2023_11_07T12_51_13.txt,True,nuagesbas,['nuagesbas'],[]
images/pyronear_marguerite_2_2023_09_10T18_24_20.jpg,labels/pyronear_marguerite_2_2023_09_10T18_24_20.txt,True,nuagesbas,['nuagesbas'],['soleilcouchant']
images/pyronear_cabanelle_1_2023_10_13T09_00_02.jpg,labels/pyronear_cabanelle_1_2023_10_13T09_00_02.txt,True,grosnuages,['grosnuages'],[]
images/pyronear_brison_4_2023_10_28T05_58_44.jpg,labels/pyronear_brison_4_2023_10_28T05_58_44.txt,True,nuagesbas,['nuagesbas'],[]
images/pyronear_salaunes_2_1_2023_08_27T09_52_37.jpg,labels/pyronear_salaunes_2_1_2023_08_27T09_52_37.txt,True,grosnuages,['grosnuages'],[]
images/pyronear_cabanelle_1_2023_10_10T08_38_10.jpg,labels/pyronear_cabanelle_1_2023_10_10T08_38_10.txt,True,grosnuages,"['grosnuages', 'nuagesbas']",[]
images/pyronear_marguerite_1_2023_06_13T18_23_14.jpg,labels/pyronear_marguerite_1_2023_06_13T18_23_14.txt,True,grosnuages,['grosnuages'],[]
images/pyronear_marguerite_1_2023_06_27T03_44_35.jpg,labels/pyronear_marguerite_1_2023_06_27T03_44_35.txt,True,nuagesbas,['nuagesbas'],['nuit']
images/pyronear_brison_4_2023_08_17T10_08_21.jpg,labels/pyronear_brison_4_2023_08_17T10_08_21.txt,True,grosnuages,['grosnuages'],"['insecte', 'tache']"
images/pyronear_courmettes_4_2023_11_02T11_08_40.jpg,labels/pyronear_courmettes_4_2023_11_02T11_08_40.txt,True,arbre,['arbre'],['brume']
images/pyronear_valbonne_2_2023_11_06T15_49_45.jpg,labels/pyronear_valbonne_2_2023_11_06T15_49_45.txt,True,nuagesbas,['nuagesbas'],[]
images/pyronear_salaunes_1_4_2023_10_02T17_26_18.jpg,labels/pyronear_salaunes_1_4_2023_10_02T17_26_18.txt,True,glare,['glareptjaune'],[]
images/pyronear_salaunes_1_4_2023_09_29T17_06_24.jpg,labels/pyronear_salaunes_1_4_2023_09_29T17_06_24.txt,True,glare,['glareptjaune'],[]
images/pyronear_brison_2_2023_09_14T17_41_32.jpg,labels/pyronear_brison_2_2023_09_14T17_41_32.txt,True,grosnuages,['grosnuages'],['batiment']
images/pyronear_valbonne_2_2023_11_06T15_30_45.jpg,labels/pyronear_valbonne_2_2023_11_06T15_30_45.txt,True,nuagesbas,['nuagesbas'],[]
images/pyronear_valbonne_2_2023_11_05T15_09_36.jpg,labels/pyronear_valbonne_2_2023_11_05T15_09_36.txt,True,nuagesbas,['nuagesbas'],[]
images/pyronear_valbonne_4_2023_10_29T07_48_47.jpg,labels/pyronear_valbonne_4_2023_10_29T07_48_47.txt,True,nuagesbas,['nuagesbas'],[]
images/pyronear_brison_1_2023_07_11T04_12_42.jpg,labels/pyronear_brison_1_2023_07_11T04_12_42.txt,True,soleil,['soleil'],[]
images/pyronear_cabanelle_1_2023_10_09T13_55_44.jpg,labels/pyronear_cabanelle_1_2023_10_09T13_55_44.txt,True,nuagesbas,['nuagesbas'],[]
images/pyronear_courmettes_1_2023_11_07T13_13_15.jpg,labels/pyronear_courmettes_1_2023_11_07T13_13_15.txt,True,nuagesbas,['nuagesbas'],[]
images/pyronear_brison_2_2023_10_19T09_52_09.jpg,labels/pyronear_brison_2_2023_10_19T09_52_09.txt,True,brume,"['batiment', 'brume']",['brume']
images/pyronear_valbonne_3_2023_10_20T16_10_45.jpg,labels/pyronear_valbonne_3_2023_10_20T16_10_45.txt,True,glare,['glare'],[]
images/pyronear_salaunes_1_1_2023_08_09T18_06_59.jpg,labels/pyronear_salaunes_1_1_2023_08_09T18_06_59.txt,True,nuagesbas,['nuagesbas'],[]
images/pyronear_brison_3_2023_06_08T05_46_44.jpg,labels/pyronear_brison_3_2023_06_08T05_46_44.txt,True,grosnuages,['grosnuages'],[]
images/pyronear_brison_2_2023_10_29T06_12_30.jpg,labels/pyronear_brison_2_2023_10_29T06_12_30.txt,True,brume,"['batiment', 'brume']",['brume']
images/pyronear_brison_2_2023_10_19T09_51_08.jpg,labels/pyronear_brison_2_2023_10_19T09_51_08.txt,True,brume,"['batiment', 'brume']",['brume']
images/pyronear_salaunes_2_4_2023_08_19T05_02_54.jpg,labels/pyronear_salaunes_2_4_2023_08_19T05_02_54.txt,True,tuyau,['tuyau'],[]
images/pyronear_salaunes_1_4_2023_09_29T17_19_23.jpg,labels/pyronear_salaunes_1_4_2023_09_29T17_19_23.txt,True,glare,['glareptjaune'],[]
images/pyronear_marguerite_4_2023_10_24T11_13_48.jpg,labels/pyronear_marguerite_4_2023_10_24T11_13_48.txt,True,nuagesbas,['nuagesbas'],[]
images/pyronear_courmettes_1_2023_09_27T05_54_03.jpg,labels/pyronear_courmettes_1_2023_09_27T05_54_03.txt,True,glare,['glareptjaune'],[]
images/pyronear_valbonne_2_2023_11_05T15_27_37.jpg,labels/pyronear_valbonne_2_2023_11_05T15_27_37.txt,True,nuagesbas,['nuagesbas'],[]
images/pyronear_brison_3_2023_09_07T06_49_01.jpg,labels/pyronear_brison_3_2023_09_07T06_49_01.txt,True,montagne,['montagne'],[]
images/pyronear_brison_2_2023_10_19T08_18_08.jpg,labels/pyronear_brison_2_2023_10_19T08_18_08.txt,True,brume,"['batiment', 'brume']",['brume']
images/pyronear_cabanelle_1_2023_10_13T06_01_57.jpg,labels/pyronear_cabanelle_1_2023_10_13T06_01_57.txt,True,grosnuages,['grosnuages'],['brume']
images/pyronear_brison_4_2023_08_17T07_55_16.jpg,labels/pyronear_brison_4_2023_08_17T07_55_16.txt,True,grosnuages,['grosnuages'],"['insecte', 'tache']"
images/pyronear_ferion_2_2023_10_29T15_09_07.jpg,labels/pyronear_ferion_2_2023_10_29T15_09_07.txt,True,grosnuages,['grosnuages'],[]
images/pyronear_valbonne_2_2023_11_05T15_50_07.jpg,labels/pyronear_valbonne_2_2023_11_05T15_50_07.txt,True,nuagesbas,['nuagesbas'],[]
images/pyronear_courmettes_2_2023_10_28T06_40_14.jpg,labels/pyronear_courmettes_2_2023_10_28T06_40_14.txt,True,glare,['glare'],[]
images/pyronear_valbonne_2_2023_11_06T15_32_45.jpg,labels/pyronear_valbonne_2_2023_11_06T15_32_45.txt,True,nuagesbas,['nuagesbas'],[]
images/pyronear_salaunes_2_1_2023_08_27T09_55_37.jpg,labels/pyronear_salaunes_2_1_2023_08_27T09_55_37.txt,True,grosnuages,['grosnuages'],[]
images/pyronear_marguerite_3_2023_09_18T08_16_55.jpg,labels/pyronear_marguerite_3_2023_09_18T08_16_55.txt,True,arbre,['arbre'],['brume']
images/pyronear_marguerite_3_2023_09_18T05_35_48.jpg,labels/pyronear_marguerite_3_2023_09_18T05_35_48.txt,True,arbre,['arbre'],['brume']
images/pyronear_brison_2_2023_09_21T06_47_21.jpg,labels/pyronear_brison_2_2023_09_21T06_47_21.txt,True,brume,"['batiment', 'brume']",['brume']
images/pyronear_marguerite_1_2023_09_18T16_10_36.jpg,labels/pyronear_marguerite_1_2023_09_18T16_10_36.txt,True,glare,['glare'],[]
images/pyronear_courmettes_1_2023_11_07T13_22_45.jpg,labels/pyronear_courmettes_1_2023_11_07T13_22_45.txt,True,nuagesbas,['nuagesbas'],[]
images/pyronear_brison_3_2023_09_07T06_39_30.jpg,labels/pyronear_brison_3_2023_09_07T06_39_30.txt,True,montagne,['montagne'],[]
images/pyronear_cabanelle_1_2023_10_11T06_45_27.jpg,labels/pyronear_cabanelle_1_2023_10_11T06_45_27.txt,True,brume,['brume'],[]
images/pyronear_salaunes_1_4_2023_09_29T17_26_54.jpg,labels/pyronear_salaunes_1_4_2023_09_29T17_26_54.txt,True,glare,['glareptjaune'],[]
images/pyronear_marguerite_4_2023_10_24T11_38_59.jpg,labels/pyronear_marguerite_4_2023_10_24T11_38_59.txt,True,nuagesbas,['nuagesbas'],[]
images/pyronear_valbonne_3_2023_09_28T17_49_39.jpg,labels/pyronear_valbonne_3_2023_09_28T17_49_39.txt,True,batiment,['batimentloin'],['soleilcouchant']
images/pyronear_marguerite_3_2023_09_18T05_42_45.jpg,labels/pyronear_marguerite_3_2023_09_18T05_42_45.txt,True,arbre,['arbre'],['brume']
images/pyronear_brison_2_2023_10_30T09_10_33.jpg,labels/pyronear_brison_2_2023_10_30T09_10_33.txt,True,brume,"['batiment', 'brume']",['brume']
images/pyronear_brison_4_2023_08_17T08_35_48.jpg,labels/pyronear_brison_4_2023_08_17T08_35_48.txt,True,grosnuages,['grosnuages'],"['insecte', 'tache']"
images/pyronear_ferion_2_2023_11_07T07_04_05.jpg,labels/pyronear_ferion_2_2023_11_07T07_04_05.txt,True,glare,"['glare', 'tache']",[]
images/pyronear_courmettes_2_2023_10_26T06_56_50.jpg,labels/pyronear_courmettes_2_2023_10_26T06_56_50.txt,True,glare,['glare'],[]
images/pyronear_cabanelle_2_2023_10_04T06_31_31.jpg,labels/pyronear_cabanelle_2_2023_10_04T06_31_31.txt,True,soleil,"['refletslac', 'soleil']",[]
images/pyronear_salaunes_2_4_2023_08_19T05_02_34.jpg,labels/pyronear_salaunes_2_4_2023_08_19T05_02_34.txt,True,tuyau,['tuyau'],[]
images/pyronear_salaunes_1_1_2023_08_09T18_07_59.jpg,labels/pyronear_salaunes_1_1_2023_08_09T18_07_59.txt,True,nuagesbas,['nuagesbas'],[]
images/pyronear_marguerite_2_2023_09_10T18_22_21.jpg,labels/pyronear_marguerite_2_2023_09_10T18_22_21.txt,True,nuagesbas,['nuagesbas'],['soleilcouchant']
images/pyronear_valbonne_3_2023_09_30T17_45_33.jpg,labels/pyronear_valbonne_3_2023_09_30T17_45_33.txt,True,batiment,['batimentloin'],['soleilcouchant']
images/pyronear_marguerite_1_2023_09_05T18_00_10.jpg,labels/pyronear_marguerite_1_2023_09_05T18_00_10.txt,True,soleil,['soleil'],[]
images/pyronear_cabanelle_2_2023_09_30T06_07_41.jpg,labels/pyronear_cabanelle_2_2023_09_30T06_07_41.txt,True,soleil,"['glare', 'refletslac', 'soleil', 'tacherouge']",[]
images/pyronear_ferion_2_2023_10_28T07_02_19.jpg,labels/pyronear_ferion_2_2023_10_28T07_02_19.txt,True,glare,"['glare', 'tache']",[]
images/pyronear_valbonne_4_2023_11_02T11_18_37.jpg,labels/pyronear_valbonne_4_2023_11_02T11_18_37.txt,True,nuagesbas,['nuagesbas'],[]
images/pyronear_brison_4_2023_10_28T06_12_17.jpg,labels/pyronear_brison_4_2023_10_28T06_12_17.txt,True,nuagesbas,['nuagesbas'],[]
images/pyronear_valbonne_2_2023_11_06T15_08_44.jpg,labels/pyronear_valbonne_2_2023_11_06T15_08_44.txt,True,nuagesbas,['nuagesbas'],[]
images/pyronear_ferion_2_2023_10_28T15_00_04.jpg,labels/pyronear_ferion_2_2023_10_28T15_00_04.txt,True,grosnuages,['grosnuages'],[]
images/pyronear_marguerite_4_2023_09_21T12_38_37.jpg,labels/pyronear_marguerite_4_2023_09_21T12_38_37.txt,True,tache,"['batiment', 'tache']","['brume', 'pluie']"
images/pyronear_brison_2_2023_10_30T07_32_56.jpg,labels/pyronear_brison_2_2023_10_30T07_32_56.txt,True,brume,"['batiment', 'brume']",['brume']
images/pyronear_brison_2_2023_11_01T10_05_59.jpg,labels/pyronear_brison_2_2023_11_01T10_05_59.txt,True,brume,"['batiment', 'brume']",['brume']
images/pyronear_ferion_2_2023_10_28T15_16_35.jpg,labels/pyronear_ferion_2_2023_10_28T15_16_35.txt,True,grosnuages,['grosnuages'],[]
images/pyronear_salaunes_1_2_2023_09_30T11_37_35.jpg,labels/pyronear_salaunes_1_2_2023_09_30T11_37_35.txt,True,glare,['glare'],[]
images/pyronear_valbonne_2_2023_11_05T14_36_35.jpg,labels/pyronear_valbonne_2_2023_11_05T14_36_35.txt,True,nuagesbas,['nuagesbas'],[]
images/pyronear_valbonne_2_2023_11_05T14_57_35.jpg,labels/pyronear_valbonne_2_2023_11_05T14_57_35.txt,True,nuagesbas,['nuagesbas'],[]
images/pyronear_marguerite_3_2023_09_18T08_37_56.jpg,labels/pyronear_marguerite_3_2023_09_18T08_37_56.txt,True,arbre,['arbre'],['brume']
images/pyronear_marguerite_3_2023_09_18T08_14_55.jpg,labels/pyronear_marguerite_3_2023_09_18T08_14_55.txt,True,arbre,['arbre'],['brume']
images/pyronear_brison_2_2023_10_11T05_54_56.jpg,labels/pyronear_brison_2_2023_10_11T05_54_56.txt,True,soleil,['soleil'],['batiment']
images/pyronear_salaunes_1_4_2023_09_29T17_20_25.jpg,labels/pyronear_salaunes_1_4_2023_09_29T17_20_25.txt,True,glare,['glareptjaune'],[]
images/pyronear_brison_2_2023_10_30T13_46_05.jpg,labels/pyronear_brison_2_2023_10_30T13_46_05.txt,True,brume,"['batiment', 'brume']",['brume']
images/pyronear_valbonne_4_2023_10_08T06_00_23.jpg,labels/pyronear_valbonne_4_2023_10_08T06_00_23.txt,True,soleil,['soleil'],['batiment']
images/pyronear_marguerite_2_2023_09_10T18_29_50.jpg,labels/pyronear_marguerite_2_2023_09_10T18_29_50.txt,True,nuagesbas,['nuagesbas'],['soleilcouchant']
images/pyronear_valbonne_2_2023_11_06T14_56_45.jpg,labels/pyronear_valbonne_2_2023_11_06T14_56_45.txt,True,nuagesbas,['nuagesbas'],[]
images/pyronear_brison_3_2023_08_29T06_21_14.jpg,labels/pyronear_brison_3_2023_08_29T06_21_14.txt,True,montagne,['montagne'],[]
images/pyronear_brison_2_2023_09_22T08_51_47.jpg,labels/pyronear_brison_2_2023_09_22T08_51_47.txt,True,nuagesbas,['nuagesbas'],['batiment']
images/pyronear_brison_4_2023_07_31T04_55_09.jpg,labels/pyronear_brison_4_2023_07_31T04_55_09.txt,True,nuagesbas,['nuagesbas'],[]
images/pyronear_valbonne_2_2023_11_07T14_32_50.jpg,labels/pyronear_valbonne_2_2023_11_07T14_32_50.txt,True,nuagesbas,['nuagesbas'],[]
images/pyronear_brison_4_2023_06_12T12_03_33.jpg,labels/pyronear_brison_4_2023_06_12T12_03_33.txt,True,nuagesbas,['nuagesbas'],['brume']
images/pyronear_marguerite_3_2023_09_18T05_29_14.jpg,labels/pyronear_marguerite_3_2023_09_18T05_29_14.txt,True,arbre,['arbre'],['brume']
images/pyronear_salaunes_1_4_2023_10_04T17_17_47.jpg,labels/pyronear_salaunes_1_4_2023_10_04T17_17_47.txt,True,glare,['glareptjaune'],[]
images/pyronear_brison_2_2023_06_08T06_06_10.jpg,labels/pyronear_brison_2_2023_06_08T06_06_10.txt,True,grosnuages,['grosnuages'],['batiment']
images/pyronear_marguerite_1_2023_09_14T14_55_03.jpg,labels/pyronear_marguerite_1_2023_09_14T14_55_03.txt,True,nuagesbas,['nuagesbas'],[]
images/pyronear_courmettes_2_2023_10_26T06_57_20.jpg,labels/pyronear_courmettes_2_2023_10_26T06_57_20.txt,True,glare,['glare'],[]
images/pyronear_valbonne_4_2023_11_06T06_14_04.jpg,labels/pyronear_valbonne_4_2023_11_06T06_14_04.txt,True,soleil,['soleil'],['batiment']
images/pyronear_valbonne_4_2023_10_29T08_57_19.jpg,labels/pyronear_valbonne_4_2023_10_29T08_57_19.txt,True,nuagesbas,['nuagesbas'],[]
images/pyronear_valbonne_2_2023_11_07T14_44_50.jpg,labels/pyronear_valbonne_2_2023_11_07T14_44_50.txt,True,nuagesbas,['nuagesbas'],[]
images/pyronear_cabanelle_1_2023_10_11T11_46_52.jpg,labels/pyronear_cabanelle_1_2023_10_11T11_46_52.txt,True,brume,['brume'],[]
images/pyronear_marguerite_1_2023_09_14T05_40_14.jpg,labels/pyronear_marguerite_1_2023_09_14T05_40_14.txt,True,grosnuages,['grosnuages'],[]
images/pyronear_courmettes_4_2023_10_19T09_42_14.jpg,labels/pyronear_courmettes_4_2023_10_19T09_42_14.txt,True,arbre,['arbre'],['brume']
images/pyronear_marguerite_1_2023_09_14T16_06_06.jpg,labels/pyronear_marguerite_1_2023_09_14T16_06_06.txt,True,glare,['glare'],[]
images/pyronear_courmettes_2_2023_10_27T06_58_49.jpg,labels/pyronear_courmettes_2_2023_10_27T06_58_49.txt,True,glare,['glare'],[]
images/pyronear_valbonne_2_2023_11_06T15_06_14.jpg,labels/pyronear_valbonne_2_2023_11_06T15_06_14.txt,True,nuagesbas,['nuagesbas'],[]
images/pyronear_marguerite_3_2023_09_18T05_45_46.jpg,labels/pyronear_marguerite_3_2023_09_18T05_45_46.txt,True,arbre,['arbre'],['brume']
images/pyronear_brison_1_2023_06_16T04_02_12.jpg,labels/pyronear_brison_1_2023_06_16T04_02_12.txt,True,soleil,['soleil'],[]
images/pyronear_marguerite_1_2023_09_16T12_34_35.jpg,labels/pyronear_marguerite_1_2023_09_16T12_34_35.txt,True,nuagesbas,['nuagesbas'],[]
images/pyronear_brison_1_2023_07_24T17_23_37.jpg,labels/pyronear_brison_1_2023_07_24T17_23_37.txt,True,tache,['tachenoire'],[]
images/pyronear_brison_2_2023_10_30T09_14_07.jpg,labels/pyronear_brison_2_2023_10_30T09_14_07.txt,True,brume,"['batiment', 'brume']",['brume']
images/pyronear_salaunes_2_1_2023_08_27T08_33_41.jpg,labels/pyronear_salaunes_2_1_2023_08_27T08_33_41.txt,True,grosnuages,['grosnuages'],[]
images/pyronear_ferion_3_2023_10_19T15_34_21.jpg,labels/pyronear_ferion_3_2023_10_19T15_34_21.txt,True,brume,['brume'],[]
images/pyronear_courmettes_1_2023_09_27T06_20_36.jpg,labels/pyronear_courmettes_1_2023_09_27T06_20_36.txt,True,soleil,"['glare', 'refletslac', 'soleil', 'tacherouge']",[]
images/pyronear_cabanelle_1_2023_10_13T08_03_01.jpg,labels/pyronear_cabanelle_1_2023_10_13T08_03_01.txt,True,grosnuages,['grosnuages'],[]
images/pyronear_valbonne_3_2023_10_20T11_23_11.jpg,labels/pyronear_valbonne_3_2023_10_20T11_23_11.txt,True,nuagesbas,['nuagesbas'],[]
images/pyronear_brison_2_2023_09_22T08_43_47.jpg,labels/pyronear_brison_2_2023_09_22T08_43_47.txt,True,nuagesbas,['nuagesbas'],['batiment']
images/pyronear_salaunes_2_1_2023_08_28T18_30_51.jpg,labels/pyronear_salaunes_2_1_2023_08_28T18_30_51.txt,True,grosnuages,['grosnuagesrefletssoleil'],[]
images/pyronear_valbonne_2_2023_11_06T15_21_44.jpg,labels/pyronear_valbonne_2_2023_11_06T15_21_44.txt,True,nuagesbas,['nuagesbas'],[]
images/pyronear_brison_3_2023_09_22T05_26_40.jpg,labels/pyronear_brison_3_2023_09_22T05_26_40.txt,True,nuagesbas,['nuagesbas'],[]
images/pyronear_valbonne_2_2023_11_07T14_40_50.jpg,labels/pyronear_valbonne_2_2023_11_07T14_40_50.txt,True,nuagesbas,['nuagesbas'],[]
images/pyronear_ferion_2_2023_10_28T15_32_06.jpg,labels/pyronear_ferion_2_2023_10_28T15_32_06.txt,True,grosnuages,['grosnuages'],[]
images/pyronear_marguerite_4_2023_10_17T14_50_42.jpg,labels/pyronear_marguerite_4_2023_10_17T14_50_42.txt,True,batiment,['batiment'],"['brume', 'pluie']"
images/pyronear_ferion_2_2023_10_28T15_10_35.jpg,labels/pyronear_ferion_2_2023_10_28T15_10_35.txt,True,grosnuages,['grosnuages'],[]
images/pyronear_courmettes_4_2023_09_29T17_03_17.jpg,labels/pyronear_courmettes_4_2023_09_29T17_03_17.txt,True,soleil,['soleil'],['batiment']
images/pyronear_valbonne_4_2023_10_02T06_04_57.jpg,labels/pyronear_valbonne_4_2023_10_02T06_04_57.txt,True,soleil,['soleil'],['batiment']
images/pyronear_ferion_4_2023_11_06T15_36_37.jpg,labels/pyronear_ferion_4_2023_11_06T15_36_37.txt,True,nuagesbas,['nuagesbas'],['soleilcouchant']
images/pyronear_brison_2_2023_09_21T09_19_26.jpg,labels/pyronear_brison_2_2023_09_21T09_19_26.txt,True,brume,"['batiment', 'brume']",['brume']
images/pyronear_valbonne_4_2023_10_29T08_58_50.jpg,labels/pyronear_valbonne_4_2023_10_29T08_58_50.txt,True,nuagesbas,['nuagesbas'],[]
images/pyronear_marguerite_1_2023_09_14T14_54_33.jpg,labels/pyronear_marguerite_1_2023_09_14T14_54_33.txt,True,nuagesbas,['nuagesbas'],[]
images/pyronear_valbonne_3_2023_09_28T17_46_39.jpg,labels/pyronear_valbonne_3_2023_09_28T17_46_39.txt,True,batiment,['batimentloin'],['soleilcouchant']
images/pyronear_salaunes_2_1_2023_08_27T09_37_07.jpg,labels/pyronear_salaunes_2_1_2023_08_27T09_37_07.txt,True,grosnuages,['grosnuages'],[]
images/pyronear_marguerite_3_2023_09_18T07_59_27.jpg,labels/pyronear_marguerite_3_2023_09_18T07_59_27.txt,True,arbre,['arbre'],['brume']
images/pyronear_valbonne_4_2023_10_18T10_58_13.jpg,labels/pyronear_valbonne_4_2023_10_18T10_58_13.txt,True,nuagesbas,['nuagesbas'],[]
images/pyronear_ferion_2_2023_10_29T15_39_09.jpg,labels/pyronear_ferion_2_2023_10_29T15_39_09.txt,True,grosnuages,['grosnuages'],[]
images/pyronear_ferion_2_2023_10_28T15_54_37.jpg,labels/pyronear_ferion_2_2023_10_28T15_54_37.txt,True,grosnuages,['grosnuages'],[]
images/pyronear_brison_2_2023_10_29T06_06_28.jpg,labels/pyronear_brison_2_2023_10_29T06_06_28.txt,True,brume,"['batiment', 'brume']",['brume']
images/pyronear_valbonne_4_2023_10_29T09_01_49.jpg,labels/pyronear_valbonne_4_2023_10_29T09_01_49.txt,True,nuagesbas,['nuagesbas'],[]
images/pyronear_marguerite_3_2023_09_18T09_19_27.jpg,labels/pyronear_marguerite_3_2023_09_18T09_19_27.txt,True,arbre,['arbre'],['brume']
images/pyronear_ferion_2_2023_10_24T16_25_15.jpg,labels/pyronear_ferion_2_2023_10_24T16_25_15.txt,True,grosnuages,['grosnuages'],[]
images/pyronear_brison_4_2023_08_17T07_33_12.jpg,labels/pyronear_brison_4_2023_08_17T07_33_12.txt,True,grosnuages,['grosnuages'],"['insecte', 'tache']"
images/pyronear_cabanelle_1_2023_10_10T11_29_14.jpg,labels/pyronear_cabanelle_1_2023_10_10T11_29_14.txt,True,grosnuages,"['grosnuages', 'nuagesbas']",[]
images/pyronear_brison_2_2023_10_30T06_38_59.jpg,labels/pyronear_brison_2_2023_10_30T06_38_59.txt,True,brume,"['batiment', 'brume']",['brume']
images/pyronear_cabanelle_1_2023_10_10T08_51_11.jpg,labels/pyronear_cabanelle_1_2023_10_10T08_51_11.txt,True,grosnuages,"['grosnuages', 'nuagesbas']",[]
images/pyronear_brison_2_2023_10_08T05_53_13.jpg,labels/pyronear_brison_2_2023_10_08T05_53_13.txt,True,soleil,['soleil'],['batiment']
images/pyronear_valbonne_4_2023_11_02T11_17_41.jpg,labels/pyronear_valbonne_4_2023_11_02T11_17_41.txt,True,nuagesbas,['nuagesbas'],[]
images/pyronear_marguerite_2_2023_09_24T17_25_43.jpg,labels/pyronear_marguerite_2_2023_09_24T17_25_43.txt,True,nuagesbas,['nuagesfiligranes'],[]
images/pyronear_brison_4_2023_08_17T07_56_37.jpg,labels/pyronear_brison_4_2023_08_17T07_56_37.txt,True,grosnuages,['grosnuages'],"['insecte', 'tache']"
images/pyronear_brison_2_2023_10_19T08_22_37.jpg,labels/pyronear_brison_2_2023_10_19T08_22_37.txt,True,brume,"['batiment', 'brume']",['brume']
images/pyronear_brison_4_2023_08_17T10_28_22.jpg,labels/pyronear_brison_4_2023_08_17T10_28_22.txt,True,grosnuages,['grosnuages'],"['insecte', 'tache']"
images/pyronear_marguerite_2_2023_09_24T17_27_13.jpg,labels/pyronear_marguerite_2_2023_09_24T17_27_13.txt,True,nuagesbas,['nuagesfiligranes'],[]
images/pyronear_brison_1_2023_08_19T04_54_21.jpg,labels/pyronear_brison_1_2023_08_19T04_54_21.txt,True,soleil,['soleil'],[]
images/pyronear_brison_2_2023_10_19T08_18_05.jpg,labels/pyronear_brison_2_2023_10_19T08_18_05.txt,True,brume,"['batiment', 'brume']",['brume']
images/pyronear_brison_4_2023_06_28T19_12_35.jpg,labels/pyronear_brison_4_2023_06_28T19_12_35.txt,True,soleil,['soleil'],[]
images/pyronear_brison_2_2023_09_22T09_00_43.jpg,labels/pyronear_brison_2_2023_09_22T09_00_43.txt,True,nuagesbas,['nuagesbas'],['batiment']
images/pyronear_marguerite_1_2023_09_13T16_35_41.jpg,labels/pyronear_marguerite_1_2023_09_13T16_35_41.txt,True,soleil,['soleilrayons'],[]
images/pyronear_courmettes_1_2023_11_07T12_50_13.jpg,labels/pyronear_courmettes_1_2023_11_07T12_50_13.txt,True,nuagesbas,['nuagesbas'],[]
images/pyronear_cabanelle_1_2023_10_13T06_14_30.jpg,labels/pyronear_cabanelle_1_2023_10_13T06_14_30.txt,True,grosnuages,['grosnuages'],['brume']
images/pyronear_salaunes_1_2_2023_08_05T05_28_54.jpg,labels/pyronear_salaunes_1_2_2023_08_05T05_28_54.txt,True,grosnuages,['grosnuages'],[]
images/pyronear_brison_4_2023_10_28T06_03_24.jpg,labels/pyronear_brison_4_2023_10_28T06_03_24.txt,True,nuagesbas,['nuagesbas'],[]
images/pyronear_valbonne_4_2023_11_03T15_36_01.jpg,labels/pyronear_valbonne_4_2023_11_03T15_36_01.txt,True,nuagesbas,['nuagesbas'],[]
images/pyronear_valbonne_2_2023_11_06T15_58_45.jpg,labels/pyronear_valbonne_2_2023_11_06T15_58_45.txt,True,nuagesbas,['nuagesbas'],[]
images/pyronear_courmettes_2_2023_10_28T06_41_14.jpg,labels/pyronear_courmettes_2_2023_10_28T06_41_14.txt,True,glare,['glare'],[]
images/pyronear_cabanelle_2_2023_10_01T06_39_06.jpg,labels/pyronear_cabanelle_2_2023_10_01T06_39_06.txt,True,soleil,"['glare', 'refletslac', 'soleil', 'tacherouge']",[]
images/pyronear_marguerite_4_2023_09_16T08_22_29.jpg,labels/pyronear_marguerite_4_2023_09_16T08_22_29.txt,True,tache,"['batiment', 'tache']","['brume', 'pluie']"
images/pyronear_brison_4_2023_06_19T19_05_52.jpg,labels/pyronear_brison_4_2023_06_19T19_05_52.txt,True,glare,['glareptjaune'],[]
images/pyronear_courmettes_4_2023_11_02T11_07_41.jpg,labels/pyronear_courmettes_4_2023_11_02T11_07_41.txt,True,arbre,['arbre'],['brume']
images/pyronear_valbonne_4_2023_11_02T09_04_36.jpg,labels/pyronear_valbonne_4_2023_11_02T09_04_36.txt,True,nuagesbas,['nuagesbas'],[]
images/pyronear_valbonne_3_2023_10_20T16_47_55.jpg,labels/pyronear_valbonne_3_2023_10_20T16_47_55.txt,True,nuagesbas,['nuagesbas'],[]
images/pyronear_ferion_3_2023_10_19T15_45_53.jpg,labels/pyronear_ferion_3_2023_10_19T15_45_53.txt,True,brume,['brume'],[]
images/pyronear_cabanelle_1_2023_10_11T14_30_04.jpg,labels/pyronear_cabanelle_1_2023_10_11T14_30_04.txt,True,brume,['brume'],[]
images/pyronear_valbonne_4_2023_10_02T05_48_57.jpg,labels/pyronear_valbonne_4_2023_10_02T05_48_57.txt,True,soleil,['soleil'],['batiment']
images/pyronear_brison_2_2023_10_30T08_07_55.jpg,labels/pyronear_brison_2_2023_10_30T08_07_55.txt,True,brume,"['batiment', 'brume']",['brume']
images/pyronear_brison_2_2023_10_19T07_36_06.jpg,labels/pyronear_brison_2_2023_10_19T07_36_06.txt,True,brume,"['batiment', 'brume']",['brume']
images/pyronear_marguerite_3_2023_09_18T10_40_00.jpg,labels/pyronear_marguerite_3_2023_09_18T10_40_00.txt,True,arbre,['arbre'],['brume']
images/pyronear_courmettes_1_2023_11_07T12_43_43.jpg,labels/pyronear_courmettes_1_2023_11_07T12_43_43.txt,True,nuagesbas,['nuagesbas'],[]
images/pyronear_salaunes_1_2_2023_09_30T11_28_33.jpg,labels/pyronear_salaunes_1_2_2023_09_30T11_28_33.txt,True,glare,['glare'],[]
images/pyronear_st_peray_1_2023_07_21T08_42_29.jpg,labels/pyronear_st_peray_1_2023_07_21T08_42_29.txt,True,grosnuages,['grosnuages'],[]
images/pyronear_marguerite_1_2023_09_15T16_12_06.jpg,labels/pyronear_marguerite_1_2023_09_15T16_12_06.txt,True,glare,['glare'],[]
images/pyronear_brison_2_2023_10_29T06_26_29.jpg,labels/pyronear_brison_2_2023_10_29T06_26_29.txt,True,brume,"['batiment', 'brume']",['brume']
images/pyronear_cabanelle_1_2023_10_11T15_25_59.jpg,labels/pyronear_cabanelle_1_2023_10_11T15_25_59.txt,True,brume,['brume'],[]
images/pyronear_valbonne_2_2023_11_07T06_29_32.jpg,labels/pyronear_valbonne_2_2023_11_07T06_29_32.txt,True,nuagesbas,['nuagesbas'],[]
images/pyronear_marguerite_3_2023_09_18T09_11_27.jpg,labels/pyronear_marguerite_3_2023_09_18T09_11_27.txt,True,arbre,['arbre'],['brume']
images/pyronear_brison_1_2023_08_19T04_54_49.jpg,labels/pyronear_brison_1_2023_08_19T04_54_49.txt,True,soleil,['soleil'],[]
images/pyronear_courmettes_1_2023_11_07T07_31_03.jpg,labels/pyronear_courmettes_1_2023_11_07T07_31_03.txt,True,soleil,"['refletslac', 'soleil']",[]
images/pyronear_cabanelle_1_2023_10_10T14_47_20.jpg,labels/pyronear_cabanelle_1_2023_10_10T14_47_20.txt,True,grosnuages,"['grosnuages', 'nuagesbas']",[]
images/pyronear_cabanelle_2_2023_10_01T06_44_06.jpg,labels/pyronear_cabanelle_2_2023_10_01T06_44_06.txt,True,soleil,"['refletslac', 'soleil']",[]
images/pyronear_valbonne_2_2023_11_06T15_28_15.jpg,labels/pyronear_valbonne_2_2023_11_06T15_28_15.txt,True,nuagesbas,['nuagesbas'],[]
images/pyronear_valbonne_2_2023_11_05T16_07_10.jpg,labels/pyronear_valbonne_2_2023_11_05T16_07_10.txt,True,nuagesbas,['nuagesbas'],[]
images/pyronear_courmettes_1_2023_11_07T12_29_43.jpg,labels/pyronear_courmettes_1_2023_11_07T12_29_43.txt,True,nuagesbas,['nuagesbas'],[]
images/pyronear_courmettes_4_2023_10_20T15_59_25.jpg,labels/pyronear_courmettes_4_2023_10_20T15_59_25.txt,True,grosnuages,['grosnuages'],"['antenne', 'soleilcontrejour']"
images/pyronear_brison_1_2023_09_13T13_28_27.jpg,labels/pyronear_brison_1_2023_09_13T13_28_27.txt,True,nuagesbas,['nuagesbas'],[]
images/pyronear_cabanelle_1_2023_10_10T09_04_40.jpg,labels/pyronear_cabanelle_1_2023_10_10T09_04_40.txt,True,grosnuages,"['grosnuages', 'nuagesbas']",[]
images/pyronear_valbonne_3_2023_09_30T17_44_03.jpg,labels/pyronear_valbonne_3_2023_09_30T17_44_03.txt,True,batiment,['batimentloin'],['soleilcouchant']
images/pyronear_brison_4_2023_10_28T06_25_59.jpg,labels/pyronear_brison_4_2023_10_28T06_25_59.txt,True,nuagesbas,['nuagesbas'],[]
images/pyronear_salaunes_1_4_2023_10_05T17_15_44.jpg,labels/pyronear_salaunes_1_4_2023_10_05T17_15_44.txt,True,glare,['glareptjaune'],[]
images/pyronear_brison_2_2023_06_09T14_29_45.jpg,labels/pyronear_brison_2_2023_06_09T14_29_45.txt,True,nuagesbas,['nuagesbas'],['batiment']
images/pyronear_salaunes_1_1_2023_11_03T15_35_35.jpg,labels/pyronear_salaunes_1_1_2023_11_03T15_35_35.txt,True,grosnuages,['grosnuages'],[]
images/pyronear_courmettes_2_2023_10_26T06_49_50.jpg,labels/pyronear_courmettes_2_2023_10_26T06_49_50.txt,True,glare,['glare'],[]
images/pyronear_brison_4_2023_08_17T10_15_23.jpg,labels/pyronear_brison_4_2023_08_17T10_15_23.txt,True,grosnuages,['grosnuages'],"['insecte', 'tache']"
images/pyronear_brison_2_2023_08_27T09_00_35.jpg,labels/pyronear_brison_2_2023_08_27T09_00_35.txt,True,grosnuages,['grosnuages'],['batiment']
images/pyronear_courmettes_2_2023_10_26T06_58_50.jpg,labels/pyronear_courmettes_2_2023_10_26T06_58_50.txt,True,glare,['glare'],[]
images/pyronear_brison_2_2023_09_21T09_29_26.jpg,labels/pyronear_brison_2_2023_09_21T09_29_26.txt,True,brume,"['batiment', 'brume']",['brume']
images/pyronear_brison_2_2023_10_19T09_50_08.jpg,labels/pyronear_brison_2_2023_10_19T09_50_08.txt,True,brume,"['batiment', 'brume']",['brume']
images/pyronear_courmettes_1_2023_11_07T12_57_14.jpg,labels/pyronear_courmettes_1_2023_11_07T12_57_14.txt,True,nuagesbas,['nuagesbas'],[]
images/pyronear_salaunes_2_1_2023_07_04T04_47_07.jpg,labels/pyronear_salaunes_2_1_2023_07_04T04_47_07.txt,True,arbre,['arbre'],['brume']
images/pyronear_brison_2_2023_11_01T11_04_31.jpg,labels/pyronear_brison_2_2023_11_01T11_04_31.txt,True,brume,"['batiment', 'brume']",['brume']
images/pyronear_marguerite_3_2023_09_18T10_37_32.jpg,labels/pyronear_marguerite_3_2023_09_18T10_37_32.txt,True,arbre,['arbre'],['brume']
images/pyronear_valbonne_4_2023_10_02T05_41_55.jpg,labels/pyronear_valbonne_4_2023_10_02T05_41_55.txt,True,soleil,['soleil'],['batiment']
images/pyronear_courmettes_2_2023_11_04T06_48_03.jpg,labels/pyronear_courmettes_2_2023_11_04T06_48_03.txt,True,glare,['glare'],[]
images/pyronear_brison_2_2023_10_29T06_28_28.jpg,labels/pyronear_brison_2_2023_10_29T06_28_28.txt,True,brume,"['batiment', 'brume']",['brume']
images/pyronear_courmettes_4_2023_10_03T17_15_24.jpg,labels/pyronear_courmettes_4_2023_10_03T17_15_24.txt,True,nuagesbas,['nuagesbas'],"['antenne', 'soleilcouchant']"
images/pyronear_cabanelle_1_2023_10_10T14_55_23.jpg,labels/pyronear_cabanelle_1_2023_10_10T14_55_23.txt,True,grosnuages,"['grosnuages', 'nuagesbas']",[]
images/pyronear_courmettes_1_2023_09_29T06_13_14.jpg,labels/pyronear_courmettes_1_2023_09_29T06_13_14.txt,True,glare,"['glaretacherouge', 'soleilrefletslac']",[]
images/pyronear_marguerite_2_2023_09_10T18_10_19.jpg,labels/pyronear_marguerite_2_2023_09_10T18_10_19.txt,True,nuagesbas,['nuagesbas'],['soleilcouchant']
images/pyronear_brison_3_2023_09_21T14_40_08.jpg,labels/pyronear_brison_3_2023_09_21T14_40_08.txt,True,grosnuages,['grosnuages'],['brume']
images/pyronear_brison_2_2023_10_30T08_15_26.jpg,labels/pyronear_brison_2_2023_10_30T08_15_26.txt,True,brume,"['batiment', 'brume']",['brume']
images/pyronear_brison_2_2023_10_19T07_37_05.jpg,labels/pyronear_brison_2_2023_10_19T07_37_05.txt,True,brume,"['batiment', 'brume']",['brume']
images/pyronear_courmettes_2_2023_10_24T14_49_20.jpg,labels/pyronear_courmettes_2_2023_10_24T14_49_20.txt,True,grosnuages,['grosnuages'],[]
images/pyronear_salaunes_2_1_2023_08_27T08_58_05.jpg,labels/pyronear_salaunes_2_1_2023_08_27T08_58_05.txt,True,grosnuages,['grosnuages'],[]
images/pyronear_marguerite_2_2023_08_29T17_37_12.jpg,labels/pyronear_marguerite_2_2023_08_29T17_37_12.txt,True,nuagesbas,['nuagesbas'],['soleilcouchant']
images/pyronear_brison_2_2023_09_21T10_03_52.jpg,labels/pyronear_brison_2_2023_09_21T10_03_52.txt,True,brume,"['batiment', 'brume']",['brume']
images/pyronear_brison_1_2023_07_11T04_17_42.jpg,labels/pyronear_brison_1_2023_07_11T04_17_42.txt,True,soleil,['soleil'],[]
images/pyronear_brison_2_2023_06_09T14_23_15.jpg,labels/pyronear_brison_2_2023_06_09T14_23_15.txt,True,nuagesbas,['nuagesbas'],['batiment']
images/pyronear_brison_2_2023_10_30T08_16_26.jpg,labels/pyronear_brison_2_2023_10_30T08_16_26.txt,True,brume,"['batiment', 'brume']",['brume']
images/pyronear_courmettes_2_2023_10_20T10_20_40.jpg,labels/pyronear_courmettes_2_2023_10_20T10_20_40.txt,True,grosnuages,['grosnuages'],['brume']
images/pyronear_brison_4_2023_08_17T07_30_42.jpg,labels/pyronear_brison_4_2023_08_17T07_30_42.txt,True,grosnuages,['grosnuages'],"['insecte', 'tache']"
images/pyronear_cabanelle_1_2023_10_13T08_29_02.jpg,labels/pyronear_cabanelle_1_2023_10_13T08_29_02.txt,True,grosnuages,['grosnuages'],[]
images/pyronear_ferion_3_2023_10_20T12_18_10.jpg,labels/pyronear_ferion_3_2023_10_20T12_18_10.txt,True,brume,['brume'],[]
images/pyronear_valbonne_2_2023_11_06T15_26_44.jpg,labels/pyronear_valbonne_2_2023_11_06T15_26_44.txt,True,nuagesbas,['nuagesbas'],[]
images/pyronear_courmettes_1_2023_11_07T13_06_14.jpg,labels/pyronear_courmettes_1_2023_11_07T13_06_14.txt,True,nuagesbas,['nuagesbas'],[]
images/pyronear_valbonne_3_2023_10_13T17_19_22.jpg,labels/pyronear_valbonne_3_2023_10_13T17_19_22.txt,True,batiment,['batimentloin'],['soleilcouchant']
images/pyronear_brison_3_2023_10_07T17_30_44.jpg,labels/pyronear_brison_3_2023_10_07T17_30_44.txt,True,zonenoire,['zonenoire'],['soleilcouchant']
images/pyronear_brison_2_2023_09_21T09_29_56.jpg,labels/pyronear_brison_2_2023_09_21T09_29_56.txt,True,brume,"['batiment', 'brume']",['brume']
images/pyronear_courmettes_1_2023_11_07T07_30_33.jpg,labels/pyronear_courmettes_1_2023_11_07T07_30_33.txt,True,soleil,"['refletslac', 'soleil']",[]
images/pyronear_courmettes_2_2023_10_20T09_50_05.jpg,labels/pyronear_courmettes_2_2023_10_20T09_50_05.txt,True,grosnuages,['grosnuages'],['brume']
images/pyronear_salaunes_2_1_2023_08_27T08_52_05.jpg,labels/pyronear_salaunes_2_1_2023_08_27T08_52_05.txt,True,grosnuages,['grosnuages'],[]
images/pyronear_brison_2_2023_06_09T14_31_44.jpg,labels/pyronear_brison_2_2023_06_09T14_31_44.txt,True,nuagesbas,['nuagesbas'],['batiment']
images/pyronear_valbonne_4_2023_10_29T09_51_22.jpg,labels/pyronear_valbonne_4_2023_10_29T09_51_22.txt,True,nuagesbas,['nuagesbas'],[]
images/pyronear_salaunes_1_4_2023_09_29T17_22_23.jpg,labels/pyronear_salaunes_1_4_2023_09_29T17_22_23.txt,True,glare,['glareptjaune'],[]
images/pyronear_brison_2_2023_09_21T06_12_20.jpg,labels/pyronear_brison_2_2023_09_21T06_12_20.txt,True,brume,"['batiment', 'brume']",['brume']
images/pyronear_cabanelle_1_2023_10_13T09_13_33.jpg,labels/pyronear_cabanelle_1_2023_10_13T09_13_33.txt,True,grosnuages,['grosnuages'],[]
images/pyronear_brison_2_2023_09_21T09_35_28.jpg,labels/pyronear_brison_2_2023_09_21T09_35_28.txt,True,brume,"['batiment', 'brume']",['brume']
images/pyronear_brison_3_2023_08_27T07_03_07.jpg,labels/pyronear_brison_3_2023_08_27T07_03_07.txt,True,grosnuages,['grosnuages'],['brume']
images/pyronear_cabanelle_1_2023_10_10T11_28_44.jpg,labels/pyronear_cabanelle_1_2023_10_10T11_28_44.txt,True,grosnuages,"['grosnuages', 'nuagesbas']",[]
images/pyronear_marguerite_2_2023_09_10T18_33_50.jpg,labels/pyronear_marguerite_2_2023_09_10T18_33_50.txt,True,nuagesbas,['nuagesbas'],['soleilcouchant']
images/pyronear_salaunes_1_4_2023_10_24T06_46_50.jpg,labels/pyronear_salaunes_1_4_2023_10_24T06_46_50.txt,True,grosnuages,['grosnuages'],[]
images/pyronear_marguerite_1_2023_09_16T12_39_30.jpg,labels/pyronear_marguerite_1_2023_09_16T12_39_30.txt,True,nuagesbas,['nuagesbas'],[]
images/pyronear_brison_2_2023_08_27T09_00_13.jpg,labels/pyronear_brison_2_2023_08_27T09_00_13.txt,True,grosnuages,['grosnuages'],['batiment']
images/pyronear_valbonne_3_2023_10_20T10_35_40.jpg,labels/pyronear_valbonne_3_2023_10_20T10_35_40.txt,True,nuagesbas,['nuagesbas'],[]
images/pyronear_courmettes_4_2023_11_02T11_11_40.jpg,labels/pyronear_courmettes_4_2023_11_02T11_11_40.txt,True,arbre,['arbre'],['brume']
images/pyronear_salaunes_2_4_2023_08_19T05_33_33.jpg,labels/pyronear_salaunes_2_4_2023_08_19T05_33_33.txt,True,tuyau,['tuyau'],[]
images/pyronear_cabanelle_1_2023_10_10T08_37_09.jpg,labels/pyronear_cabanelle_1_2023_10_10T08_37_09.txt,True,grosnuages,"['grosnuages', 'nuagesbas']",[]
images/pyronear_valbonne_2_2023_11_07T14_31_49.jpg,labels/pyronear_valbonne_2_2023_11_07T14_31_49.txt,True,nuagesbas,['nuagesbas'],[]
images/pyronear_ferion_2_2023_10_28T15_54_11.jpg,labels/pyronear_ferion_2_2023_10_28T15_54_11.txt,True,grosnuages,['grosnuages'],[]
images/pyronear_valbonne_3_2023_09_30T17_46_03.jpg,labels/pyronear_valbonne_3_2023_09_30T17_46_03.txt,True,batiment,['batimentloin'],['soleilcouchant']
images/pyronear_courmettes_2_2023_10_26T06_54_50.jpg,labels/pyronear_courmettes_2_2023_10_26T06_54_50.txt,True,glare,['glare'],[]
images/pyronear_brison_4_2023_10_24T16_04_07.jpg,labels/pyronear_brison_4_2023_10_24T16_04_07.txt,True,grosnuages,['grosnuages'],[]
images/pyronear_courmettes_1_2023_11_07T13_21_15.jpg,labels/pyronear_courmettes_1_2023_11_07T13_21_15.txt,True,nuagesbas,['nuagesbas'],[]
images/pyronear_brison_4_2023_10_28T06_01_25.jpg,labels/pyronear_brison_4_2023_10_28T06_01_25.txt,True,nuagesbas,['nuagesbas'],[]
images/pyronear_marguerite_3_2023_09_18T08_22_55.jpg,labels/pyronear_marguerite_3_2023_09_18T08_22_55.txt,True,arbre,['arbre'],['brume']
images/pyronear_brison_1_2023_06_29T04_19_21.jpg,labels/pyronear_brison_1_2023_06_29T04_19_21.txt,True,soleil,['soleil'],[]
images/pyronear_marguerite_4_2023_06_09T13_09_44.jpg,labels/pyronear_marguerite_4_2023_06_09T13_09_44.txt,True,tache,"['batiment', 'tache']","['brume', 'pluie']"
images/pyronear_marguerite_1_2023_09_16T12_39_35.jpg,labels/pyronear_marguerite_1_2023_09_16T12_39_35.txt,True,nuagesbas,['nuagesbas'],[]
images/pyronear_brison_2_2023_10_29T06_16_58.jpg,labels/pyronear_brison_2_2023_10_29T06_16_58.txt,True,brume,"['batiment', 'brume']",['brume']
images/pyronear_valbonne_4_2023_10_02T05_57_57.jpg,labels/pyronear_valbonne_4_2023_10_02T05_57_57.txt,True,soleil,['soleil'],['batiment']
images/pyronear_marguerite_4_2023_10_29T13_17_15.jpg,labels/pyronear_marguerite_4_2023_10_29T13_17_15.txt,True,batiment,['batiment'],"['brume', 'pluie']"
images/pyronear_brison_3_2023_09_07T06_34_31.jpg,labels/pyronear_brison_3_2023_09_07T06_34_31.txt,True,montagne,['montagne'],[]
images/pyronear_ferion_2_2023_10_17T14_35_06.jpg,labels/pyronear_ferion_2_2023_10_17T14_35_06.txt,True,nuagesbas,['nuagesbas'],['brume']
images/pyronear_marguerite_2_2023_06_28T19_18_07.jpg,labels/pyronear_marguerite_2_2023_06_28T19_18_07.txt,True,soleil,['soleil'],[]
images/pyronear_valbonne_2_2023_11_07T14_42_50.jpg,labels/pyronear_valbonne_2_2023_11_07T14_42_50.txt,True,nuagesbas,['nuagesbas'],[]
images/pyronear_salaunes_1_1_2023_11_03T15_31_05.jpg,labels/pyronear_salaunes_1_1_2023_11_03T15_31_05.txt,True,grosnuages,['grosnuages'],[]
images/pyronear_marguerite_1_2023_09_14T16_13_06.jpg,labels/pyronear_marguerite_1_2023_09_14T16_13_06.txt,True,glare,['glaresoleilrayons'],[]
images/pyronear_courmettes_1_2023_10_05T05_13_09.jpg,labels/pyronear_courmettes_1_2023_10_05T05_13_09.txt,True,nuagesbas,['nuagesfiligranes'],[]
images/pyronear_ferion_4_2023_10_24T15_57_38.jpg,labels/pyronear_ferion_4_2023_10_24T15_57_38.txt,True,grosnuages,"['grosnuages', 'soleilreflets']",[]
images/pyronear_brison_4_2023_08_17T09_52_20.jpg,labels/pyronear_brison_4_2023_08_17T09_52_20.txt,True,grosnuages,['grosnuages'],"['insecte', 'tache']"
images/pyronear_salaunes_2_2_2023_10_24T06_51_13.jpg,labels/pyronear_salaunes_2_2_2023_10_24T06_51_13.txt,True,grosnuages,['grosnuagesrefletssoleil'],[]
images/pyronear_brison_1_2023_09_13T13_27_13.jpg,labels/pyronear_brison_1_2023_09_13T13_27_13.txt,True,nuagesbas,['nuagesbas'],[]
images/pyronear_valbonne_4_2023_10_08T06_02_55.jpg,labels/pyronear_valbonne_4_2023_10_08T06_02_55.txt,True,soleil,['soleil'],['batiment']
images/pyronear_salaunes_1_4_2023_09_29T17_15_53.jpg,labels/pyronear_salaunes_1_4_2023_09_29T17_15_53.txt,True,glare,['glareptjaune'],[]
images/pyronear_brison_2_2023_10_08T05_51_42.jpg,labels/pyronear_brison_2_2023_10_08T05_51_42.txt,True,soleil,"['nuagesbas', 'soleil']",['batiment']
images/pyronear_valbonne_4_2023_10_24T16_30_16.jpg,labels/pyronear_valbonne_4_2023_10_24T16_30_16.txt,True,nuagesbas,['nuagesbas'],[]
images/pyronear_brison_2_2023_10_30T08_33_55.jpg,labels/pyronear_brison_2_2023_10_30T08_33_55.txt,True,brume,"['batiment', 'brume']",['brume']
images/pyronear_brison_1_2023_06_12T19_44_38.jpg,labels/pyronear_brison_1_2023_06_12T19_44_38.txt,True,nuagesbas,['nuagesbas'],[]
images/pyronear_brison_2_2023_09_21T08_45_35.jpg,labels/pyronear_brison_2_2023_09_21T08_45_35.txt,True,brume,"['batiment', 'brume']",['brume']
images/pyronear_ferion_2_2023_10_28T15_56_37.jpg,labels/pyronear_ferion_2_2023_10_28T15_56_37.txt,True,grosnuages,['grosnuages'],[]
images/pyronear_salaunes_2_1_2023_08_27T08_40_05.jpg,labels/pyronear_salaunes_2_1_2023_08_27T08_40_05.txt,True,grosnuages,['grosnuages'],[]
images/pyronear_brison_4_2023_10_24T16_05_07.jpg,labels/pyronear_brison_4_2023_10_24T16_05_07.txt,True,grosnuages,['grosnuages'],[]
images/pyronear_valbonne_4_2023_10_01T06_03_16.jpg,labels/pyronear_valbonne_4_2023_10_01T06_03_16.txt,True,soleil,['soleil'],['batiment']
images/pyronear_brison_4_2023_08_17T10_04_54.jpg,labels/pyronear_brison_4_2023_08_17T10_04_54.txt,True,grosnuages,['grosnuages'],"['insecte', 'tache']"
images/pyronear_valbonne_3_2023_09_28T17_50_37.jpg,labels/pyronear_valbonne_3_2023_09_28T17_50_37.txt,True,batiment,['batimentloin'],['soleilcouchant']
images/pyronear_ferion_2_2023_10_29T15_05_08.jpg,labels/pyronear_ferion_2_2023_10_29T15_05_08.txt,True,grosnuages,['grosnuages'],[]
images/pyronear_brison_4_2023_08_17T07_35_18.jpg,labels/pyronear_brison_4_2023_08_17T07_35_18.txt,True,grosnuages,['grosnuages'],"['insecte', 'tache']"
images/pyronear_valbonne_3_2023_10_13T17_17_22.jpg,labels/pyronear_valbonne_3_2023_10_13T17_17_22.txt,True,batiment,['batimentloin'],['soleilcouchant']
images/pyronear_marguerite_3_2023_09_18T08_42_26.jpg,labels/pyronear_marguerite_3_2023_09_18T08_42_26.txt,True,arbre,['arbre'],['brume']
images/pyronear_brison_2_2023_08_27T09_03_05.jpg,labels/pyronear_brison_2_2023_08_27T09_03_05.txt,True,grosnuages,['grosnuages'],['batiment']
images/pyronear_brison_2_2023_10_30T08_00_24.jpg,labels/pyronear_brison_2_2023_10_30T08_00_24.txt,True,brume,"['batiment', 'brume']",['brume']
images/pyronear_brison_1_2023_07_09T04_10_09.jpg,labels/pyronear_brison_1_2023_07_09T04_10_09.txt,True,soleil,['soleil'],[]
images/pyronear_cabanelle_1_2023_10_11T14_30_06.jpg,labels/pyronear_cabanelle_1_2023_10_11T14_30_06.txt,True,brume,['brume'],[]
images/pyronear_brison_4_2023_10_30T09_50_11.jpg,labels/pyronear_brison_4_2023_10_30T09_50_11.txt,True,grosnuages,['grosnuages'],['brume']
images/pyronear_brison_3_2023_09_07T06_46_01.jpg,labels/pyronear_brison_3_2023_09_07T06_46_01.txt,True,montagne,['montagne'],[]
images/pyronear_marguerite_4_2023_10_29T13_28_45.jpg,labels/pyronear_marguerite_4_2023_10_29T13_28_45.txt,True,batiment,['batiment'],"['brume', 'pluie']"
images/pyronear_courmettes_4_2023_11_02T10_34_40.jpg,labels/pyronear_courmettes_4_2023_11_02T10_34_40.txt,True,arbre,['arbre'],['brume']
images/pyronear_marguerite_3_2023_09_18T08_48_57.jpg,labels/pyronear_marguerite_3_2023_09_18T08_48_57.txt,True,arbre,['arbre'],['brume']
images/pyronear_st_peray_1_2023_07_21T08_39_30.jpg,labels/pyronear_st_peray_1_2023_07_21T08_39_30.txt,True,grosnuages,['grosnuages'],[]
images/pyronear_brison_2_2023_10_30T13_44_48.jpg,labels/pyronear_brison_2_2023_10_30T13_44_48.txt,True,brume,"['batiment', 'brume']",['brume']
images/pyronear_salaunes_2_4_2023_08_19T05_32_02.jpg,labels/pyronear_salaunes_2_4_2023_08_19T05_32_02.txt,True,tuyau,['tuyau'],[]
images/pyronear_brison_4_2023_10_28T06_25_45.jpg,labels/pyronear_brison_4_2023_10_28T06_25_45.txt,True,nuagesbas,['nuagesbas'],[]
images/pyronear_marguerite_1_2023_09_14T05_54_45.jpg,labels/pyronear_marguerite_1_2023_09_14T05_54_45.txt,True,grosnuages,['grosnuages'],[]
images/pyronear_cabanelle_2_2023_09_30T06_09_11.jpg,labels/pyronear_cabanelle_2_2023_09_30T06_09_11.txt,True,soleil,"['glare', 'refletslac', 'soleil', 'tacherouge']",[]
images/pyronear_ferion_2_2023_11_07T07_04_35.jpg,labels/pyronear_ferion_2_2023_11_07T07_04_35.txt,True,glare,"['glare', 'tache']",[]
images/pyronear_valbonne_3_2023_10_14T17_21_13.jpg,labels/pyronear_valbonne_3_2023_10_14T17_21_13.txt,True,batiment,['batimentloin'],['soleilcouchant']
images/pyronear_cabanelle_1_2023_10_13T08_32_32.jpg,labels/pyronear_cabanelle_1_2023_10_13T08_32_32.txt,True,grosnuages,['grosnuages'],[]
images/pyronear_brison_3_2023_09_07T06_43_01.jpg,labels/pyronear_brison_3_2023_09_07T06_43_01.txt,True,montagne,['montagne'],[]
images/pyronear_brison_4_2023_08_17T07_54_47.jpg,labels/pyronear_brison_4_2023_08_17T07_54_47.txt,True,grosnuages,['grosnuages'],"['insecte', 'tache']"
images/pyronear_brison_1_2023_06_23T04_07_52.jpg,labels/pyronear_brison_1_2023_06_23T04_07_52.txt,True,soleil,['soleil'],[]
images/pyronear_brison_1_2023_09_13T06_24_44.jpg,labels/pyronear_brison_1_2023_09_13T06_24_44.txt,True,nuagesbas,['nuagesbas'],[]
images/pyronear_brison_1_2023_06_13T06_01_20.jpg,labels/pyronear_brison_1_2023_06_13T06_01_20.txt,True,grosnuages,['grosnuages'],[]
images/pyronear_courmettes_1_2023_11_07T13_31_45.jpg,labels/pyronear_courmettes_1_2023_11_07T13_31_45.txt,True,nuagesbas,['nuagesbas'],[]
images/pyronear_brison_2_2023_09_21T06_14_21.jpg,labels/pyronear_brison_2_2023_09_21T06_14_21.txt,True,brume,"['batiment', 'brume']",['brume']
images/pyronear_brison_3_2023_08_29T06_15_14.jpg,labels/pyronear_brison_3_2023_08_29T06_15_14.txt,True,montagne,['montagne'],[]
images/pyronear_brison_2_2023_06_09T13_21_12.jpg,labels/pyronear_brison_2_2023_06_09T13_21_12.txt,True,nuagesbas,['nuagesbas'],['batiment']
images/pyronear_marguerite_2_2023_09_10T18_08_53.jpg,labels/pyronear_marguerite_2_2023_09_10T18_08_53.txt,True,nuagesbas,['nuagesbas'],['soleilcouchant']
images/pyronear_ferion_2_2023_10_17T14_32_36.jpg,labels/pyronear_ferion_2_2023_10_17T14_32_36.txt,True,nuagesbas,['nuagesbas'],['brume']
images/pyronear_brison_1_2023_06_29T04_19_51.jpg,labels/pyronear_brison_1_2023_06_29T04_19_51.txt,True,soleil,['soleil'],[]
images/pyronear_brison_4_2023_08_17T10_21_20.jpg,labels/pyronear_brison_4_2023_08_17T10_21_20.txt,True,grosnuages,['grosnuages'],"['insecte', 'tache']"
images/pyronear_ferion_2_2023_10_28T15_07_08.jpg,labels/pyronear_ferion_2_2023_10_28T15_07_08.txt,True,grosnuages,['grosnuages'],[]
images/pyronear_valbonne_4_2023_10_18T10_42_43.jpg,labels/pyronear_valbonne_4_2023_10_18T10_42_43.txt,True,nuagesbas,['nuagesbas'],[]
images/pyronear_brison_3_2023_09_07T06_58_31.jpg,labels/pyronear_brison_3_2023_09_07T06_58_31.txt,True,montagne,['montagne'],[]
images/pyronear_brison_2_2023_10_30T08_32_25.jpg,labels/pyronear_brison_2_2023_10_30T08_32_25.txt,True,brume,"['batiment', 'brume']",['brume']
images/pyronear_brison_1_2023_06_13T05_51_20.jpg,labels/pyronear_brison_1_2023_06_13T05_51_20.txt,True,grosnuages,['grosnuages'],[]
images/pyronear_cabanelle_1_2023_10_10T15_18_51.jpg,labels/pyronear_cabanelle_1_2023_10_10T15_18_51.txt,True,grosnuages,"['grosnuages', 'nuagesbas']",[]
images/pyronear_courmettes_1_2023_11_07T07_32_33.jpg,labels/pyronear_courmettes_1_2023_11_07T07_32_33.txt,True,soleil,"['refletslac', 'soleil']",[]
images/pyronear_brison_2_2023_11_01T11_19_11.jpg,labels/pyronear_brison_2_2023_11_01T11_19_11.txt,True,brume,"['batiment', 'brume']",['brume']
images/pyronear_cabanelle_1_2023_10_11T14_55_28.jpg,labels/pyronear_cabanelle_1_2023_10_11T14_55_28.txt,True,brume,['brume'],[]
images/pyronear_courmettes_4_2023_10_20T16_11_25.jpg,labels/pyronear_courmettes_4_2023_10_20T16_11_25.txt,True,grosnuages,['grosnuages'],"['antenne', 'soleilcontrejour']"
images/pyronear_cabanelle_1_2023_10_11T15_26_29.jpg,labels/pyronear_cabanelle_1_2023_10_11T15_26_29.txt,True,brume,['brume'],[]
images/pyronear_valbonne_2_2023_11_05T14_47_06.jpg,labels/pyronear_valbonne_2_2023_11_05T14_47_06.txt,True,nuagesbas,['nuagesbas'],[]
images/pyronear_marguerite_1_2023_06_28T19_19_04.jpg,labels/pyronear_marguerite_1_2023_06_28T19_19_04.txt,True,soleil,['soleil'],[]
images/pyronear_marguerite_3_2023_09_18T07_43_26.jpg,labels/pyronear_marguerite_3_2023_09_18T07_43_26.txt,True,arbre,['arbre'],['brume']
images/pyronear_marguerite_1_2023_06_13T18_26_17.jpg,labels/pyronear_marguerite_1_2023_06_13T18_26_17.txt,True,grosnuages,['grosnuages'],[]
images/pyronear_st_peray_1_2023_07_21T08_53_30.jpg,labels/pyronear_st_peray_1_2023_07_21T08_53_30.txt,True,grosnuages,['grosnuages'],[]
images/pyronear_valbonne_2_2023_11_05T14_56_35.jpg,labels/pyronear_valbonne_2_2023_11_05T14_56_35.txt,True,nuagesbas,['nuagesbas'],[]
images/pyronear_brison_2_2023_10_19T17_04_51.jpg,labels/pyronear_brison_2_2023_10_19T17_04_51.txt,True,brume,"['batiment', 'brume']",['brume']
images/pyronear_brison_2_2023_09_18T08_33_15.jpg,labels/pyronear_brison_2_2023_09_18T08_33_15.txt,True,brume,"['batiment', 'brume']",['brume']
images/pyronear_ferion_2_2023_10_29T15_10_07.jpg,labels/pyronear_ferion_2_2023_10_29T15_10_07.txt,True,grosnuages,['grosnuages'],[]
images/pyronear_brison_2_2023_10_30T13_45_49.jpg,labels/pyronear_brison_2_2023_10_30T13_45_49.txt,True,brume,"['batiment', 'brume']",['brume']
images/pyronear_brison_3_2023_06_08T06_23_47.jpg,labels/pyronear_brison_3_2023_06_08T06_23_47.txt,True,grosnuages,['grosnuages'],[]
images/pyronear_cabanelle_1_2023_10_10T15_00_53.jpg,labels/pyronear_cabanelle_1_2023_10_10T15_00_53.txt,True,grosnuages,"['grosnuages', 'nuagesbas']",[]
images/pyronear_brison_4_2023_10_29T10_26_36.jpg,labels/pyronear_brison_4_2023_10_29T10_26_36.txt,True,grosnuages,['grosnuages'],['brume']
images/pyronear_cabanelle_2_2023_10_04T06_34_31.jpg,labels/pyronear_cabanelle_2_2023_10_04T06_34_31.txt,True,soleil,"['refletslac', 'soleil']",[]
images/pyronear_marguerite_1_2023_06_28T19_18_34.jpg,labels/pyronear_marguerite_1_2023_06_28T19_18_34.txt,True,soleil,['soleil'],[]
images/pyronear_marguerite_1_2023_08_09T18_49_19.jpg,labels/pyronear_marguerite_1_2023_08_09T18_49_19.txt,True,soleil,['soleil'],[]
images/pyronear_ferion_2_2023_11_06T06_46_01.jpg,labels/pyronear_ferion_2_2023_11_06T06_46_01.txt,True,glare,"['glare', 'tache']",[]
images/pyronear_courmettes_4_2023_09_28T10_11_34.jpg,labels/pyronear_courmettes_4_2023_09_28T10_11_34.txt,True,nuagesbas,['nuagesbas'],[]
images/pyronear_marguerite_4_2023_09_21T06_48_57.jpg,labels/pyronear_marguerite_4_2023_09_21T06_48_57.txt,True,tache,"['batiment', 'tache']","['brume', 'pluie']"
images/pyronear_ferion_2_2023_10_17T14_45_06.jpg,labels/pyronear_ferion_2_2023_10_17T14_45_06.txt,True,nuagesbas,['nuagesbas'],['brume']
images/pyronear_brison_2_2023_10_30T13_46_35.jpg,labels/pyronear_brison_2_2023_10_30T13_46_35.txt,True,brume,"['batiment', 'brume']",['brume']
images/pyronear_valbonne_2_2023_11_05T15_14_06.jpg,labels/pyronear_valbonne_2_2023_11_05T15_14_06.txt,True,nuagesbas,['nuagesbas'],[]
images/pyronear_brison_3_2023_06_08T05_45_14.jpg,labels/pyronear_brison_3_2023_06_08T05_45_14.txt,True,grosnuages,['grosnuages'],[]
images/pyronear_courmettes_1_2023_11_04T06_27_29.jpg,labels/pyronear_courmettes_1_2023_11_04T06_27_29.txt,True,glare,['glaresoleilptrouge'],['soleilcouchant']
images/pyronear_salaunes_2_1_2023_08_27T08_35_05.jpg,labels/pyronear_salaunes_2_1_2023_08_27T08_35_05.txt,True,grosnuages,['grosnuages'],[]
images/pyronear_brison_2_2023_09_22T08_45_13.jpg,labels/pyronear_brison_2_2023_09_22T08_45_13.txt,True,nuagesbas,['nuagesbas'],['batiment']
images/pyronear_marguerite_1_2023_08_10T16_03_24.jpg,labels/pyronear_marguerite_1_2023_08_10T16_03_24.txt,True,soleil,['soleilrayons'],[]
images/pyronear_st_peray_1_2023_07_21T08_34_29.jpg,labels/pyronear_st_peray_1_2023_07_21T08_34_29.txt,True,grosnuages,['grosnuages'],[]
images/pyronear_valbonne_4_2023_10_18T10_43_12.jpg,labels/pyronear_valbonne_4_2023_10_18T10_43_12.txt,True,nuagesbas,['nuagesbas'],[]
images/pyronear_courmettes_2_2023_10_06T07_10_42.jpg,labels/pyronear_courmettes_2_2023_10_06T07_10_42.txt,True,soleil,['soleil'],[]
images/pyronear_salaunes_1_4_2023_09_29T17_15_17.jpg,labels/pyronear_salaunes_1_4_2023_09_29T17_15_17.txt,True,glare,['glareptjaune'],[]
images/pyronear_valbonne_4_2023_10_29T07_02_46.jpg,labels/pyronear_valbonne_4_2023_10_29T07_02_46.txt,True,nuagesbas,['nuagesbas'],[]
images/pyronear_valbonne_4_2023_10_28T13_12_58.jpg,labels/pyronear_valbonne_4_2023_10_28T13_12_58.txt,True,grosnuages,['grosnuages'],[]
images/pyronear_valbonne_4_2023_10_29T10_06_23.jpg,labels/pyronear_valbonne_4_2023_10_29T10_06_23.txt,True,nuagesbas,['nuagesbas'],[]
images/pyronear_marguerite_1_2023_07_30T16_28_01.jpg,labels/pyronear_marguerite_1_2023_07_30T16_28_01.txt,True,soleil,['soleilrayons'],[]
images/pyronear_brison_3_2023_10_01T15_44_16.jpg,labels/pyronear_brison_3_2023_10_01T15_44_16.txt,True,montagne,['montagne'],[]
images/pyronear_brison_4_2023_08_17T07_47_40.jpg,labels/pyronear_brison_4_2023_08_17T07_47_40.txt,True,grosnuages,['grosnuages'],"['insecte', 'tache']"
images/pyronear_ferion_2_2023_10_28T15_10_06.jpg,labels/pyronear_ferion_2_2023_10_28T15_10_06.txt,True,grosnuages,['grosnuages'],[]
images/pyronear_valbonne_4_2023_10_28T16_36_06.jpg,labels/pyronear_valbonne_4_2023_10_28T16_36_06.txt,True,nuagesbas,['nuagesbas'],[]
images/pyronear_brison_4_2023_08_17T10_25_22.jpg,labels/pyronear_brison_4_2023_08_17T10_25_22.txt,True,grosnuages,['grosnuages'],"['insecte', 'tache']"
images/pyronear_brison_2_2023_11_01T11_04_07.jpg,labels/pyronear_brison_2_2023_11_01T11_04_07.txt,True,brume,"['batiment', 'brume']",['brume']
images/pyronear_cabanelle_1_2023_10_07T14_00_59.jpg,labels/pyronear_cabanelle_1_2023_10_07T14_00_59.txt,True,nuagesbas,['nuagesbas'],[]
images/pyronear_brison_2_2023_08_27T09_03_34.jpg,labels/pyronear_brison_2_2023_08_27T09_03_34.txt,True,grosnuages,['grosnuages'],['batiment']
images/pyronear_courmettes_1_2023_11_07T06_31_00.jpg,labels/pyronear_courmettes_1_2023_11_07T06_31_00.txt,True,glare,['glaresoleilptrouge'],['soleilcouchant']
images/pyronear_marguerite_4_2023_10_29T13_09_44.jpg,labels/pyronear_marguerite_4_2023_10_29T13_09_44.txt,True,batiment,['batiment'],"['brume', 'pluie']"
images/pyronear_brison_2_2023_10_30T07_36_58.jpg,labels/pyronear_brison_2_2023_10_30T07_36_58.txt,True,brume,"['batiment', 'brume']",['brume']
images/pyronear_valbonne_2_2023_11_06T15_03_44.jpg,labels/pyronear_valbonne_2_2023_11_06T15_03_44.txt,True,nuagesbas,['nuagesbas'],[]
images/pyronear_brison_1_2023_06_12T13_26_58.jpg,labels/pyronear_brison_1_2023_06_12T13_26_58.txt,True,nuagesbas,['nuagesbas'],[]
images/pyronear_brison_2_2023_06_09T14_35_15.jpg,labels/pyronear_brison_2_2023_06_09T14_35_15.txt,True,nuagesbas,['nuagesbas'],['batiment']
images/pyronear_brison_4_2023_08_17T07_34_58.jpg,labels/pyronear_brison_4_2023_08_17T07_34_58.txt,True,grosnuages,['grosnuages'],"['insecte', 'tache']"
images/pyronear_valbonne_3_2023_10_20T10_44_39.jpg,labels/pyronear_valbonne_3_2023_10_20T10_44_39.txt,True,nuagesbas,['nuagesbas'],[]
images/pyronear_valbonne_2_2023_11_05T14_42_35.jpg,labels/pyronear_valbonne_2_2023_11_05T14_42_35.txt,True,nuagesbas,['nuagesbas'],[]
images/pyronear_cabanelle_1_2023_10_10T11_48_45.jpg,labels/pyronear_cabanelle_1_2023_10_10T11_48_45.txt,True,grosnuages,"['grosnuages', 'nuagesbas']",[]
images/pyronear_marguerite_4_2023_10_20T07_36_59.jpg,labels/pyronear_marguerite_4_2023_10_20T07_36_59.txt,True,batiment,['batiment'],"['brume', 'pluie']"
images/pyronear_valbonne_4_2023_11_02T09_32_05.jpg,labels/pyronear_valbonne_4_2023_11_02T09_32_05.txt,True,nuagesbas,['nuagesbas'],[]
images/pyronear_valbonne_4_2023_11_02T08_23_32.jpg,labels/pyronear_valbonne_4_2023_11_02T08_23_32.txt,True,nuagesbas,['nuagesbas'],[]
images/pyronear_marguerite_1_2023_09_14T05_29_22.jpg,labels/pyronear_marguerite_1_2023_09_14T05_29_22.txt,True,grosnuages,['grosnuages'],[]
images/pyronear_salaunes_2_1_2023_07_04T04_48_08.jpg,labels/pyronear_salaunes_2_1_2023_07_04T04_48_08.txt,True,arbre,['arbre'],['brume']
images/pyronear_valbonne_2_2023_11_05T15_55_08.jpg,labels/pyronear_valbonne_2_2023_11_05T15_55_08.txt,True,nuagesbas,['nuagesbas'],[]
images/pyronear_brison_2_2023_09_21T06_49_21.jpg,labels/pyronear_brison_2_2023_09_21T06_49_21.txt,True,brume,"['batiment', 'brume']",['brume']
images/pyronear_brison_2_2023_11_01T10_05_00.jpg,labels/pyronear_brison_2_2023_11_01T10_05_00.txt,True,brume,"['batiment', 'brume']",['brume']
images/pyronear_brison_2_2023_09_18T08_32_31.jpg,labels/pyronear_brison_2_2023_09_18T08_32_31.txt,True,brume,"['batiment', 'brume']",['brume']
images/pyronear_marguerite_1_2023_09_10T16_13_13.jpg,labels/pyronear_marguerite_1_2023_09_10T16_13_13.txt,True,glare,['glare'],[]
images/pyronear_brison_2_2023_09_21T09_27_57.jpg,labels/pyronear_brison_2_2023_09_21T09_27_57.txt,True,brume,"['batiment', 'brume']",['brume']
images/pyronear_marguerite_1_2023_06_13T18_26_14.jpg,labels/pyronear_marguerite_1_2023_06_13T18_26_14.txt,True,grosnuages,['grosnuages'],[]
images/pyronear_courmettes_4_2023_09_29T17_04_14.jpg,labels/pyronear_courmettes_4_2023_09_29T17_04_14.txt,True,soleil,['soleil'],['batiment']
images/pyronear_courmettes_4_2023_11_02T10_34_43.jpg,labels/pyronear_courmettes_4_2023_11_02T10_34_43.txt,True,arbre,['arbre'],['brume']
images/pyronear_valbonne_3_2023_10_14T17_16_14.jpg,labels/pyronear_valbonne_3_2023_10_14T17_16_14.txt,True,batiment,['batimentloin'],['soleilcouchant']
images/pyronear_marguerite_1_2023_09_13T16_34_41.jpg,labels/pyronear_marguerite_1_2023_09_13T16_34_41.txt,True,soleil,['soleilrayons'],[]
images/pyronear_valbonne_4_2023_10_22T06_30_43.jpg,labels/pyronear_valbonne_4_2023_10_22T06_30_43.txt,True,soleil,['soleil'],['batiment']
images/pyronear_valbonne_4_2023_10_29T10_00_52.jpg,labels/pyronear_valbonne_4_2023_10_29T10_00_52.txt,True,nuagesbas,['nuagesbas'],[]
images/pyronear_cabanelle_1_2023_10_10T11_50_15.jpg,labels/pyronear_cabanelle_1_2023_10_10T11_50_15.txt,True,grosnuages,"['grosnuages', 'nuagesbas']",[]
images/pyronear_marguerite_1_2023_09_06T18_11_37.jpg,labels/pyronear_marguerite_1_2023_09_06T18_11_37.txt,True,soleil,['soleil'],[]
images/pyronear_cabanelle_1_2023_10_11T14_32_27.jpg,labels/pyronear_cabanelle_1_2023_10_11T14_32_27.txt,True,brume,['brume'],[]
images/pyronear_courmettes_4_2023_11_02T10_36_40.jpg,labels/pyronear_courmettes_4_2023_11_02T10_36_40.txt,True,arbre,['arbre'],['brume']
images/pyronear_valbonne_2_2023_11_05T16_08_37.jpg,labels/pyronear_valbonne_2_2023_11_05T16_08_37.txt,True,nuagesbas,['nuagesbas'],[]
images/pyronear_marguerite_1_2023_08_22T15_58_47.jpg,labels/pyronear_marguerite_1_2023_08_22T15_58_47.txt,True,soleil,['soleilrayons'],[]
images/pyronear_marguerite_1_2023_08_11T15_33_43.jpg,labels/pyronear_marguerite_1_2023_08_11T15_33_43.txt,True,soleil,['soleilrayons'],[]
images/pyronear_salaunes_2_4_2023_08_19T05_18_34.jpg,labels/pyronear_salaunes_2_4_2023_08_19T05_18_34.txt,True,tuyau,['tuyau'],[]
images/pyronear_marguerite_4_2023_10_30T14_28_48.jpg,labels/pyronear_marguerite_4_2023_10_30T14_28_48.txt,True,batiment,['batiment'],"['brume', 'pluie']"
images/pyronear_marguerite_1_2023_09_14T14_52_47.jpg,labels/pyronear_marguerite_1_2023_09_14T14_52_47.txt,True,nuagesbas,['nuagesbas'],[]
images/pyronear_courmettes_1_2023_11_07T13_23_15.jpg,labels/pyronear_courmettes_1_2023_11_07T13_23_15.txt,True,nuagesbas,['nuagesbas'],[]
images/pyronear_brison_3_2023_09_22T05_55_11.jpg,labels/pyronear_brison_3_2023_09_22T05_55_11.txt,True,nuagesbas,['nuagesbas'],[]
images/pyronear_ferion_3_2023_10_20T13_59_18.jpg,labels/pyronear_ferion_3_2023_10_20T13_59_18.txt,True,brume,['brume'],[]
images/pyronear_cabanelle_1_2023_10_11T15_13_59.jpg,labels/pyronear_cabanelle_1_2023_10_11T15_13_59.txt,True,brume,['brume'],[]
images/pyronear_valbonne_2_2023_11_06T15_38_16.jpg,labels/pyronear_valbonne_2_2023_11_06T15_38_16.txt,True,nuagesbas,['nuagesbas'],[]
images/pyronear_brison_2_2023_09_22T08_42_17.jpg,labels/pyronear_brison_2_2023_09_22T08_42_17.txt,True,nuagesbas,['nuagesbas'],['batiment']
images/pyronear_valbonne_4_2023_11_02T08_45_03.jpg,labels/pyronear_valbonne_4_2023_11_02T08_45_03.txt,True,nuagesbas,['nuagesbas'],[]
images/pyronear_cabanelle_1_2023_10_19T10_52_48.jpg,labels/pyronear_cabanelle_1_2023_10_19T10_52_48.txt,True,arbre,['arbre'],['brume']
images/pyronear_st_peray_1_2023_07_21T08_24_29.jpg,labels/pyronear_st_peray_1_2023_07_21T08_24_29.txt,True,grosnuages,['grosnuages'],[]
images/pyronear_salaunes_2_2_2023_09_03T05_15_32.jpg,labels/pyronear_salaunes_2_2_2023_09_03T05_15_32.txt,True,panneausolaire,['panneausolaire'],[]
images/pyronear_valbonne_4_2023_10_28T13_17_31.jpg,labels/pyronear_valbonne_4_2023_10_28T13_17_31.txt,True,grosnuages,['grosnuages'],[]
images/pyronear_cabanelle_1_2023_10_13T09_47_34.jpg,labels/pyronear_cabanelle_1_2023_10_13T09_47_34.txt,True,grosnuages,['grosnuages'],[]
images/pyronear_brison_4_2023_10_24T12_17_48.jpg,labels/pyronear_brison_4_2023_10_24T12_17_48.txt,True,grosnuages,['grosnuages'],[]
images/pyronear_valbonne_4_2023_10_29T09_58_51.jpg,labels/pyronear_valbonne_4_2023_10_29T09_58_51.txt,True,nuagesbas,['nuagesbas'],[]
images/pyronear_salaunes_2_2_2023_10_24T06_52_43.jpg,labels/pyronear_salaunes_2_2_2023_10_24T06_52_43.txt,True,grosnuages,['grosnuagesrefletssoleil'],[]
images/pyronear_valbonne_2_2023_11_07T14_21_26.jpg,labels/pyronear_valbonne_2_2023_11_07T14_21_26.txt,True,nuagesbas,['nuagesbas'],[]
images/pyronear_valbonne_2_2023_11_05T16_42_39.jpg,labels/pyronear_valbonne_2_2023_11_05T16_42_39.txt,True,nuagesbas,['nuagesbas'],[]
images/pyronear_brison_2_2023_11_04T11_05_50.jpg,labels/pyronear_brison_2_2023_11_04T11_05_50.txt,True,brume,"['batiment', 'brume']",['brume']
images/pyronear_brison_2_2023_09_21T09_20_56.jpg,labels/pyronear_brison_2_2023_09_21T09_20_56.txt,True,brume,"['batiment', 'brume']",['brume']
images/pyronear_brison_4_2023_10_29T12_08_47.jpg,labels/pyronear_brison_4_2023_10_29T12_08_47.txt,True,grosnuages,['grosnuages'],['brume']
images/pyronear_marguerite_4_2023_10_29T12_08_43.jpg,labels/pyronear_marguerite_4_2023_10_29T12_08_43.txt,True,batiment,['batiment'],"['brume', 'pluie']"
images/pyronear_salaunes_2_1_2023_08_28T17_52_51.jpg,labels/pyronear_salaunes_2_1_2023_08_28T17_52_51.txt,True,grosnuages,['grosnuagesrefletssoleil'],[]
images/pyronear_cabanelle_1_2023_10_10T15_09_51.jpg,labels/pyronear_cabanelle_1_2023_10_10T15_09_51.txt,True,grosnuages,"['grosnuages', 'nuagesbas']",[]
images/pyronear_brison_3_2023_09_22T05_55_55.jpg,labels/pyronear_brison_3_2023_09_22T05_55_55.txt,True,nuagesbas,['nuagesbas'],[]
images/pyronear_cabanelle_1_2023_10_11T14_56_29.jpg,labels/pyronear_cabanelle_1_2023_10_11T14_56_29.txt,True,brume,['brume'],[]
images/pyronear_marguerite_1_2023_09_18T16_09_35.jpg,labels/pyronear_marguerite_1_2023_09_18T16_09_35.txt,True,glare,['glare'],[]
images/pyronear_ferion_2_2023_10_28T15_29_06.jpg,labels/pyronear_ferion_2_2023_10_28T15_29_06.txt,True,grosnuages,['grosnuages'],[]
images/pyronear_brison_2_2023_10_02T05_43_48.jpg,labels/pyronear_brison_2_2023_10_02T05_43_48.txt,True,soleil,['soleil'],['batiment']
images/pyronear_valbonne_2_2023_11_07T06_32_02.jpg,labels/pyronear_valbonne_2_2023_11_07T06_32_02.txt,True,nuagesbas,['nuagesbas'],[]
images/pyronear_valbonne_4_2023_11_02T07_59_31.jpg,labels/pyronear_valbonne_4_2023_11_02T07_59_31.txt,True,nuagesbas,['nuagesbas'],[]
images/pyronear_brison_2_2023_09_21T09_35_15.jpg,labels/pyronear_brison_2_2023_09_21T09_35_15.txt,True,brume,"['batiment', 'brume']",['brume']
images/pyronear_valbonne_4_2023_10_02T05_42_55.jpg,labels/pyronear_valbonne_4_2023_10_02T05_42_55.txt,True,soleil,['soleil'],['batiment']
images/pyronear_ferion_3_2023_10_20T13_22_45.jpg,labels/pyronear_ferion_3_2023_10_20T13_22_45.txt,True,brume,['brume'],[]
images/pyronear_ferion_2_2023_10_24T16_25_03.jpg,labels/pyronear_ferion_2_2023_10_24T16_25_03.txt,True,grosnuages,['grosnuages'],[]
images/pyronear_marguerite_1_2023_09_16T12_40_29.jpg,labels/pyronear_marguerite_1_2023_09_16T12_40_29.txt,True,nuagesbas,['nuagesbas'],[]
images/pyronear_salaunes_2_1_2023_11_05T10_50_22.jpg,labels/pyronear_salaunes_2_1_2023_11_05T10_50_22.txt,True,grosnuages,['grosnuagesrefletssoleil'],[]
images/pyronear_courmettes_1_2023_09_29T06_04_17.jpg,labels/pyronear_courmettes_1_2023_09_29T06_04_17.txt,True,glare,"['glaretacherouge', 'soleilrefletslac']",[]
images/pyronear_brison_1_2023_09_13T06_40_45.jpg,labels/pyronear_brison_1_2023_09_13T06_40_45.txt,True,nuagesbas,['nuagesbas'],[]
images/pyronear_valbonne_2_2023_11_06T13_59_43.jpg,labels/pyronear_valbonne_2_2023_11_06T13_59_43.txt,True,nuagesbas,['nuagesbas'],[]
images/pyronear_brison_1_2023_09_13T13_27_07.jpg,labels/pyronear_brison_1_2023_09_13T13_27_07.txt,True,nuagesbas,['nuagesbas'],[]
images/pyronear_salaunes_2_1_2023_08_27T08_30_35.jpg,labels/pyronear_salaunes_2_1_2023_08_27T08_30_35.txt,True,grosnuages,['grosnuages'],[]
images/pyronear_courmettes_4_2023_10_03T17_26_55.jpg,labels/pyronear_courmettes_4_2023_10_03T17_26_55.txt,True,nuagesbas,['nuagesbas'],"['antenne', 'soleilcouchant']"
images/pyronear_salaunes_2_1_2023_08_11T04_47_03.jpg,labels/pyronear_salaunes_2_1_2023_08_11T04_47_03.txt,True,arbre,['arbre'],['brume']
images/pyronear_brison_1_2023_06_13T06_07_01.jpg,labels/pyronear_brison_1_2023_06_13T06_07_01.txt,True,grosnuages,['grosnuages'],[]
images/pyronear_valbonne_3_2023_10_20T11_18_10.jpg,labels/pyronear_valbonne_3_2023_10_20T11_18_10.txt,True,nuagesbas,['nuagesbas'],[]
images/pyronear_courmettes_2_2023_10_27T07_25_48.jpg,labels/pyronear_courmettes_2_2023_10_27T07_25_48.txt,True,glare,['glare'],[]
images/pyronear_valbonne_4_2023_10_01T06_02_15.jpg,labels/pyronear_valbonne_4_2023_10_01T06_02_15.txt,True,soleil,['soleil'],['batiment']
images/pyronear_marguerite_4_2023_10_17T14_50_40.jpg,labels/pyronear_marguerite_4_2023_10_17T14_50_40.txt,True,batiment,['batiment'],"['brume', 'pluie']"
images/pyronear_ferion_2_2023_10_29T15_04_13.jpg,labels/pyronear_ferion_2_2023_10_29T15_04_13.txt,True,grosnuages,['grosnuages'],[]
images/pyronear_cabanelle_1_2023_10_02T05_04_29.jpg,labels/pyronear_cabanelle_1_2023_10_02T05_04_29.txt,True,soleil,['soleil'],[]
images/pyronear_marguerite_2_2023_09_10T18_37_51.jpg,labels/pyronear_marguerite_2_2023_09_10T18_37_51.txt,True,nuagesbas,['nuagesbas'],['soleilcouchant']
images/pyronear_courmettes_1_2023_11_07T13_11_44.jpg,labels/pyronear_courmettes_1_2023_11_07T13_11_44.txt,True,nuagesbas,['nuagesbas'],[]
images/pyronear_brison_2_2023_09_14T15_01_13.jpg,labels/pyronear_brison_2_2023_09_14T15_01_13.txt,True,grosnuages,['grosnuages'],['batiment']
images/pyronear_cabanelle_1_2023_10_11T11_07_50.jpg,labels/pyronear_cabanelle_1_2023_10_11T11_07_50.txt,True,brume,['brume'],[]
images/pyronear_brison_1_2023_06_10T18_02_33.jpg,labels/pyronear_brison_1_2023_06_10T18_02_33.txt,True,nuagesbas,['nuagesbas'],[]
images/pyronear_brison_2_2023_10_30T06_45_23.jpg,labels/pyronear_brison_2_2023_10_30T06_45_23.txt,True,brume,"['batiment', 'brume']",['brume']
images/pyronear_cabanelle_1_2023_10_13T08_28_02.jpg,labels/pyronear_cabanelle_1_2023_10_13T08_28_02.txt,True,grosnuages,['grosnuages'],[]
images/pyronear_courmettes_4_2023_11_02T11_58_11.jpg,labels/pyronear_courmettes_4_2023_11_02T11_58_11.txt,True,arbre,['arbre'],['brume']
images/pyronear_salaunes_2_1_2023_08_27T09_21_36.jpg,labels/pyronear_salaunes_2_1_2023_08_27T09_21_36.txt,True,grosnuages,['grosnuages'],[]
images/pyronear_brison_2_2023_11_01T11_19_04.jpg,labels/pyronear_brison_2_2023_11_01T11_19_04.txt,True,brume,"['batiment', 'brume']",['brume']
images/pyronear_salaunes_1_1_2023_11_01T10_05_59.jpg,labels/pyronear_salaunes_1_1_2023_11_01T10_05_59.txt,True,grosnuages,['grosnuages'],[]
images/pyronear_salaunes_2_4_2023_08_19T05_31_32.jpg,labels/pyronear_salaunes_2_4_2023_08_19T05_31_32.txt,True,tuyau,['tuyau'],[]
images/pyronear_valbonne_2_2023_11_05T15_51_08.jpg,labels/pyronear_valbonne_2_2023_11_05T15_51_08.txt,True,nuagesbas,['nuagesbas'],[]
images/pyronear_salaunes_2_2_2023_10_31T07_53_18.jpg,labels/pyronear_salaunes_2_2_2023_10_31T07_53_18.txt,True,grosnuages,['grosnuagesrefletssoleil'],[]
images/pyronear_ferion_2_2023_10_28T15_04_34.jpg,labels/pyronear_ferion_2_2023_10_28T15_04_34.txt,True,grosnuages,['grosnuages'],[]
images/pyronear_marguerite_1_2023_09_08T16_12_28.jpg,labels/pyronear_marguerite_1_2023_09_08T16_12_28.txt,True,glare,['glare'],[]
images/pyronear_marguerite_1_2023_06_27T03_35_35.jpg,labels/pyronear_marguerite_1_2023_06_27T03_35_35.txt,True,nuagesbas,['nuagesbas'],['nuit']
images/pyronear_marguerite_4_2023_10_29T12_07_15.jpg,labels/pyronear_marguerite_4_2023_10_29T12_07_15.txt,True,batiment,['batiment'],"['brume', 'pluie']"
images/pyronear_courmettes_2_2023_10_05T07_53_47.jpg,labels/pyronear_courmettes_2_2023_10_05T07_53_47.txt,True,soleil,['soleil'],[]
images/pyronear_courmettes_2_2023_10_26T06_53_20.jpg,labels/pyronear_courmettes_2_2023_10_26T06_53_20.txt,True,glare,['glare'],[]
images/pyronear_ferion_2_2023_11_06T06_43_16.jpg,labels/pyronear_ferion_2_2023_11_06T06_43_16.txt,True,glare,"['glare', 'tache']",[]
images/pyronear_courmettes_4_2023_11_02T11_02_40.jpg,labels/pyronear_courmettes_4_2023_11_02T11_02_40.txt,True,arbre,['arbre'],['brume']
images/pyronear_brison_4_2023_08_17T08_05_25.jpg,labels/pyronear_brison_4_2023_08_17T08_05_25.txt,True,grosnuages,['grosnuages'],"['insecte', 'tache']"
images/pyronear_brison_4_2023_08_17T07_32_12.jpg,labels/pyronear_brison_4_2023_08_17T07_32_12.txt,True,grosnuages,['grosnuages'],"['insecte', 'tache']"
images/pyronear_salaunes_2_4_2023_08_17T04_52_40.jpg,labels/pyronear_salaunes_2_4_2023_08_17T04_52_40.txt,True,tuyau,['tuyau'],['tache']
images/pyronear_brison_2_2023_10_09T05_53_37.jpg,labels/pyronear_brison_2_2023_10_09T05_53_37.txt,True,soleil,"['nuagesbas', 'soleil']",['batiment']
images/pyronear_salaunes_2_1_2023_08_27T08_44_05.jpg,labels/pyronear_salaunes_2_1_2023_08_27T08_44_05.txt,True,grosnuages,['grosnuages'],[]
images/pyronear_ferion_3_2023_10_20T13_28_47.jpg,labels/pyronear_ferion_3_2023_10_20T13_28_47.txt,True,brume,['brume'],[]
images/pyronear_courmettes_1_2023_11_07T06_34_00.jpg,labels/pyronear_courmettes_1_2023_11_07T06_34_00.txt,True,glare,['glaresoleilptrouge'],['soleilcouchant']
images/pyronear_marguerite_3_2023_06_09T09_03_32.jpg,labels/pyronear_marguerite_3_2023_06_09T09_03_32.txt,True,arbre,['arbre'],['brume']
images/pyronear_brison_2_2023_09_21T09_17_56.jpg,labels/pyronear_brison_2_2023_09_21T09_17_56.txt,True,brume,"['batiment', 'brume']",['brume']
images/pyronear_valbonne_4_2023_10_28T16_34_08.jpg,labels/pyronear_valbonne_4_2023_10_28T16_34_08.txt,True,nuagesbas,['nuagesbas'],[]
images/pyronear_valbonne_3_2023_09_29T17_49_56.jpg,labels/pyronear_valbonne_3_2023_09_29T17_49_56.txt,True,batiment,['batimentloin'],['soleilcouchant']
images/pyronear_marguerite_1_2023_08_22T16_11_19.jpg,labels/pyronear_marguerite_1_2023_08_22T16_11_19.txt,True,soleil,['soleilrayons'],[]
images/pyronear_marguerite_4_2023_10_29T13_23_47.jpg,labels/pyronear_marguerite_4_2023_10_29T13_23_47.txt,True,batiment,['batiment'],"['brume', 'pluie']"
images/pyronear_courmettes_1_2023_11_07T12_40_14.jpg,labels/pyronear_courmettes_1_2023_11_07T12_40_14.txt,True,nuagesbas,['nuagesbas'],[]
images/pyronear_marguerite_3_2023_09_18T07_09_53.jpg,labels/pyronear_marguerite_3_2023_09_18T07_09_53.txt,True,arbre,['arbre'],['brume']
images/pyronear_brison_4_2023_08_17T08_36_18.jpg,labels/pyronear_brison_4_2023_08_17T08_36_18.txt,True,grosnuages,['grosnuages'],"['insecte', 'tache']"
images/pyronear_marguerite_1_2023_09_14T15_54_16.jpg,labels/pyronear_marguerite_1_2023_09_14T15_54_16.txt,True,soleil,['soleilrayons'],[]
images/pyronear_brison_2_2023_09_21T06_12_05.jpg,labels/pyronear_brison_2_2023_09_21T06_12_05.txt,True,brume,"['batiment', 'brume']",['brume']
images/pyronear_marguerite_4_2023_06_09T13_49_15.jpg,labels/pyronear_marguerite_4_2023_06_09T13_49_15.txt,True,tache,"['batiment', 'tache']","['brume', 'pluie']"
images/pyronear_cabanelle_1_2023_10_13T08_42_32.jpg,labels/pyronear_cabanelle_1_2023_10_13T08_42_32.txt,True,grosnuages,['grosnuages'],[]
images/pyronear_brison_3_2023_10_07T17_28_44.jpg,labels/pyronear_brison_3_2023_10_07T17_28_44.txt,True,zonenoire,['zonenoire'],['soleilcouchant']
images/pyronear_brison_2_2023_09_21T06_44_51.jpg,labels/pyronear_brison_2_2023_09_21T06_44_51.txt,True,brume,"['batiment', 'brume']",['brume']
images/pyronear_cabanelle_1_2023_10_13T08_18_02.jpg,labels/pyronear_cabanelle_1_2023_10_13T08_18_02.txt,True,grosnuages,['grosnuages'],[]
images/pyronear_salaunes_1_4_2023_10_04T17_23_47.jpg,labels/pyronear_salaunes_1_4_2023_10_04T17_23_47.txt,True,glare,['glareptjaune'],[]
images/pyronear_brison_2_2023_10_19T07_56_43.jpg,labels/pyronear_brison_2_2023_10_19T07_56_43.txt,True,brume,"['batiment', 'brume']",['brume']
images/pyronear_courmettes_4_2023_11_02T07_57_35.jpg,labels/pyronear_courmettes_4_2023_11_02T07_57_35.txt,True,arbre,['arbre'],['brume']
images/pyronear_valbonne_4_2023_10_28T13_13_58.jpg,labels/pyronear_valbonne_4_2023_10_28T13_13_58.txt,True,grosnuages,['grosnuages'],[]
images/pyronear_brison_3_2023_10_07T17_24_22.jpg,labels/pyronear_brison_3_2023_10_07T17_24_22.txt,True,zonenoire,['zonenoire'],['soleilcouchant']
images/pyronear_valbonne_2_2023_11_05T15_12_05.jpg,labels/pyronear_valbonne_2_2023_11_05T15_12_05.txt,True,nuagesbas,['nuagesbas'],[]
images/pyronear_valbonne_2_2023_11_05T16_09_38.jpg,labels/pyronear_valbonne_2_2023_11_05T16_09_38.txt,True,nuagesbas,['nuagesbas'],[]
images/pyronear_cabanelle_1_2023_10_11T14_02_26.jpg,labels/pyronear_cabanelle_1_2023_10_11T14_02_26.txt,True,brume,['brume'],[]
images/pyronear_st_peray_1_2023_07_21T08_38_29.jpg,labels/pyronear_st_peray_1_2023_07_21T08_38_29.txt,True,grosnuages,['grosnuages'],[]
images/pyronear_marguerite_1_2023_08_22T16_16_19.jpg,labels/pyronear_marguerite_1_2023_08_22T16_16_19.txt,True,soleil,['soleilrayons'],[]
images/pyronear_marguerite_2_2023_10_27T17_01_27.jpg,labels/pyronear_marguerite_2_2023_10_27T17_01_27.txt,True,nuagesbas,['nuagesbas'],['soleilcouchant']
images/pyronear_ferion_3_2023_10_20T12_18_50.jpg,labels/pyronear_ferion_3_2023_10_20T12_18_50.txt,True,brume,['brume'],[]
images/pyronear_valbonne_2_2023_11_06T15_50_15.jpg,labels/pyronear_valbonne_2_2023_11_06T15_50_15.txt,True,nuagesbas,['nuagesbas'],[]
images/pyronear_marguerite_3_2023_09_18T05_30_15.jpg,labels/pyronear_marguerite_3_2023_09_18T05_30_15.txt,True,arbre,['arbre'],['brume']
images/pyronear_cabanelle_2_2023_09_30T06_05_42.jpg,labels/pyronear_cabanelle_2_2023_09_30T06_05_42.txt,True,soleil,"['glare', 'refletslac', 'soleil', 'tacherouge']",[]
images/pyronear_brison_4_2023_08_17T07_38_07.jpg,labels/pyronear_brison_4_2023_08_17T07_38_07.txt,True,grosnuages,['grosnuages'],"['insecte', 'tache']"
images/pyronear_marguerite_1_2023_09_05T17_59_40.jpg,labels/pyronear_marguerite_1_2023_09_05T17_59_40.txt,True,soleil,['soleil'],[]
images/pyronear_brison_3_2023_06_08T06_21_46.jpg,labels/pyronear_brison_3_2023_06_08T06_21_46.txt,True,grosnuages,['grosnuages'],[]
images/pyronear_marguerite_4_2023_10_26T10_53_12.jpg,labels/pyronear_marguerite_4_2023_10_26T10_53_12.txt,True,batiment,['batiment'],"['brume', 'pluie']"
images/pyronear_brison_4_2023_08_17T09_50_23.jpg,labels/pyronear_brison_4_2023_08_17T09_50_23.txt,True,grosnuages,['grosnuages'],"['insecte', 'tache']"
images/pyronear_cabanelle_2_2023_10_01T06_35_37.jpg,labels/pyronear_cabanelle_2_2023_10_01T06_35_37.txt,True,soleil,"['glare', 'refletslac', 'soleil', 'tacherouge']",[]
images/pyronear_brison_2_2023_11_02T06_16_56.jpg,labels/pyronear_brison_2_2023_11_02T06_16_56.txt,True,brume,"['batiment', 'brume']",['brume']
images/pyronear_brison_2_2023_09_21T05_59_19.jpg,labels/pyronear_brison_2_2023_09_21T05_59_19.txt,True,brume,"['batiment', 'brume']",['brume']
images/pyronear_brison_4_2023_08_17T09_55_23.jpg,labels/pyronear_brison_4_2023_08_17T09_55_23.txt,True,grosnuages,['grosnuages'],"['insecte', 'tache']"
images/pyronear_valbonne_2_2023_11_05T14_33_34.jpg,labels/pyronear_valbonne_2_2023_11_05T14_33_34.txt,True,nuagesbas,['nuagesbas'],[]
images/pyronear_ferion_3_2023_10_20T12_18_15.jpg,labels/pyronear_ferion_3_2023_10_20T12_18_15.txt,True,brume,['brume'],[]
images/pyronear_salaunes_2_4_2023_08_17T04_52_10.jpg,labels/pyronear_salaunes_2_4_2023_08_17T04_52_10.txt,True,tuyau,['tuyau'],['tache']
images/pyronear_ferion_2_2023_10_28T15_05_35.jpg,labels/pyronear_ferion_2_2023_10_28T15_05_35.txt,True,grosnuages,['grosnuages'],[]
images/pyronear_brison_1_2023_07_24T17_22_39.jpg,labels/pyronear_brison_1_2023_07_24T17_22_39.txt,True,tache,['tachenoire'],[]
images/pyronear_valbonne_2_2023_11_05T15_58_40.jpg,labels/pyronear_valbonne_2_2023_11_05T15_58_40.txt,True,nuagesbas,['nuagesbas'],[]
images/pyronear_marguerite_1_2023_09_14T15_54_36.jpg,labels/pyronear_marguerite_1_2023_09_14T15_54_36.txt,True,soleil,['soleilrayons'],[]
images/pyronear_brison_2_2023_10_19T07_37_33.jpg,labels/pyronear_brison_2_2023_10_19T07_37_33.txt,True,brume,"['batiment', 'brume']",['brume']
images/pyronear_valbonne_4_2023_11_02T10_08_39.jpg,labels/pyronear_valbonne_4_2023_11_02T10_08_39.txt,True,nuagesbas,['nuagesbas'],[]
images/pyronear_marguerite_2_2023_08_29T17_36_43.jpg,labels/pyronear_marguerite_2_2023_08_29T17_36_43.txt,True,nuagesbas,['nuagesbas'],['soleilcouchant']
images/pyronear_marguerite_1_2023_08_22T14_50_17.jpg,labels/pyronear_marguerite_1_2023_08_22T14_50_17.txt,True,soleil,['soleilrayons'],[]
images/pyronear_brison_2_2023_10_30T08_05_54.jpg,labels/pyronear_brison_2_2023_10_30T08_05_54.txt,True,brume,"['batiment', 'brume']",['brume']
images/pyronear_brison_3_2023_09_07T06_52_01.jpg,labels/pyronear_brison_3_2023_09_07T06_52_01.txt,True,montagne,['montagne'],[]
images/pyronear_salaunes_2_4_2023_08_19T05_08_32.jpg,labels/pyronear_salaunes_2_4_2023_08_19T05_08_32.txt,True,tuyau,['tuyau'],[]
images/pyronear_brison_2_2023_10_19T09_16_39.jpg,labels/pyronear_brison_2_2023_10_19T09_16_39.txt,True,brume,"['batiment', 'brume']",['brume']
images/pyronear_brison_1_2023_07_24T08_46_44.jpg,labels/pyronear_brison_1_2023_07_24T08_46_44.txt,True,tache,['tachenoire'],[]
images/pyronear_salaunes_1_2_2023_08_15T08_15_22.jpg,labels/pyronear_salaunes_1_2_2023_08_15T08_15_22.txt,True,pluie,['pluie'],[]
images/pyronear_ferion_1_2023_10_20T13_24_12.jpg,labels/pyronear_ferion_1_2023_10_20T13_24_12.txt,True,arbre,['arbre'],['brume']
images/pyronear_brison_1_2023_06_12T13_18_29.jpg,labels/pyronear_brison_1_2023_06_12T13_18_29.txt,True,nuagesbas,['nuagesbas'],[]
images/pyronear_cabanelle_1_2023_10_02T05_03_58.jpg,labels/pyronear_cabanelle_1_2023_10_02T05_03_58.txt,True,soleil,['soleil'],[]
images/pyronear_ferion_3_2023_10_20T12_18_18.jpg,labels/pyronear_ferion_3_2023_10_20T12_18_18.txt,True,brume,['brume'],[]
images/pyronear_salaunes_2_1_2023_10_21T06_46_15.jpg,labels/pyronear_salaunes_2_1_2023_10_21T06_46_15.txt,True,grosnuages,['grosnuagesrefletssoleil'],[]
images/pyronear_brison_3_2023_09_21T13_15_55.jpg,labels/pyronear_brison_3_2023_09_21T13_15_55.txt,True,grosnuages,['grosnuages'],['brume']
images/pyronear_marguerite_1_2023_09_14T05_39_15.jpg,labels/pyronear_marguerite_1_2023_09_14T05_39_15.txt,True,grosnuages,['grosnuages'],[]
images/pyronear_salaunes_2_1_2023_08_28T18_31_51.jpg,labels/pyronear_salaunes_2_1_2023_08_28T18_31_51.txt,True,grosnuages,['grosnuagesrefletssoleil'],[]
images/pyronear_courmettes_1_2023_11_07T13_58_16.jpg,labels/pyronear_courmettes_1_2023_11_07T13_58_16.txt,True,nuagesbas,['nuagesbas'],[]
images/pyronear_valbonne_2_2023_11_07T14_45_20.jpg,labels/pyronear_valbonne_2_2023_11_07T14_45_20.txt,True,nuagesbas,['nuagesbas'],[]
images/pyronear_valbonne_4_2023_10_02T05_52_27.jpg,labels/pyronear_valbonne_4_2023_10_02T05_52_27.txt,True,soleil,['soleil'],['batiment']
images/pyronear_salaunes_2_1_2023_08_27T08_36_35.jpg,labels/pyronear_salaunes_2_1_2023_08_27T08_36_35.txt,True,grosnuages,['grosnuages'],[]
images/pyronear_valbonne_4_2023_10_01T05_59_17.jpg,labels/pyronear_valbonne_4_2023_10_01T05_59_17.txt,True,soleil,['soleil'],['batiment']
images/pyronear_salaunes_1_4_2023_10_04T17_21_17.jpg,labels/pyronear_salaunes_1_4_2023_10_04T17_21_17.txt,True,glare,['glareptjaune'],[]
images/pyronear_courmettes_4_2023_11_02T09_57_07.jpg,labels/pyronear_courmettes_4_2023_11_02T09_57_07.txt,True,arbre,['arbre'],['brume']
images/pyronear_marguerite_4_2023_09_16T08_19_59.jpg,labels/pyronear_marguerite_4_2023_09_16T08_19_59.txt,True,tache,"['batiment', 'tache']","['brume', 'pluie']"
images/pyronear_cabanelle_1_2023_10_13T08_38_02.jpg,labels/pyronear_cabanelle_1_2023_10_13T08_38_02.txt,True,grosnuages,['grosnuages'],[]
images/pyronear_brison_2_2023_09_14T17_44_32.jpg,labels/pyronear_brison_2_2023_09_14T17_44_32.txt,True,grosnuages,['grosnuages'],['batiment']
images/pyronear_marguerite_3_2023_09_18T05_44_46.jpg,labels/pyronear_marguerite_3_2023_09_18T05_44_46.txt,True,arbre,['arbre'],['brume']
images/pyronear_brison_3_2023_08_29T06_20_14.jpg,labels/pyronear_brison_3_2023_08_29T06_20_14.txt,True,montagne,['montagne'],[]
images/pyronear_brison_4_2023_10_28T08_19_10.jpg,labels/pyronear_brison_4_2023_10_28T08_19_10.txt,True,nuagesbas,['nuagesbas'],[]
images/pyronear_brison_2_2023_10_30T07_24_55.jpg,labels/pyronear_brison_2_2023_10_30T07_24_55.txt,True,brume,"['batiment', 'brume']",['brume']
images/pyronear_marguerite_2_2023_09_10T18_09_19.jpg,labels/pyronear_marguerite_2_2023_09_10T18_09_19.txt,True,nuagesbas,['nuagesbas'],['soleilcouchant']
images/pyronear_brison_2_2023_10_30T13_51_01.jpg,labels/pyronear_brison_2_2023_10_30T13_51_01.txt,True,brume,"['batiment', 'brume']",['brume']
images/pyronear_valbonne_2_2023_11_05T15_31_37.jpg,labels/pyronear_valbonne_2_2023_11_05T15_31_37.txt,True,nuagesbas,['nuagesbas'],[]
images/pyronear_valbonne_2_2023_11_05T15_52_07.jpg,labels/pyronear_valbonne_2_2023_11_05T15_52_07.txt,True,nuagesbas,['nuagesbas'],[]
images/pyronear_brison_3_2023_09_07T06_54_01.jpg,labels/pyronear_brison_3_2023_09_07T06_54_01.txt,True,montagne,['montagne'],[]
images/pyronear_brison_2_2023_11_02T06_22_26.jpg,labels/pyronear_brison_2_2023_11_02T06_22_26.txt,True,brume,"['batiment', 'brume']",['brume']
images/pyronear_brison_2_2023_09_18T16_55_13.jpg,labels/pyronear_brison_2_2023_09_18T16_55_13.txt,True,grosnuages,['grosnuages'],['batiment']
images/pyronear_cabanelle_2_2023_10_02T05_56_33.jpg,labels/pyronear_cabanelle_2_2023_10_02T05_56_33.txt,True,soleil,"['glare', 'refletslac', 'soleil', 'tacherouge']",[]
images/pyronear_marguerite_1_2023_08_22T14_50_14.jpg,labels/pyronear_marguerite_1_2023_08_22T14_50_14.txt,True,soleil,['soleilrayons'],[]
images/pyronear_marguerite_1_2023_09_16T13_01_36.jpg,labels/pyronear_marguerite_1_2023_09_16T13_01_36.txt,True,nuagesbas,['nuagesbas'],[]
images/pyronear_brison_2_2023_09_21T09_28_56.jpg,labels/pyronear_brison_2_2023_09_21T09_28_56.txt,True,brume,"['batiment', 'brume']",['brume']
images/pyronear_courmettes_1_2023_11_03T06_27_57.jpg,labels/pyronear_courmettes_1_2023_11_03T06_27_57.txt,True,glare,['glaresoleilptrouge'],['soleilcouchant']
images/pyronear_brison_2_2023_11_01T11_05_31.jpg,labels/pyronear_brison_2_2023_11_01T11_05_31.txt,True,brume,"['batiment', 'brume']",['brume']
images/pyronear_brison_2_2023_08_27T09_16_35.jpg,labels/pyronear_brison_2_2023_08_27T09_16_35.txt,True,grosnuages,['grosnuages'],['batiment']
images/pyronear_ferion_2_2023_11_03T06_45_54.jpg,labels/pyronear_ferion_2_2023_11_03T06_45_54.txt,True,glare,"['glare', 'tache']",[]
images/pyronear_brison_1_2023_09_13T05_44_42.jpg,labels/pyronear_brison_1_2023_09_13T05_44_42.txt,True,nuagesbas,['nuagesbas'],[]
images/pyronear_marguerite_4_2023_09_21T06_43_29.jpg,labels/pyronear_marguerite_4_2023_09_21T06_43_29.txt,True,tache,"['batiment', 'tache']","['brume', 'pluie']"
images/pyronear_valbonne_4_2023_10_28T13_08_30.jpg,labels/pyronear_valbonne_4_2023_10_28T13_08_30.txt,True,grosnuages,['grosnuages'],[]
images/pyronear_salaunes_1_1_2023_08_09T18_09_58.jpg,labels/pyronear_salaunes_1_1_2023_08_09T18_09_58.txt,True,nuagesbas,['nuagesbas'],[]
images/pyronear_cabanelle_1_2023_10_10T14_57_21.jpg,labels/pyronear_cabanelle_1_2023_10_10T14_57_21.txt,True,grosnuages,"['grosnuages', 'nuagesbas']",[]
images/pyronear_marguerite_1_2023_06_14T03_31_38.jpg,labels/pyronear_marguerite_1_2023_06_14T03_31_38.txt,True,nuagesbas,['nuagesbas'],['nuit']
images/pyronear_ferion_2_2023_10_31T06_49_54.jpg,labels/pyronear_ferion_2_2023_10_31T06_49_54.txt,True,glare,"['glare', 'tache']",[]
images/pyronear_valbonne_3_2023_10_20T08_36_06.jpg,labels/pyronear_valbonne_3_2023_10_20T08_36_06.txt,True,nuagesbas,['nuagesbas'],[]
images/pyronear_cabanelle_1_2023_10_10T11_32_15.jpg,labels/pyronear_cabanelle_1_2023_10_10T11_32_15.txt,True,grosnuages,"['grosnuages', 'nuagesbas']",[]
images/pyronear_salaunes_2_4_2023_08_19T05_06_02.jpg,labels/pyronear_salaunes_2_4_2023_08_19T05_06_02.txt,True,tuyau,['tuyau'],[]
images/pyronear_marguerite_4_2023_10_29T13_32_15.jpg,labels/pyronear_marguerite_4_2023_10_29T13_32_15.txt,True,batiment,['batiment'],"['brume', 'pluie']"
images/pyronear_marguerite_1_2023_09_13T16_54_42.jpg,labels/pyronear_marguerite_1_2023_09_13T16_54_42.txt,True,soleil,['soleilrayons'],[]
images/pyronear_marguerite_1_2023_08_09T18_50_19.jpg,labels/pyronear_marguerite_1_2023_08_09T18_50_19.txt,True,soleil,['soleil'],[]
images/pyronear_marguerite_3_2023_09_18T05_49_15.jpg,labels/pyronear_marguerite_3_2023_09_18T05_49_15.txt,True,arbre,['arbre'],['brume']
images/pyronear_brison_1_2023_06_26T04_05_02.jpg,labels/pyronear_brison_1_2023_06_26T04_05_02.txt,True,soleil,['soleil'],[]
images/pyronear_brison_4_2023_08_17T07_52_48.jpg,labels/pyronear_brison_4_2023_08_17T07_52_48.txt,True,grosnuages,['grosnuages'],"['insecte', 'tache']"
images/pyronear_brison_1_2023_06_12T12_22_57.jpg,labels/pyronear_brison_1_2023_06_12T12_22_57.txt,True,nuagesbas,['nuagesbas'],[]
images/pyronear_marguerite_2_2023_09_01T18_26_03.jpg,labels/pyronear_marguerite_2_2023_09_01T18_26_03.txt,True,nuagesbas,['nuagesbas'],['soleilcouchant']
images/pyronear_marguerite_1_2023_08_22T14_31_14.jpg,labels/pyronear_marguerite_1_2023_08_22T14_31_14.txt,True,soleil,['soleilrayons'],[]
images/pyronear_valbonne_4_2023_10_08T06_02_24.jpg,labels/pyronear_valbonne_4_2023_10_08T06_02_24.txt,True,soleil,['soleil'],['batiment']
images/pyronear_cabanelle_2_2023_09_28T05_35_42.jpg,labels/pyronear_cabanelle_2_2023_09_28T05_35_42.txt,True,glare,['glare'],[]
images/pyronear_valbonne_2_2023_11_05T15_58_41.jpg,labels/pyronear_valbonne_2_2023_11_05T15_58_41.txt,True,nuagesbas,['nuagesbas'],[]
images/pyronear_brison_3_2023_10_07T17_27_44.jpg,labels/pyronear_brison_3_2023_10_07T17_27_44.txt,True,zonenoire,['zonenoire'],['soleilcouchant']
images/pyronear_courmettes_1_2023_09_29T06_12_45.jpg,labels/pyronear_courmettes_1_2023_09_29T06_12_45.txt,True,glare,"['glaretacherouge', 'soleilrefletslac']",[]
images/pyronear_brison_1_2023_07_11T04_11_12.jpg,labels/pyronear_brison_1_2023_07_11T04_11_12.txt,True,soleil,['soleil'],[]
images/pyronear_marguerite_1_2023_09_15T16_12_37.jpg,labels/pyronear_marguerite_1_2023_09_15T16_12_37.txt,True,glare,['glare'],[]
images/pyronear_salaunes_2_1_2023_08_27T08_45_35.jpg,labels/pyronear_salaunes_2_1_2023_08_27T08_45_35.txt,True,grosnuages,['grosnuages'],[]
images/pyronear_marguerite_3_2023_09_18T10_23_29.jpg,labels/pyronear_marguerite_3_2023_09_18T10_23_29.txt,True,arbre,['arbre'],['brume']
images/pyronear_courmettes_2_2023_10_27T07_25_51.jpg,labels/pyronear_courmettes_2_2023_10_27T07_25_51.txt,True,glare,['glare'],[]
images/pyronear_brison_2_2023_09_24T05_54_48.jpg,labels/pyronear_brison_2_2023_09_24T05_54_48.txt,True,glare,['glare'],[]
images/pyronear_salaunes_1_1_2023_11_03T15_29_35.jpg,labels/pyronear_salaunes_1_1_2023_11_03T15_29_35.txt,True,grosnuages,['grosnuages'],[]
images/pyronear_brison_3_2023_08_27T07_02_39.jpg,labels/pyronear_brison_3_2023_08_27T07_02_39.txt,True,grosnuages,['grosnuages'],['brume']
images/pyronear_courmettes_4_2023_11_02T11_23_12.jpg,labels/pyronear_courmettes_4_2023_11_02T11_23_12.txt,True,arbre,['arbre'],['brume']
images/pyronear_courmettes_4_2023_10_03T17_29_25.jpg,labels/pyronear_courmettes_4_2023_10_03T17_29_25.txt,True,nuagesbas,['nuagesbas'],"['antenne', 'soleilcouchant']"
images/pyronear_marguerite_1_2023_09_18T16_11_36.jpg,labels/pyronear_marguerite_1_2023_09_18T16_11_36.txt,True,glare,['glare'],[]
images/pyronear_brison_2_2023_10_29T06_18_58.jpg,labels/pyronear_brison_2_2023_10_29T06_18_58.txt,True,brume,"['batiment', 'brume']",['brume']
images/pyronear_valbonne_4_2023_10_08T05_55_25.jpg,labels/pyronear_valbonne_4_2023_10_08T05_55_25.txt,True,soleil,['soleil'],['batiment']
images/pyronear_ferion_2_2023_10_29T15_07_07.jpg,labels/pyronear_ferion_2_2023_10_29T15_07_07.txt,True,grosnuages,['grosnuages'],[]
images/pyronear_valbonne_3_2023_09_28T17_42_39.jpg,labels/pyronear_valbonne_3_2023_09_28T17_42_39.txt,True,batiment,['batimentloin'],['soleilcouchant']
images/pyronear_cabanelle_2_2023_09_28T05_17_56.jpg,labels/pyronear_cabanelle_2_2023_09_28T05_17_56.txt,True,glare,['glare'],[]
images/pyronear_cabanelle_1_2023_10_13T08_03_04.jpg,labels/pyronear_cabanelle_1_2023_10_13T08_03_04.txt,True,grosnuages,['grosnuages'],[]
images/pyronear_brison_4_2023_08_17T08_06_47.jpg,labels/pyronear_brison_4_2023_08_17T08_06_47.txt,True,grosnuages,['grosnuages'],"['insecte', 'tache']"
images/pyronear_courmettes_1_2023_11_07T12_42_45.jpg,labels/pyronear_courmettes_1_2023_11_07T12_42_45.txt,True,nuagesbas,['nuagesbas'],[]
images/pyronear_brison_2_2023_09_21T09_20_28.jpg,labels/pyronear_brison_2_2023_09_21T09_20_28.txt,True,brume,"['batiment', 'brume']",['brume']
images/pyronear_cabanelle_1_2023_10_13T05_59_27.jpg,labels/pyronear_cabanelle_1_2023_10_13T05_59_27.txt,True,grosnuages,['grosnuages'],['brume']
images/pyronear_marguerite_4_2023_10_29T13_24_46.jpg,labels/pyronear_marguerite_4_2023_10_29T13_24_46.txt,True,batiment,['batiment'],"['brume', 'pluie']"
images/pyronear_marguerite_1_2023_08_22T14_00_13.jpg,labels/pyronear_marguerite_1_2023_08_22T14_00_13.txt,True,soleil,['soleilrayons'],[]
images/pyronear_cabanelle_1_2023_10_10T08_46_42.jpg,labels/pyronear_cabanelle_1_2023_10_10T08_46_42.txt,True,grosnuages,"['grosnuages', 'nuagesbas']",[]
images/pyronear_marguerite_1_2023_09_10T16_12_43.jpg,labels/pyronear_marguerite_1_2023_09_10T16_12_43.txt,True,glare,['glare'],[]
images/pyronear_marguerite_3_2023_06_09T09_57_34.jpg,labels/pyronear_marguerite_3_2023_06_09T09_57_34.txt,True,arbre,['arbre'],['brume']
images/pyronear_salaunes_1_2_2023_08_05T05_27_54.jpg,labels/pyronear_salaunes_1_2_2023_08_05T05_27_54.txt,True,grosnuages,['grosnuages'],[]
images/pyronear_marguerite_1_2023_09_14T16_13_37.jpg,labels/pyronear_marguerite_1_2023_09_14T16_13_37.txt,True,glare,['glaresoleilrayons'],[]
images/pyronear_courmettes_1_2023_11_07T13_36_15.jpg,labels/pyronear_courmettes_1_2023_11_07T13_36_15.txt,True,nuagesbas,['nuagesbas'],[]
images/pyronear_brison_4_2023_06_10T12_38_43.jpg,labels/pyronear_brison_4_2023_06_10T12_38_43.txt,True,brume,['brume'],[]
images/pyronear_marguerite_1_2023_09_16T13_01_29.jpg,labels/pyronear_marguerite_1_2023_09_16T13_01_29.txt,True,nuagesbas,['nuagesbas'],[]
images/pyronear_brison_4_2023_10_31T17_08_22.jpg,labels/pyronear_brison_4_2023_10_31T17_08_22.txt,True,nuagesbas,['nuagesbas'],[]
images/pyronear_brison_4_2023_10_29T12_06_38.jpg,labels/pyronear_brison_4_2023_10_29T12_06_38.txt,True,grosnuages,['grosnuages'],['brume']
images/pyronear_marguerite_3_2023_09_18T05_17_53.jpg,labels/pyronear_marguerite_3_2023_09_18T05_17_53.txt,True,arbre,['arbre'],['brume']
images/pyronear_brison_4_2023_08_17T10_27_21.jpg,labels/pyronear_brison_4_2023_08_17T10_27_21.txt,True,grosnuages,['grosnuages'],"['insecte', 'tache']"
images/pyronear_valbonne_2_2023_11_07T14_21_19.jpg,labels/pyronear_valbonne_2_2023_11_07T14_21_19.txt,True,nuagesbas,['nuagesbas'],[]
images/pyronear_marguerite_2_2023_09_10T18_08_50.jpg,labels/pyronear_marguerite_2_2023_09_10T18_08_50.txt,True,nuagesbas,['nuagesbas'],['soleilcouchant']
images/pyronear_brison_2_2023_09_24T05_54_35.jpg,labels/pyronear_brison_2_2023_09_24T05_54_35.txt,True,glare,['glare'],[]
images/pyronear_brison_4_2023_06_28T19_10_35.jpg,labels/pyronear_brison_4_2023_06_28T19_10_35.txt,True,soleil,['soleil'],[]
images/pyronear_ferion_2_2023_10_28T15_30_37.jpg,labels/pyronear_ferion_2_2023_10_28T15_30_37.txt,True,grosnuages,['grosnuages'],[]
images/pyronear_brison_2_2023_11_04T11_01_50.jpg,labels/pyronear_brison_2_2023_11_04T11_01_50.txt,True,brume,"['batiment', 'brume']",['brume']
images/pyronear_valbonne_4_2023_10_29T09_58_22.jpg,labels/pyronear_valbonne_4_2023_10_29T09_58_22.txt,True,nuagesbas,['nuagesbas'],[]
images/pyronear_valbonne_4_2023_11_02T09_54_34.jpg,labels/pyronear_valbonne_4_2023_11_02T09_54_34.txt,True,nuagesbas,['nuagesbas'],[]
images/pyronear_brison_1_2023_07_10T04_14_42.jpg,labels/pyronear_brison_1_2023_07_10T04_14_42.txt,True,soleil,['soleil'],[]
images/pyronear_brison_4_2023_08_17T10_09_21.jpg,labels/pyronear_brison_4_2023_08_17T10_09_21.txt,True,grosnuages,['grosnuages'],"['insecte', 'tache']"
images/pyronear_courmettes_2_2023_10_05T07_54_17.jpg,labels/pyronear_courmettes_2_2023_10_05T07_54_17.txt,True,soleil,['soleil'],[]
images/pyronear_cabanelle_1_2023_10_11T14_56_30.jpg,labels/pyronear_cabanelle_1_2023_10_11T14_56_30.txt,True,brume,['brume'],[]
images/pyronear_salaunes_2_2_2023_09_03T05_12_41.jpg,labels/pyronear_salaunes_2_2_2023_09_03T05_12_41.txt,True,panneausolaire,['panneausolaire'],[]
images/pyronear_marguerite_1_2023_09_13T16_37_12.jpg,labels/pyronear_marguerite_1_2023_09_13T16_37_12.txt,True,soleil,['soleilrayons'],[]
images/pyronear_valbonne_2_2023_11_05T15_59_08.jpg,labels/pyronear_valbonne_2_2023_11_05T15_59_08.txt,True,nuagesbas,['nuagesbas'],[]
images/pyronear_brison_1_2023_09_13T05_48_13.jpg,labels/pyronear_brison_1_2023_09_13T05_48_13.txt,True,nuagesbas,['nuagesbas'],[]
images/pyronear_salaunes_1_4_2023_09_29T17_24_25.jpg,labels/pyronear_salaunes_1_4_2023_09_29T17_24_25.txt,True,glare,['glareptjaune'],[]
images/pyronear_valbonne_3_2023_09_29T17_49_26.jpg,labels/pyronear_valbonne_3_2023_09_29T17_49_26.txt,True,batiment,['batimentloin'],['soleilcouchant']
images/pyronear_salaunes_2_4_2023_08_19T05_30_03.jpg,labels/pyronear_salaunes_2_4_2023_08_19T05_30_03.txt,True,tuyau,['tuyau'],[]
images/pyronear_salaunes_2_1_2023_08_27T09_01_05.jpg,labels/pyronear_salaunes_2_1_2023_08_27T09_01_05.txt,True,grosnuages,['grosnuages'],[]
images/pyronear_cabanelle_1_2023_10_10T14_40_51.jpg,labels/pyronear_cabanelle_1_2023_10_10T14_40_51.txt,True,grosnuages,"['grosnuages', 'nuagesbas']",[]
images/pyronear_brison_2_2023_10_30T13_46_42.jpg,labels/pyronear_brison_2_2023_10_30T13_46_42.txt,True,brume,"['batiment', 'brume']",['brume']
images/pyronear_brison_4_2023_08_17T10_00_51.jpg,labels/pyronear_brison_4_2023_08_17T10_00_51.txt,True,grosnuages,['grosnuages'],"['insecte', 'tache']"
images/pyronear_cabanelle_1_2023_10_10T08_46_41.jpg,labels/pyronear_cabanelle_1_2023_10_10T08_46_41.txt,True,grosnuages,"['grosnuages', 'nuagesbas']",[]
images/pyronear_brison_2_2023_10_19T09_03_52.jpg,labels/pyronear_brison_2_2023_10_19T09_03_52.txt,True,brume,"['batiment', 'brume']",['brume']
images/pyronear_valbonne_2_2023_11_05T15_20_36.jpg,labels/pyronear_valbonne_2_2023_11_05T15_20_36.txt,True,nuagesbas,['nuagesbas'],[]
images/pyronear_courmettes_4_2023_10_03T17_15_54.jpg,labels/pyronear_courmettes_4_2023_10_03T17_15_54.txt,True,nuagesbas,['nuagesbas'],"['antenne', 'soleilcouchant']"
images/pyronear_courmettes_2_2023_10_28T06_41_44.jpg,labels/pyronear_courmettes_2_2023_10_28T06_41_44.txt,True,glare,['glare'],[]
images/pyronear_valbonne_4_2023_11_02T08_57_33.jpg,labels/pyronear_valbonne_4_2023_11_02T08_57_33.txt,True,nuagesbas,['nuagesbas'],[]
images/pyronear_ferion_3_2023_10_24T15_54_05.jpg,labels/pyronear_ferion_3_2023_10_24T15_54_05.txt,True,grosnuages,"['grosnuages', 'soleilreflets']",[]
images/pyronear_courmettes_2_2023_10_20T10_22_37.jpg,labels/pyronear_courmettes_2_2023_10_20T10_22_37.txt,True,grosnuages,['grosnuages'],['brume']
images/pyronear_salaunes_2_4_2023_08_18T06_31_09.jpg,labels/pyronear_salaunes_2_4_2023_08_18T06_31_09.txt,True,tuyau,['tuyau'],[]
images/pyronear_brison_1_2023_06_26T04_03_33.jpg,labels/pyronear_brison_1_2023_06_26T04_03_33.txt,True,soleil,['soleil'],[]
images/pyronear_cabanelle_1_2023_10_10T15_17_53.jpg,labels/pyronear_cabanelle_1_2023_10_10T15_17_53.txt,True,grosnuages,"['grosnuages', 'nuagesbas']",[]
images/pyronear_brison_4_2023_08_17T09_54_51.jpg,labels/pyronear_brison_4_2023_08_17T09_54_51.txt,True,grosnuages,['grosnuages'],"['insecte', 'tache']"
images/pyronear_salaunes_1_2_2023_09_30T11_29_34.jpg,labels/pyronear_salaunes_1_2_2023_09_30T11_29_34.txt,True,glare,['glare'],[]
images/pyronear_valbonne_3_2023_09_28T17_44_39.jpg,labels/pyronear_valbonne_3_2023_09_28T17_44_39.txt,True,batiment,['batimentloin'],['soleilcouchant']
images/pyronear_valbonne_2_2023_11_06T13_59_42.jpg,labels/pyronear_valbonne_2_2023_11_06T13_59_42.txt,True,nuagesbas,['nuagesbas'],[]
images/pyronear_brison_4_2023_06_12T12_01_05.jpg,labels/pyronear_brison_4_2023_06_12T12_01_05.txt,True,nuagesbas,['nuagesbas'],['brume']
images/pyronear_cabanelle_1_2023_10_10T15_19_51.jpg,labels/pyronear_cabanelle_1_2023_10_10T15_19_51.txt,True,grosnuages,"['grosnuages', 'nuagesbas']",[]
images/pyronear_courmettes_1_2023_11_07T13_48_15.jpg,labels/pyronear_courmettes_1_2023_11_07T13_48_15.txt,True,nuagesbas,['nuagesbas'],[]
images/pyronear_valbonne_2_2023_11_05T16_02_37.jpg,labels/pyronear_valbonne_2_2023_11_05T16_02_37.txt,True,nuagesbas,['nuagesbas'],[]
images/pyronear_marguerite_2_2023_09_01T18_24_48.jpg,labels/pyronear_marguerite_2_2023_09_01T18_24_48.txt,True,nuagesbas,['nuagesbas'],['soleilcouchant']
images/pyronear_marguerite_2_2023_09_10T18_27_20.jpg,labels/pyronear_marguerite_2_2023_09_10T18_27_20.txt,True,nuagesbas,['nuagesbas'],['soleilcouchant']
images/pyronear_valbonne_3_2023_09_30T17_42_04.jpg,labels/pyronear_valbonne_3_2023_09_30T17_42_04.txt,True,batiment,['batimentloin'],['soleilcouchant']
images/pyronear_brison_2_2023_10_19T08_57_39.jpg,labels/pyronear_brison_2_2023_10_19T08_57_39.txt,True,brume,"['batiment', 'brume']",['brume']
images/pyronear_courmettes_2_2023_10_06T07_08_11.jpg,labels/pyronear_courmettes_2_2023_10_06T07_08_11.txt,True,soleil,['soleil'],[]
images/pyronear_valbonne_4_2023_10_24T16_28_53.jpg,labels/pyronear_valbonne_4_2023_10_24T16_28_53.txt,True,nuagesbas,['nuagesbas'],[]
images/pyronear_courmettes_2_2023_10_24T14_44_50.jpg,labels/pyronear_courmettes_2_2023_10_24T14_44_50.txt,True,grosnuages,['grosnuages'],[]
images/pyronear_brison_3_2023_10_01T13_58_14.jpg,labels/pyronear_brison_3_2023_10_01T13_58_14.txt,True,montagne,['montagne'],[]
images/pyronear_brison_2_2023_10_19T09_29_09.jpg,labels/pyronear_brison_2_2023_10_19T09_29_09.txt,True,brume,"['batiment', 'brume']",['brume']
images/pyronear_marguerite_2_2023_08_15T18_42_49.jpg,labels/pyronear_marguerite_2_2023_08_15T18_42_49.txt,True,nuagesbas,['nuagesbas'],['soleilcouchant']
images/pyronear_marguerite_2_2023_08_29T17_34_44.jpg,labels/pyronear_marguerite_2_2023_08_29T17_34_44.txt,True,nuagesbas,['nuagesbas'],['soleilcouchant']
images/pyronear_courmettes_1_2023_11_03T06_17_53.jpg,labels/pyronear_courmettes_1_2023_11_03T06_17_53.txt,True,glare,['glaresoleilptrouge'],['soleilcouchant']
images/pyronear_courmettes_2_2023_10_20T10_21_07.jpg,labels/pyronear_courmettes_2_2023_10_20T10_21_07.txt,True,grosnuages,['grosnuages'],['brume']
images/pyronear_marguerite_2_2023_09_10T18_35_51.jpg,labels/pyronear_marguerite_2_2023_09_10T18_35_51.txt,True,nuagesbas,['nuagesbas'],['soleilcouchant']
images/pyronear_ferion_2_2023_10_27T06_55_30.jpg,labels/pyronear_ferion_2_2023_10_27T06_55_30.txt,True,glare,"['glare', 'tache']",[]
images/pyronear_brison_2_2023_10_30T08_06_55.jpg,labels/pyronear_brison_2_2023_10_30T08_06_55.txt,True,brume,"['batiment', 'brume']",['brume']
images/pyronear_brison_2_2023_10_30T13_59_01.jpg,labels/pyronear_brison_2_2023_10_30T13_59_01.txt,True,brume,"['batiment', 'brume']",['brume']
images/pyronear_marguerite_1_2023_06_27T03_45_05.jpg,labels/pyronear_marguerite_1_2023_06_27T03_45_05.txt,True,nuagesbas,['nuagesbas'],['nuit']
images/pyronear_salaunes_2_4_2023_08_19T05_10_01.jpg,labels/pyronear_salaunes_2_4_2023_08_19T05_10_01.txt,True,tuyau,['tuyau'],[]
images/pyronear_salaunes_2_4_2023_08_19T05_35_03.jpg,labels/pyronear_salaunes_2_4_2023_08_19T05_35_03.txt,True,tuyau,['tuyau'],[]
images/pyronear_cabanelle_1_2023_10_10T11_24_44.jpg,labels/pyronear_cabanelle_1_2023_10_10T11_24_44.txt,True,grosnuages,"['grosnuages', 'nuagesbas']",[]
images/pyronear_brison_1_2023_07_01T04_08_46.jpg,labels/pyronear_brison_1_2023_07_01T04_08_46.txt,True,soleil,['soleil'],[]
images/pyronear_valbonne_4_2023_10_29T09_44_52.jpg,labels/pyronear_valbonne_4_2023_10_29T09_44_52.txt,True,nuagesbas,['nuagesbas'],[]
images/pyronear_valbonne_2_2023_11_06T15_49_15.jpg,labels/pyronear_valbonne_2_2023_11_06T15_49_15.txt,True,nuagesbas,['nuagesbas'],[]
images/pyronear_ferion_2_2023_10_24T15_54_35.jpg,labels/pyronear_ferion_2_2023_10_24T15_54_35.txt,True,grosnuages,['grosnuages'],[]
images/pyronear_st_peray_1_2023_07_21T08_34_59.jpg,labels/pyronear_st_peray_1_2023_07_21T08_34_59.txt,True,grosnuages,['grosnuages'],[]
images/pyronear_brison_2_2023_10_30T09_21_27.jpg,labels/pyronear_brison_2_2023_10_30T09_21_27.txt,True,brume,"['batiment', 'brume']",['brume']
images/pyronear_ferion_2_2023_10_28T15_02_35.jpg,labels/pyronear_ferion_2_2023_10_28T15_02_35.txt,True,grosnuages,['grosnuages'],[]
images/pyronear_cabanelle_1_2023_10_13T09_18_03.jpg,labels/pyronear_cabanelle_1_2023_10_13T09_18_03.txt,True,grosnuages,['grosnuages'],[]
images/pyronear_marguerite_2_2023_06_28T19_17_07.jpg,labels/pyronear_marguerite_2_2023_06_28T19_17_07.txt,True,soleil,['soleil'],[]
images/pyronear_brison_2_2023_08_27T09_10_06.jpg,labels/pyronear_brison_2_2023_08_27T09_10_06.txt,True,grosnuages,['grosnuages'],['batiment']
images/pyronear_courmettes_2_2023_10_10T06_46_27.jpg,labels/pyronear_courmettes_2_2023_10_10T06_46_27.txt,True,grosnuages,['grosnuages'],"['brume', 'soleil']"
images/pyronear_brison_2_2023_07_09T05_48_15.jpg,labels/pyronear_brison_2_2023_07_09T05_48_15.txt,True,glare,['glare'],[]
images/pyronear_valbonne_4_2023_11_04T13_40_43.jpg,labels/pyronear_valbonne_4_2023_11_04T13_40_43.txt,True,nuagesbas,['nuagesbas'],[]
images/pyronear_brison_2_2023_09_21T06_12_00.jpg,labels/pyronear_brison_2_2023_09_21T06_12_00.txt,True,brume,"['batiment', 'brume']",['brume']
images/pyronear_valbonne_2_2023_11_05T15_09_06.jpg,labels/pyronear_valbonne_2_2023_11_05T15_09_06.txt,True,nuagesbas,['nuagesbas'],[]
images/pyronear_brison_4_2023_10_29T10_02_06.jpg,labels/pyronear_brison_4_2023_10_29T10_02_06.txt,True,grosnuages,['grosnuages'],['brume']
images/pyronear_brison_2_2023_11_01T11_03_59.jpg,labels/pyronear_brison_2_2023_11_01T11_03_59.txt,True,brume,"['batiment', 'brume']",['brume']
images/pyronear_marguerite_1_2023_09_14T15_54_05.jpg,labels/pyronear_marguerite_1_2023_09_14T15_54_05.txt,True,soleil,['soleilrayons'],[]
images/pyronear_brison_2_2023_09_27T05_48_46.jpg,labels/pyronear_brison_2_2023_09_27T05_48_46.txt,True,glare,['glare'],[]
images/pyronear_valbonne_4_2023_10_02T05_54_26.jpg,labels/pyronear_valbonne_4_2023_10_02T05_54_26.txt,True,soleil,['soleil'],['batiment']
images/pyronear_brison_4_2023_10_28T07_32_40.jpg,labels/pyronear_brison_4_2023_10_28T07_32_40.txt,True,nuagesbas,['nuagesbas'],[]
images/pyronear_valbonne_4_2023_10_29T07_48_48.jpg,labels/pyronear_valbonne_4_2023_10_29T07_48_48.txt,True,nuagesbas,['nuagesbas'],[]
images/pyronear_marguerite_4_2023_10_26T10_53_19.jpg,labels/pyronear_marguerite_4_2023_10_26T10_53_19.txt,True,batiment,['batiment'],"['brume', 'pluie']"
images/pyronear_ferion_2_2023_10_28T16_20_38.jpg,labels/pyronear_ferion_2_2023_10_28T16_20_38.txt,True,grosnuages,['grosnuages'],[]
images/pyronear_cabanelle_1_2023_10_11T15_06_31.jpg,labels/pyronear_cabanelle_1_2023_10_11T15_06_31.txt,True,brume,['brume'],[]
images/pyronear_brison_2_2023_10_30T07_43_54.jpg,labels/pyronear_brison_2_2023_10_30T07_43_54.txt,True,brume,"['batiment', 'brume']",['brume']
images/pyronear_valbonne_4_2023_10_01T05_57_48.jpg,labels/pyronear_valbonne_4_2023_10_01T05_57_48.txt,True,soleil,['soleil'],['batiment']
images/pyronear_valbonne_4_2023_10_29T09_18_23.jpg,labels/pyronear_valbonne_4_2023_10_29T09_18_23.txt,True,nuagesbas,['nuagesbas'],[]
images/pyronear_marguerite_3_2023_09_18T05_19_44.jpg,labels/pyronear_marguerite_3_2023_09_18T05_19_44.txt,True,arbre,['arbre'],['brume']
images/pyronear_marguerite_1_2023_09_16T12_35_58.jpg,labels/pyronear_marguerite_1_2023_09_16T12_35_58.txt,True,nuagesbas,['nuagesbas'],[]
images/pyronear_cabanelle_1_2023_10_11T15_10_59.jpg,labels/pyronear_cabanelle_1_2023_10_11T15_10_59.txt,True,brume,['brume'],[]
images/pyronear_marguerite_1_2023_09_16T12_39_58.jpg,labels/pyronear_marguerite_1_2023_09_16T12_39_58.txt,True,nuagesbas,['nuagesbas'],[]
images/pyronear_marguerite_3_2023_09_18T10_39_00.jpg,labels/pyronear_marguerite_3_2023_09_18T10_39_00.txt,True,arbre,['arbre'],['brume']
images/pyronear_brison_2_2023_09_21T05_51_52.jpg,labels/pyronear_brison_2_2023_09_21T05_51_52.txt,True,brume,"['batiment', 'brume']",['brume']
images/pyronear_salaunes_2_1_2023_11_05T10_46_52.jpg,labels/pyronear_salaunes_2_1_2023_11_05T10_46_52.txt,True,grosnuages,['grosnuagesrefletssoleil'],[]
images/pyronear_courmettes_2_2023_10_24T14_54_20.jpg,labels/pyronear_courmettes_2_2023_10_24T14_54_20.txt,True,grosnuages,['grosnuages'],[]
images/pyronear_marguerite_2_2023_09_10T18_30_20.jpg,labels/pyronear_marguerite_2_2023_09_10T18_30_20.txt,True,nuagesbas,['nuagesbas'],['soleilcouchant']
images/pyronear_valbonne_4_2023_10_18T10_53_42.jpg,labels/pyronear_valbonne_4_2023_10_18T10_53_42.txt,True,nuagesbas,['nuagesbas'],[]
images/pyronear_brison_2_2023_10_30T08_33_25.jpg,labels/pyronear_brison_2_2023_10_30T08_33_25.txt,True,brume,"['batiment', 'brume']",['brume']
images/pyronear_ferion_2_2023_10_28T15_28_36.jpg,labels/pyronear_ferion_2_2023_10_28T15_28_36.txt,True,grosnuages,['grosnuages'],[]
images/pyronear_valbonne_4_2023_10_01T06_04_46.jpg,labels/pyronear_valbonne_4_2023_10_01T06_04_46.txt,True,soleil,['soleil'],['batiment']
images/pyronear_ferion_2_2023_10_28T15_03_35.jpg,labels/pyronear_ferion_2_2023_10_28T15_03_35.txt,True,grosnuages,['grosnuages'],[]
images/pyronear_marguerite_1_2023_07_30T16_23_01.jpg,labels/pyronear_marguerite_1_2023_07_30T16_23_01.txt,True,soleil,['soleilrayons'],[]
images/pyronear_cabanelle_1_2023_10_11T12_20_53.jpg,labels/pyronear_cabanelle_1_2023_10_11T12_20_53.txt,True,brume,['brume'],[]
images/pyronear_courmettes_1_2023_11_07T06_13_38.jpg,labels/pyronear_courmettes_1_2023_11_07T06_13_38.txt,True,soleil,['soleil'],[]
images/pyronear_cabanelle_1_2023_10_10T11_33_15.jpg,labels/pyronear_cabanelle_1_2023_10_10T11_33_15.txt,True,grosnuages,"['grosnuages', 'nuagesbas']",[]
images/pyronear_brison_1_2023_06_13T06_06_20.jpg,labels/pyronear_brison_1_2023_06_13T06_06_20.txt,True,grosnuages,['grosnuages'],[]
images/pyronear_valbonne_2_2023_11_05T14_50_06.jpg,labels/pyronear_valbonne_2_2023_11_05T14_50_06.txt,True,nuagesbas,['nuagesbas'],[]
images/pyronear_valbonne_4_2023_10_24T12_03_49.jpg,labels/pyronear_valbonne_4_2023_10_24T12_03_49.txt,True,grosnuages,['grosnuages'],[]
images/pyronear_valbonne_2_2023_11_06T15_41_15.jpg,labels/pyronear_valbonne_2_2023_11_06T15_41_15.txt,True,nuagesbas,['nuagesbas'],[]
images/pyronear_valbonne_4_2023_10_01T05_48_46.jpg,labels/pyronear_valbonne_4_2023_10_01T05_48_46.txt,True,soleil,['soleil'],['batiment']
images/pyronear_marguerite_3_2023_09_18T05_17_48.jpg,labels/pyronear_marguerite_3_2023_09_18T05_17_48.txt,True,arbre,['arbre'],['brume']
images/pyronear_marguerite_1_2023_08_22T13_31_42.jpg,labels/pyronear_marguerite_1_2023_08_22T13_31_42.txt,True,soleil,['soleilrayons'],[]
images/pyronear_st_peray_1_2023_07_26T12_52_53.jpg,labels/pyronear_st_peray_1_2023_07_26T12_52_53.txt,True,grosnuages,['grosnuages'],[]
images/pyronear_cabanelle_2_2023_10_01T06_36_36.jpg,labels/pyronear_cabanelle_2_2023_10_01T06_36_36.txt,True,soleil,"['glare', 'refletslac', 'soleil', 'tacherouge']",[]
images/pyronear_courmettes_1_2023_11_04T06_33_59.jpg,labels/pyronear_courmettes_1_2023_11_04T06_33_59.txt,True,glare,['glaresoleilptrouge'],['soleilcouchant']
images/pyronear_courmettes_4_2023_10_20T16_22_55.jpg,labels/pyronear_courmettes_4_2023_10_20T16_22_55.txt,True,grosnuages,['grosnuages'],"['antenne', 'soleilcontrejour']"
images/pyronear_marguerite_1_2023_09_05T17_59_14.jpg,labels/pyronear_marguerite_1_2023_09_05T17_59_14.txt,True,soleil,['soleil'],[]
images/pyronear_marguerite_1_2023_09_16T11_39_03.jpg,labels/pyronear_marguerite_1_2023_09_16T11_39_03.txt,True,nuagesbas,['nuagesbas'],[]
images/pyronear_marguerite_4_2023_06_09T13_52_15.jpg,labels/pyronear_marguerite_4_2023_06_09T13_52_15.txt,True,tache,"['batiment', 'tache']","['brume', 'pluie']"
images/pyronear_marguerite_1_2023_09_16T16_59_09.jpg,labels/pyronear_marguerite_1_2023_09_16T16_59_09.txt,True,nuagesbas,['nuagesbas'],[]
images/pyronear_brison_4_2023_06_28T19_12_05.jpg,labels/pyronear_brison_4_2023_06_28T19_12_05.txt,True,soleil,['soleil'],[]
images/pyronear_marguerite_3_2023_09_18T08_21_57.jpg,labels/pyronear_marguerite_3_2023_09_18T08_21_57.txt,True,arbre,['arbre'],['brume']
images/pyronear_courmettes_4_2023_10_03T17_24_27.jpg,labels/pyronear_courmettes_4_2023_10_03T17_24_27.txt,True,nuagesbas,['nuagesbas'],"['antenne', 'soleilcouchant']"
images/pyronear_valbonne_4_2023_11_02T10_10_36.jpg,labels/pyronear_valbonne_4_2023_11_02T10_10_36.txt,True,nuagesbas,['nuagesbas'],[]
images/pyronear_brison_2_2023_10_30T07_49_24.jpg,labels/pyronear_brison_2_2023_10_30T07_49_24.txt,True,brume,"['batiment', 'brume']",['brume']
images/pyronear_ferion_2_2023_10_24T16_02_32.jpg,labels/pyronear_ferion_2_2023_10_24T16_02_32.txt,True,grosnuages,['grosnuages'],[]
images/pyronear_valbonne_3_2023_10_21T16_11_46.jpg,labels/pyronear_valbonne_3_2023_10_21T16_11_46.txt,True,glare,['glare'],[]
images/pyronear_valbonne_4_2023_11_02T09_54_07.jpg,labels/pyronear_valbonne_4_2023_11_02T09_54_07.txt,True,nuagesbas,['nuagesbas'],[]
images/pyronear_ferion_4_2023_11_06T15_34_37.jpg,labels/pyronear_ferion_4_2023_11_06T15_34_37.txt,True,nuagesbas,['nuagesbas'],['soleilcouchant']
images/pyronear_cabanelle_1_2023_10_13T08_44_02.jpg,labels/pyronear_cabanelle_1_2023_10_13T08_44_02.txt,True,grosnuages,['grosnuages'],[]
images/pyronear_courmettes_4_2023_11_02T09_33_37.jpg,labels/pyronear_courmettes_4_2023_11_02T09_33_37.txt,True,arbre,['arbre'],['brume']
images/pyronear_salaunes_1_2_2023_09_25T06_49_29.jpg,labels/pyronear_salaunes_1_2_2023_09_25T06_49_29.txt,True,insecte,['insecte'],[]
images/pyronear_ferion_2_2023_11_06T06_43_08.jpg,labels/pyronear_ferion_2_2023_11_06T06_43_08.txt,True,glare,"['glare', 'tache']",[]
images/pyronear_valbonne_4_2023_11_04T13_40_12.jpg,labels/pyronear_valbonne_4_2023_11_04T13_40_12.txt,True,nuagesbas,['nuagesbas'],[]
images/pyronear_marguerite_3_2023_09_18T10_27_32.jpg,labels/pyronear_marguerite_3_2023_09_18T10_27_32.txt,True,arbre,['arbre'],['brume']
images/pyronear_marguerite_3_2023_09_18T08_12_25.jpg,labels/pyronear_marguerite_3_2023_09_18T08_12_25.txt,True,arbre,['arbre'],['brume']
images/pyronear_marguerite_1_2023_08_22T16_17_17.jpg,labels/pyronear_marguerite_1_2023_08_22T16_17_17.txt,True,soleil,['soleilrayons'],[]
images/pyronear_valbonne_2_2023_11_06T15_33_15.jpg,labels/pyronear_valbonne_2_2023_11_06T15_33_15.txt,True,nuagesbas,['nuagesbas'],[]
images/pyronear_marguerite_1_2023_09_13T16_35_11.jpg,labels/pyronear_marguerite_1_2023_09_13T16_35_11.txt,True,soleil,['soleilrayons'],[]
images/pyronear_brison_3_2023_09_07T06_55_04.jpg,labels/pyronear_brison_3_2023_09_07T06_55_04.txt,True,montagne,['montagne'],[]
images/pyronear_valbonne_2_2023_11_06T15_47_15.jpg,labels/pyronear_valbonne_2_2023_11_06T15_47_15.txt,True,nuagesbas,['nuagesbas'],[]
images/pyronear_brison_2_2023_09_21T06_47_00.jpg,labels/pyronear_brison_2_2023_09_21T06_47_00.txt,True,brume,"['batiment', 'brume']",['brume']
images/pyronear_cabanelle_1_2023_10_11T15_14_59.jpg,labels/pyronear_cabanelle_1_2023_10_11T15_14_59.txt,True,brume,['brume'],[]
images/pyronear_marguerite_3_2023_09_18T07_43_28.jpg,labels/pyronear_marguerite_3_2023_09_18T07_43_28.txt,True,arbre,['arbre'],['brume']
images/pyronear_marguerite_4_2023_09_16T08_20_00.jpg,labels/pyronear_marguerite_4_2023_09_16T08_20_00.txt,True,tache,"['batiment', 'tache']","['brume', 'pluie']"
images/pyronear_brison_2_2023_09_18T08_33_46.jpg,labels/pyronear_brison_2_2023_09_18T08_33_46.txt,True,brume,"['batiment', 'brume']",['brume']
images/pyronear_brison_2_2023_10_19T08_33_36.jpg,labels/pyronear_brison_2_2023_10_19T08_33_36.txt,True,brume,"['batiment', 'brume']",['brume']
images/pyronear_salaunes_2_1_2023_10_21T06_49_45.jpg,labels/pyronear_salaunes_2_1_2023_10_21T06_49_45.txt,True,grosnuages,['grosnuagesrefletssoleil'],[]
images/pyronear_salaunes_1_1_2023_08_09T18_11_29.jpg,labels/pyronear_salaunes_1_1_2023_08_09T18_11_29.txt,True,nuagesbas,['nuagesbas'],[]
images/pyronear_brison_4_2023_08_17T07_34_53.jpg,labels/pyronear_brison_4_2023_08_17T07_34_53.txt,True,grosnuages,['grosnuages'],"['insecte', 'tache']"
images/pyronear_valbonne_2_2023_11_06T15_59_15.jpg,labels/pyronear_valbonne_2_2023_11_06T15_59_15.txt,True,nuagesbas,['nuagesbas'],[]
images/pyronear_marguerite_4_2023_06_09T13_16_44.jpg,labels/pyronear_marguerite_4_2023_06_09T13_16_44.txt,True,tache,"['batiment', 'tache']","['brume', 'pluie']"
images/pyronear_ferion_3_2023_10_20T14_00_47.jpg,labels/pyronear_ferion_3_2023_10_20T14_00_47.txt,True,brume,['brume'],[]
images/pyronear_marguerite_1_2023_09_18T16_09_05.jpg,labels/pyronear_marguerite_1_2023_09_18T16_09_05.txt,True,glare,['glare'],[]
images/pyronear_courmettes_1_2023_11_07T12_49_43.jpg,labels/pyronear_courmettes_1_2023_11_07T12_49_43.txt,True,nuagesbas,['nuagesbas'],[]
images/pyronear_ferion_1_2023_10_20T13_24_17.jpg,labels/pyronear_ferion_1_2023_10_20T13_24_17.txt,True,arbre,['arbre'],['brume']
images/pyronear_marguerite_2_2023_09_24T17_40_43.jpg,labels/pyronear_marguerite_2_2023_09_24T17_40_43.txt,True,nuagesbas,['nuagesfiligranes'],[]
images/pyronear_valbonne_2_2023_11_06T15_03_14.jpg,labels/pyronear_valbonne_2_2023_11_06T15_03_14.txt,True,nuagesbas,['nuagesbas'],[]
images/pyronear_brison_2_2023_10_30T07_51_54.jpg,labels/pyronear_brison_2_2023_10_30T07_51_54.txt,True,brume,"['batiment', 'brume']",['brume']
images/pyronear_salaunes_2_1_2023_11_05T10_48_22.jpg,labels/pyronear_salaunes_2_1_2023_11_05T10_48_22.txt,True,grosnuages,['grosnuagesrefletssoleil'],[]
images/pyronear_valbonne_4_2023_11_02T08_47_03.jpg,labels/pyronear_valbonne_4_2023_11_02T08_47_03.txt,True,nuagesbas,['nuagesbas'],[]
images/pyronear_cabanelle_1_2023_10_13T09_12_03.jpg,labels/pyronear_cabanelle_1_2023_10_13T09_12_03.txt,True,grosnuages,['grosnuages'],[]
images/pyronear_brison_4_2023_08_17T10_02_53.jpg,labels/pyronear_brison_4_2023_08_17T10_02_53.txt,True,grosnuages,['grosnuages'],"['insecte', 'tache']"
images/pyronear_brison_2_2023_09_18T08_36_16.jpg,labels/pyronear_brison_2_2023_09_18T08_36_16.txt,True,brume,"['batiment', 'brume']",['brume']
images/pyronear_st_peray_1_2023_07_21T08_42_59.jpg,labels/pyronear_st_peray_1_2023_07_21T08_42_59.txt,True,grosnuages,['grosnuages'],[]
images/pyronear_brison_3_2023_09_07T06_30_00.jpg,labels/pyronear_brison_3_2023_09_07T06_30_00.txt,True,montagne,['montagne'],[]
images/pyronear_brison_2_2023_10_30T09_15_28.jpg,labels/pyronear_brison_2_2023_10_30T09_15_28.txt,True,brume,"['batiment', 'brume']",['brume']
images/pyronear_marguerite_1_2023_09_15T16_11_09.jpg,labels/pyronear_marguerite_1_2023_09_15T16_11_09.txt,True,glare,['glare'],[]
images/pyronear_brison_2_2023_08_27T09_06_05.jpg,labels/pyronear_brison_2_2023_08_27T09_06_05.txt,True,grosnuages,['grosnuages'],['batiment']
images/pyronear_marguerite_1_2023_08_22T16_43_48.jpg,labels/pyronear_marguerite_1_2023_08_22T16_43_48.txt,True,soleil,['soleilrayons'],[]
images/pyronear_courmettes_4_2023_11_02T09_06_08.jpg,labels/pyronear_courmettes_4_2023_11_02T09_06_08.txt,True,arbre,['arbre'],['brume']
images/pyronear_brison_3_2023_09_30T15_32_51.jpg,labels/pyronear_brison_3_2023_09_30T15_32_51.txt,True,montagne,['montagne'],[]
images/pyronear_cabanelle_1_2023_10_11T06_59_00.jpg,labels/pyronear_cabanelle_1_2023_10_11T06_59_00.txt,True,brume,['brume'],[]
images/pyronear_cabanelle_1_2023_10_13T08_37_32.jpg,labels/pyronear_cabanelle_1_2023_10_13T08_37_32.txt,True,grosnuages,['grosnuages'],[]
images/pyronear_brison_2_2023_10_30T07_40_54.jpg,labels/pyronear_brison_2_2023_10_30T07_40_54.txt,True,brume,"['batiment', 'brume']",['brume']
images/pyronear_marguerite_2_2023_08_15T18_38_20.jpg,labels/pyronear_marguerite_2_2023_08_15T18_38_20.txt,True,nuagesbas,['nuagesbas'],['soleilcouchant']
images/pyronear_marguerite_1_2023_07_30T16_16_01.jpg,labels/pyronear_marguerite_1_2023_07_30T16_16_01.txt,True,soleil,['soleilrayons'],[]
images/pyronear_brison_2_2023_10_29T06_16_35.jpg,labels/pyronear_brison_2_2023_10_29T06_16_35.txt,True,brume,"['batiment', 'brume']",['brume']
images/pyronear_cabanelle_1_2023_10_13T09_11_33.jpg,labels/pyronear_cabanelle_1_2023_10_13T09_11_33.txt,True,grosnuages,['grosnuages'],[]
images/pyronear_ferion_2_2023_10_29T15_35_38.jpg,labels/pyronear_ferion_2_2023_10_29T15_35_38.txt,True,grosnuages,['grosnuages'],[]
images/pyronear_ferion_2_2023_10_27T06_56_59.jpg,labels/pyronear_ferion_2_2023_10_27T06_56_59.txt,True,glare,"['glare', 'tache']",[]
images/pyronear_marguerite_3_2023_09_18T05_38_45.jpg,labels/pyronear_marguerite_3_2023_09_18T05_38_45.txt,True,arbre,['arbre'],['brume']
images/pyronear_ferion_2_2023_11_06T06_43_07.jpg,labels/pyronear_ferion_2_2023_11_06T06_43_07.txt,True,glare,"['glare', 'tache']",[]
images/pyronear_courmettes_1_2023_09_29T05_56_44.jpg,labels/pyronear_courmettes_1_2023_09_29T05_56_44.txt,True,glare,"['glaretacherouge', 'soleilrefletslac']",[]
images/pyronear_marguerite_4_2023_10_29T13_21_46.jpg,labels/pyronear_marguerite_4_2023_10_29T13_21_46.txt,True,batiment,['batiment'],"['brume', 'pluie']"
images/pyronear_brison_1_2023_06_13T05_56_37.jpg,labels/pyronear_brison_1_2023_06_13T05_56_37.txt,True,grosnuages,['grosnuages'],[]
images/pyronear_ferion_2_2023_10_17T14_35_36.jpg,labels/pyronear_ferion_2_2023_10_17T14_35_36.txt,True,nuagesbas,['nuagesbas'],['brume']
images/pyronear_marguerite_1_2023_08_22T15_50_46.jpg,labels/pyronear_marguerite_1_2023_08_22T15_50_46.txt,True,soleil,['soleilrayons'],[]
images/pyronear_marguerite_1_2023_09_14T05_48_44.jpg,labels/pyronear_marguerite_1_2023_09_14T05_48_44.txt,True,grosnuages,['grosnuages'],[]
images/pyronear_cabanelle_2_2023_09_30T06_02_42.jpg,labels/pyronear_cabanelle_2_2023_09_30T06_02_42.txt,True,soleil,"['glare', 'refletslac', 'soleil', 'tacherouge']",[]
images/pyronear_marguerite_4_2023_11_01T10_45_58.jpg,labels/pyronear_marguerite_4_2023_11_01T10_45_58.txt,True,batiment,['batiment'],"['brume', 'pluie']"
images/pyronear_brison_3_2023_08_29T05_50_49.jpg,labels/pyronear_brison_3_2023_08_29T05_50_49.txt,True,montagne,['montagne'],[]
images/pyronear_courmettes_4_2023_10_20T16_16_25.jpg,labels/pyronear_courmettes_4_2023_10_20T16_16_25.txt,True,grosnuages,['grosnuages'],"['antenne', 'soleilcontrejour']"
images/pyronear_brison_3_2023_06_14T07_45_48.jpg,labels/pyronear_brison_3_2023_06_14T07_45_48.txt,True,grosnuages,['grosnuages'],['brume']
images/pyronear_brison_2_2023_10_30T08_06_24.jpg,labels/pyronear_brison_2_2023_10_30T08_06_24.txt,True,brume,"['batiment', 'brume']",['brume']
images/pyronear_brison_2_2023_10_19T08_27_05.jpg,labels/pyronear_brison_2_2023_10_19T08_27_05.txt,True,brume,"['batiment', 'brume']",['brume']
images/pyronear_marguerite_1_2023_09_09T16_11_08.jpg,labels/pyronear_marguerite_1_2023_09_09T16_11_08.txt,True,glare,['glare'],[]
images/pyronear_valbonne_2_2023_11_05T15_20_06.jpg,labels/pyronear_valbonne_2_2023_11_05T15_20_06.txt,True,nuagesbas,['nuagesbas'],[]
images/pyronear_salaunes_2_1_2023_08_27T09_19_37.jpg,labels/pyronear_salaunes_2_1_2023_08_27T09_19_37.txt,True,grosnuages,['grosnuages'],[]
images/pyronear_ferion_2_2023_10_28T15_05_04.jpg,labels/pyronear_ferion_2_2023_10_28T15_05_04.txt,True,grosnuages,['grosnuages'],[]
images/pyronear_marguerite_3_2023_06_09T09_03_02.jpg,labels/pyronear_marguerite_3_2023_06_09T09_03_02.txt,True,arbre,['arbre'],['brume']
images/pyronear_courmettes_1_2023_09_27T05_55_03.jpg,labels/pyronear_courmettes_1_2023_09_27T05_55_03.txt,True,glare,['glare'],[]
images/pyronear_ferion_3_2023_10_20T13_24_46.jpg,labels/pyronear_ferion_3_2023_10_20T13_24_46.txt,True,brume,['brume'],[]
images/pyronear_ferion_2_2023_10_28T15_11_36.jpg,labels/pyronear_ferion_2_2023_10_28T15_11_36.txt,True,grosnuages,['grosnuages'],[]
images/pyronear_ferion_2_2023_10_28T07_01_41.jpg,labels/pyronear_ferion_2_2023_10_28T07_01_41.txt,True,glare,"['glare', 'tache']",[]
images/pyronear_cabanelle_1_2023_10_13T08_39_02.jpg,labels/pyronear_cabanelle_1_2023_10_13T08_39_02.txt,True,grosnuages,['grosnuages'],[]
images/pyronear_brison_2_2023_09_21T06_49_51.jpg,labels/pyronear_brison_2_2023_09_21T06_49_51.txt,True,brume,"['batiment', 'brume']",['brume']
images/pyronear_marguerite_3_2023_09_18T09_24_33.jpg,labels/pyronear_marguerite_3_2023_09_18T09_24_33.txt,True,arbre,['arbre'],['brume']
images/pyronear_salaunes_1_1_2023_11_03T15_26_13.jpg,labels/pyronear_salaunes_1_1_2023_11_03T15_26_13.txt,True,grosnuages,['grosnuages'],[]
images/pyronear_valbonne_2_2023_11_06T15_25_16.jpg,labels/pyronear_valbonne_2_2023_11_06T15_25_16.txt,True,nuagesbas,['nuagesbas'],[]
images/pyronear_marguerite_1_2023_09_15T17_14_08.jpg,labels/pyronear_marguerite_1_2023_09_15T17_14_08.txt,True,soleil,['soleilrayons'],[]
images/pyronear_brison_1_2023_09_13T06_40_53.jpg,labels/pyronear_brison_1_2023_09_13T06_40_53.txt,True,nuagesbas,['nuagesbas'],[]
images/pyronear_brison_4_2023_08_17T08_00_51.jpg,labels/pyronear_brison_4_2023_08_17T08_00_51.txt,True,grosnuages,['grosnuages'],"['insecte', 'tache']"
images/pyronear_salaunes_1_1_2023_08_09T18_13_29.jpg,labels/pyronear_salaunes_1_1_2023_08_09T18_13_29.txt,True,nuagesbas,['nuagesbas'],[]
images/pyronear_brison_2_2023_09_21T09_56_27.jpg,labels/pyronear_brison_2_2023_09_21T09_56_27.txt,True,brume,"['batiment', 'brume']",['brume']
images/pyronear_marguerite_4_2023_06_09T13_22_14.jpg,labels/pyronear_marguerite_4_2023_06_09T13_22_14.txt,True,tache,"['batiment', 'tache']","['brume', 'pluie']"
images/pyronear_valbonne_4_2023_10_18T10_41_17.jpg,labels/pyronear_valbonne_4_2023_10_18T10_41_17.txt,True,nuagesbas,['nuagesbas'],[]
images/pyronear_brison_2_2023_09_22T08_40_27.jpg,labels/pyronear_brison_2_2023_09_22T08_40_27.txt,True,nuagesbas,['nuagesbas'],['batiment']
images/pyronear_brison_1_2023_06_13T05_56_24.jpg,labels/pyronear_brison_1_2023_06_13T05_56_24.txt,True,grosnuages,['grosnuages'],[]
images/pyronear_courmettes_4_2023_10_03T17_13_25.jpg,labels/pyronear_courmettes_4_2023_10_03T17_13_25.txt,True,nuagesbas,['nuagesbas'],"['antenne', 'soleilcouchant']"
images/pyronear_courmettes_1_2023_09_29T06_15_44.jpg,labels/pyronear_courmettes_1_2023_09_29T06_15_44.txt,True,glare,"['glaretacherouge', 'soleilrefletslac']",[]
images/pyronear_cabanelle_1_2023_10_10T16_03_26.jpg,labels/pyronear_cabanelle_1_2023_10_10T16_03_26.txt,True,brume,['brume'],[]
images/pyronear_brison_2_2023_11_01T11_19_02.jpg,labels/pyronear_brison_2_2023_11_01T11_19_02.txt,True,brume,"['batiment', 'brume']",['brume']
images/pyronear_courmettes_4_2023_11_02T11_04_42.jpg,labels/pyronear_courmettes_4_2023_11_02T11_04_42.txt,True,arbre,['arbre'],['brume']
images/pyronear_salaunes_1_1_2023_11_03T15_33_35.jpg,labels/pyronear_salaunes_1_1_2023_11_03T15_33_35.txt,True,grosnuages,['grosnuages'],[]
images/pyronear_brison_2_2023_08_27T09_17_05.jpg,labels/pyronear_brison_2_2023_08_27T09_17_05.txt,True,grosnuages,['grosnuages'],['batiment']
images/pyronear_brison_4_2023_08_17T09_54_22.jpg,labels/pyronear_brison_4_2023_08_17T09_54_22.txt,True,grosnuages,['grosnuages'],"['insecte', 'tache']"
images/pyronear_courmettes_1_2023_09_27T06_26_04.jpg,labels/pyronear_courmettes_1_2023_09_27T06_26_04.txt,True,soleil,"['glare', 'refletslac', 'soleil', 'tacherouge']",[]
images/pyronear_marguerite_2_2023_09_10T18_28_51.jpg,labels/pyronear_marguerite_2_2023_09_10T18_28_51.txt,True,nuagesbas,['nuagesbas'],['soleilcouchant']
images/pyronear_courmettes_1_2023_11_07T13_54_46.jpg,labels/pyronear_courmettes_1_2023_11_07T13_54_46.txt,True,nuagesbas,['nuagesbas'],[]
images/pyronear_brison_2_2023_09_22T08_51_20.jpg,labels/pyronear_brison_2_2023_09_22T08_51_20.txt,True,nuagesbas,['nuagesbas'],['batiment']
images/pyronear_marguerite_3_2023_09_18T09_17_28.jpg,labels/pyronear_marguerite_3_2023_09_18T09_17_28.txt,True,arbre,['arbre'],['brume']
images/pyronear_marguerite_1_2023_08_11T15_32_43.jpg,labels/pyronear_marguerite_1_2023_08_11T15_32_43.txt,True,soleil,['soleilrayons'],[]
images/pyronear_brison_1_2023_06_29T04_20_51.jpg,labels/pyronear_brison_1_2023_06_29T04_20_51.txt,True,soleil,['soleil'],[]
images/pyronear_st_peray_1_2023_07_24T05_10_47.jpg,labels/pyronear_st_peray_1_2023_07_24T05_10_47.txt,True,grosnuages,['grosnuages'],[]
images/pyronear_salaunes_2_1_2023_08_28T18_29_29.jpg,labels/pyronear_salaunes_2_1_2023_08_28T18_29_29.txt,True,grosnuages,['grosnuagesrefletssoleil'],[]
images/pyronear_valbonne_4_2023_10_30T15_35_00.jpg,labels/pyronear_valbonne_4_2023_10_30T15_35_00.txt,True,nuagesbas,['nuagesbas'],[]
images/pyronear_valbonne_4_2023_11_02T08_56_06.jpg,labels/pyronear_valbonne_4_2023_11_02T08_56_06.txt,True,nuagesbas,['nuagesbas'],[]
images/pyronear_ferion_2_2023_10_17T14_34_06.jpg,labels/pyronear_ferion_2_2023_10_17T14_34_06.txt,True,nuagesbas,['nuagesbas'],['brume']
images/pyronear_cabanelle_1_2023_10_11T14_59_29.jpg,labels/pyronear_cabanelle_1_2023_10_11T14_59_29.txt,True,brume,['brume'],[]
